PeakID (cmd=annotatePeaks.pl shared_777_mESC_peaks_EGFP_clone2_3_over_21_3163_mm10_vM25.bed mm10),Chr,Start,End,Strand,Peak Score,Focus Ratio/Region Size,Annotation,Detailed Annotation,Distance to TSS,Nearest PromoterID,Entrez ID,Nearest Unigene,Nearest Refseq,Nearest Ensembl,Gene Name,Gene Alias,Gene Description,Gene Type
326,chr11,21091301,21091616,+,0,NA,"5' UTR (NM_023324, exon 1 of 7)","5' UTR (NM_023324, exon 1 of 7)",134,NM_023324,67245,,NM_023324,ENSMUSG00000020134,Peli1,2810468L03Rik|A930031K15Rik|D11Ertd676e,pellino 1,protein-coding
1282,chr17,75551375,75551695,+,0,NA,"intron (NM_001357860, intron 1 of 6)",CpG,411,NM_001357860,72722,,NM_133747,ENSMUSG00000002017,Fam98a,2810405J04Rik,"family with sequence similarity 98, member A",protein-coding
2324,chr6,39117684,39119019,+,0,NA,promoter-TSS (NR_045813),promoter-TSS (NR_045813),-2,NM_172893,243771,,NM_172893,ENSMUSG00000038507,Parp12,9930021O16|ARTD12|PARP-12|Zc3hdc1,"poly (ADP-ribose) polymerase family, member 12",protein-coding
2494,chr7,27490854,27491197,+,0,NA,TTS (NM_018820),TTS (NM_018820),4072,NM_018820,55942,,NM_018820,ENSMUSG00000008384,Sertad1,1110032C13Rik|Sei-1|Sei1|TRIP-Br1,SERTA domain containing 1,protein-coding
2931,chr9,50775650,50775997,+,0,NA,"intron (NM_133981, intron 1 of 14)",CpG,598,NM_133981,102580,,NM_133981,ENSMUSG00000032059,Alg9,8230402H15Rik|B430313H07Rik|Dibd1,"ALG9 alpha-1,2-mannosyltransferase",protein-coding
1672,chr2,148395405,148395644,+,0,NA,"exon (NM_009219, exon 1 of 1)","exon (NM_009219, exon 1 of 1)",147,NM_009219,20608,,NM_009219,ENSMUSG00000037014,Sstr4,Smstr4|sst4,somatostatin receptor 4,protein-coding
438,chr11,82870411,82871049,+,0,NA,promoter-TSS (NM_001164570),promoter-TSS (NM_001164570),14,NM_001164570,67338,,NM_026097,ENSMUSG00000020696,Rffl,1700051E09Rik|4930516L10Rik|Carp2,ring finger and FYVE like domain containing protein,protein-coding
238,chr10,63429487,63430294,+,0,NA,promoter-TSS (NM_177612),promoter-TSS (NM_177612),-208,NM_177612,216033,,NM_177612,ENSMUSG00000060843,Ctnna3,4930429L08Rik|4933408A16|Catna3|Vr22,catenin alpha 3,protein-coding
2521,chr7,44351790,44353530,+,0,NA,"exon (NM_001034115, exon 24 of 25)","exon (NM_001034115, exon 24 of 25)",22370,NM_027049,69349,,NM_027049,ENSMUSG00000008028,1700008O03Rik,-,RIKEN cDNA 1700008O03 gene,protein-coding
1262,chr17,56507436,56507704,+,0,NA,Intergenic,Intergenic,4913,NM_011483,20834,,NM_011483,ENSMUSG00000044526,Znrf4,1700094M01Rik|Ssrzf1|spzn,zinc and ring finger 4,protein-coding
1902,chr3,152486033,152486763,+,0,NA,"non-coding (NR_165813, exon 1 of 1)","non-coding (NR_165813, exon 1 of 1)",3169,NR_165813,73187,,NR_165813,,3110067G11Rik,-,RIKEN cDNA 3110067G11 gene,ncRNA
739,chr13,48968420,48968717,+,0,NA,promoter-TSS (NM_001033268),promoter-TSS (NM_001033268),456,NR_015601,68128,,NR_015601,ENSMUSG00000120113,Fam120aos,C030044B11Rik,"family with sequence similarity 120A, opposite strand",ncRNA
122,chr1,119421914,119422493,+,0,NA,promoter-TSS (NM_008381),promoter-TSS (NM_008381),45,NM_008381,16324,,NM_008381,ENSMUSG00000037035,Inhbb,-,inhibin beta-B,protein-coding
2182,chr5,64802616,64803074,+,0,NA,promoter-TSS (NM_008453),promoter-TSS (NM_008453),-676,NM_008453,16599,,NM_008453,ENSMUSG00000029178,Klf3,9930027G08Rik|Bklf|Tef-2,Kruppel-like transcription factor 3 (basic),protein-coding
2823,chr8,123562447,123563188,+,0,NA,Intergenic,Intergenic,-1811,NR_046127,100861480,,NR_046127,ENSMUSG00000119748,Gm25018,Rn5s10,"predicted gene, 25018",rRNA
1264,chr17,56751030,56752541,+,0,NA,"exon (NM_008738, exon 3 of 3)","exon (NM_008738, exon 3 of 3)",5763,NM_008738,18188,,NM_008738,ENSMUSG00000039481,Nrtn,NTN,neurturin,protein-coding
567,chr12,11149661,11149970,+,0,NA,"intron (NM_001168564, intron 1 of 2)","intron (NM_001168564, intron 1 of 2)",558,NM_173417,238076,,NM_173417,ENSMUSG00000043673,Kcns3,-,"potassium voltage-gated channel, delayed-rectifier, subfamily S, member 3",protein-coding
47,chr1,30042528,30042949,+,0,NA,Intergenic,L1Md_A|LINE|L1,96098,NR_157038,102633704,,NR_157037,,Gm31465,-,"predicted gene, 31465",ncRNA
356,chr11,53891287,53891587,+,0,NA,"exon (NM_011396, exon 1 of 10)","exon (NM_011396, exon 1 of 10)",266,NM_001362712,20520,,NM_011396,ENSMUSG00000018900,Slc22a5,Lstpl|Octn2|jvs,"solute carrier family 22 (organic cation transporter), member 5",protein-coding
119,chr1,118096998,118097325,+,0,NA,Intergenic,L1Md_T|LINE|L1,213567,NR_153836,22099,,NM_011650,ENSMUSG00000026374,Tsn,2610034C24Rik|C3PO|TB-RBP,translin,protein-coding
675,chr12,110012842,110013219,+,0,NA,Intergenic,Intergenic,145043,NR_045466,67280,,NR_045466,ENSMUSG00000113331,3110009F21Rik,-,RIKEN cDNA 3110009F21 gene,ncRNA
191,chr1,191821379,191822082,+,0,NA,"exon (NM_010892, exon 1 of 8)","exon (NM_010892, exon 1 of 8)",257,NM_010892,18005,,NM_010892,ENSMUSG00000026622,Nek2,-,NIMA (never in mitosis gene a)-related expressed kinase 2,protein-coding
1633,chr2,119337679,119338100,+,0,NA,Intergenic,CpG,-11692,NR_030683,100043609,,NR_030683,ENSMUSG00000074912,Gm14207,Dll4,predicted gene 14207,ncRNA
2563,chr7,79515393,79515775,+,0,NA,"non-coding (NR_040312, exon 1 of 4)","non-coding (NR_040312, exon 1 of 4)",149,NR_040312,101694,,NR_040311,ENSMUSG00000097023,Mir9-3hg,BS-DRL1,Mir9-3 host gene,ncRNA
2508,chr7,30589152,30589599,+,0,NA,promoter-TSS (NM_001290573),promoter-TSS (NM_001290573),-5,NR_106134,102465774,,NR_106134,ENSMUSG00000098553,Mir3569,Gm27279|mmu-mir-3569,microRNA 3569,ncRNA
2741,chr8,83715167,83715569,+,0,NA,promoter-TSS (NM_001363116),promoter-TSS (NM_001363116),191,NM_197982,68278,,NM_197982,ENSMUSG00000005481,Ddx39a,2610307C23Rik|BAT1|DDXL|Ddx39|URH49,DEAD box helicase 39a,protein-coding
382,chr11,68783037,68783186,+,0,NA,"exon (NM_175260, exon 16 of 41)","exon (NM_175260, exon 16 of 41)",70024,NM_001363305,83431,,NM_023668,ENSMUSG00000018736,Ndel1,2600006O07Rik|MITAP1|NUDEL|mNudE-L|mNudel,nudE neurodevelopment protein 1 like 1,protein-coding
1553,chr2,52675983,52676115,+,0,NA,promoter-TSS (NM_001285426),promoter-TSS (NM_001285426),94,NM_001285426,12298,,NM_146123,ENSMUSG00000017412,Cacnb4,3110038O15Rik|Cchb4|lh,"calcium channel, voltage-dependent, beta 4 subunit",protein-coding
1316,chr18,14683122,14683338,+,0,NA,promoter-TSS (NM_009280),promoter-TSS (NM_009280),-316,NM_001161370,268996,,NM_009280,ENSMUSG00000037013,Ss18,D130059H17|Ssxt|Syt,"SS18, subunit of BAF chromatin remodeling complex",protein-coding
663,chr12,102948806,102949142,+,0,NA,"5' UTR (NM_001081017, exon 1 of 49)","5' UTR (NM_001081017, exon 1 of 49)",115,NM_001081017,217843,,NM_177621,ENSMUSG00000021198,Unc79,9030205A07Rik|Mlca3,unc-79 homolog,protein-coding
1226,chr17,34264574,34265069,+,0,NA,"exon (NM_207105, exon 2 of 6)","exon (NM_207105, exon 2 of 6)",1594,NM_207105,14961,,NM_207105,ENSMUSG00000073421,H2-Ab1,Abeta|H-2Ab|H2-Ab|I-Abeta|IAb|Ia-2|Ia2|Rmcs1,"histocompatibility 2, class II antigen A, beta 1",protein-coding
1129,chr16,59471636,59472220,+,0,NA,"5' UTR (NM_025910, exon 1 of 10)","5' UTR (NM_025910, exon 1 of 10)",153,NM_025910,67014,,NM_025910,ENSMUSG00000022724,Riox2,1810047J07Rik|2410057H13Rik|3830408E23Rik|Mina,ribosomal oxygenase 2,protein-coding
2016,chr4,116017349,116018091,+,0,NA,"non-coding (NR_151700, exon 1 of 15)","non-coding (NR_151700, exon 1 of 15)",204,NR_151700,14073,,NM_010173,ENSMUSG00000034171,Faah,-,fatty acid amide hydrolase,protein-coding
324,chr11,20331946,20333215,+,0,NA,"5' UTR (NM_018861, exon 1 of 8)","5' UTR (NM_018861, exon 1 of 8)",133,NM_018861,55963,,NM_018861,ENSMUSG00000020142,Slc1a4,ASCT-1|ASCT1|SATT,"solute carrier family 1 (glutamate/neutral amino acid transporter), member 4",protein-coding
340,chr11,43775867,43776641,+,0,NA,"exon (NM_001284381, exon 5 of 5)","exon (NM_001284381, exon 5 of 5)",-28246,NM_133795,66827,,NM_133795,ENSMUSG00000041278,Ttc1,4833412C19Rik|TPR1,tetratricopeptide repeat domain 1,protein-coding
1036,chr15,89314632,89315231,+,0,NA,"intron (NM_001170561, intron 1 of 40)",CpG,380,NM_001170561,77980,,NM_030019,ENSMUSG00000036529,Sbf1,2610510A08Rik|B230113C15Rik|Mtmr5|mKIAA3020,SET binding factor 1,protein-coding
2946,chr9,55545499,55545828,+,0,NA,"3' UTR (NM_027397, exon 6 of 6)","3' UTR (NM_027397, exon 6 of 6)",4514,NM_027397,104360,,NM_027397,ENSMUSG00000032318,Isl2,3110001N10Rik,insulin related protein 2 (islet 2),protein-coding
3016,chr9,103761078,103762257,+,0,NA,"intron (NM_178638, intron 1 of 5)",CpG,170,NM_178638,81907,,NM_178638,ENSMUSG00000042757,Tmem108,B130017P16Rik,transmembrane protein 108,protein-coding
2254,chr5,127875486,127875635,+,0,NA,"intron (NM_172885, intron 4 of 8)",L1Md_F|LINE|L1,243298,NM_177005,319804,,NM_177005,ENSMUSG00000049971,Glt1d1,5730455A04Rik,glycosyltransferase 1 domain containing 1,protein-coding
2966,chr9,65435745,65436255,+,0,NA,"exon (NM_027134, exon 1 of 9)","exon (NM_027134, exon 1 of 9)",218,NM_027134,69606,,NM_027134,ENSMUSG00000059183,Mtfmt,2310020P08Rik,mitochondrial methionyl-tRNA formyltransferase,protein-coding
518,chr11,105180828,105181323,+,0,NA,promoter-TSS (NM_001361996),promoter-TSS (NM_001361996),358,NR_027956,73431,,NM_028539,,1700052K11Rik,-,RIKEN cDNA 1700052K11 gene,ncRNA
414,chr11,73019097,73019418,+,0,NA,promoter-TSS (NR_152202),promoter-TSS (NR_152202),269,NR_156179,55984,,NM_018883,ENSMUSG00000020785,Camkk1,CaMKKalpha|Camkk|caM-KK 1|caM-KK alpha|caMKK 1|caMKK alpha,"calcium/calmodulin-dependent protein kinase kinase 1, alpha",protein-coding
2915,chr9,40877547,40878381,+,0,NA,TTS (NM_178245),TTS (NM_178245),3837,NM_178245,244813,,NM_178245,ENSMUSG00000054360,Bsx,Bsx1a|Bsx1b,brain specific homeobox,protein-coding
1871,chr3,125938049,125939168,+,0,NA,promoter-TSS (NM_011674),promoter-TSS (NM_011674),44,NM_011674,22239,,NM_011674,ENSMUSG00000032854,Ugt8a,Cgt|Ugt8|mCerGT,UDP galactosyltransferase 8A,protein-coding
2566,chr7,79811017,79811720,+,0,NA,"exon (NM_008589, exon 1 of 2)","exon (NM_008589, exon 1 of 2)",641,NM_008589,17293,,NM_008589,ENSMUSG00000030543,Mesp2,bHLHc6,mesoderm posterior 2,protein-coding
1566,chr2,65237967,65239169,+,0,NA,"5' UTR (NM_177025, exon 1 of 14)","5' UTR (NM_177025, exon 1 of 14)",223,NM_027225,319876,,NM_027225,ENSMUSG00000034903,Cobll1,1810047P18Rik|Coblr1|D430044D16Rik,Cobl-like 1,protein-coding
517,chr11,104608115,104608365,+,0,NA,"intron (NM_016780, intron 1 of 14)",CpG,240,NM_016780,16416,,NM_016780,ENSMUSG00000020689,Itgb3,CD61|GP3A|INGRB3,integrin beta 3,protein-coding
2578,chr7,82335331,82336339,+,0,NA,"5' UTR (NM_001190374, exon 1 of 30)","5' UTR (NM_001190374, exon 1 of 30)",141,NM_001190374,269959,,NM_001190374,ENSMUSG00000070469,Adamtsl3,9230119C12Rik|C130057K09|mKIAA1233,ADAMTS-like 3,protein-coding
533,chr11,115413524,115413805,+,0,NA,TTS (NM_001347645),TTS (NM_001347645),6255,NM_027862,71679,,NM_027862,ENSMUSG00000034566,Atp5pd,0610009D10Rik|Atp5h,ATP synthase peripheral stalk subunit d,protein-coding
2756,chr8,88696985,88697819,+,0,NA,"intron (NM_173369, intron 1 of 16)",CpG,374,NM_001128170,74256,,NM_173369,ENSMUSG00000036712,Cyld,2010013M14Rik|2900009M21Rik|C130039D01Rik|CDMT|CYLD1|EAC|mKIAA0849,CYLD lysine 63 deubiquitinase,protein-coding
750,chr13,54503792,54504413,+,0,NA,"non-coding (NR_168901, exon 1 of 3)","non-coding (NR_168901, exon 1 of 3)",212,NR_168901,115486438,,NR_168901,,Gm53205,-,"predicted gene, 53205",ncRNA
131,chr1,131244735,131245179,+,0,NA,"exon (NM_001313731, exon 1 of 6)","exon (NM_001313731, exon 1 of 6)",221,NM_001313731,54354,,NM_018750,ENSMUSG00000026430,Rassf5,1300019G20Rik|Maxp1|Nore1|Nore1A|Nore1B|Rapl,Ras association (RalGDS/AF-6) domain family member 5,protein-coding
1628,chr2,118676975,118677798,+,0,NA,"intron (NM_001145854, intron 1 of 9)",CpG,140,NM_001145854,214230,,NM_001033254,ENSMUSG00000074923,Pak6,4732456M09,p21 (RAC1) activated kinase 6,protein-coding
1457,chr19,43440537,43440745,+,0,NA,"exon (NM_031396, exon 1 of 11)","exon (NM_031396, exon 1 of 11)",228,NM_001373992,83674,,NM_031396,ENSMUSG00000025189,Cnnm1,Acdp1|CLP-1,cyclin M1,protein-coding
1793,chr3,69316587,69317553,+,0,NA,"5' UTR (NM_178726, exon 1 of 4)","5' UTR (NM_178726, exon 1 of 4)",152,NM_178726,242083,,NM_178726,ENSMUSG00000027784,Ppm1l,3222401G13|5930404J21Rik|PP2C|PP2Cepsilon|Pp2ce|Ppp2ce|mKIAA4175,protein phosphatase 1 (formerly 2C)-like,protein-coding
1630,chr2,118746063,118746562,+,0,NA,"exon (NM_001301269, exon 1 of 1)","exon (NM_001301269, exon 1 of 1)",554,NM_001301269,100043272,,NM_001301269,ENSMUSG00000074918,Inafm2,5430417L22Rik,InaF motif containing 2,protein-coding
1166,chr17,3012917,3013295,+,0,NA,Intergenic,Intergenic,71077,NR_003519,328734,,NR_003519,,Pisd-ps2,D030013I16Rik,"phosphatidylserine decarboxylase, pseudogene 2",pseudo
1618,chr2,105660904,105661371,+,0,NA,"non-coding (NR_117095, exon 1 of 1)","non-coding (NR_117095, exon 1 of 1)",206,NR_117095,103164605,,NR_117095,ENSMUSG00000102424,Paupar,-,Pax6 upstream antisense RNA,ncRNA
470,chr11,97114541,97115537,+,0,NA,"exon (NM_019507, exon 1 of 6)","exon (NM_019507, exon 1 of 6)",292,NM_019507,57765,,NM_019507,ENSMUSG00000001444,Tbx21,TBT1|Tbet|Tblym,T-box 21,protein-coding
2376,chr6,87811112,87811884,+,0,NA,"exon (NM_001039394, exon 1 of 3)","exon (NM_001039394, exon 1 of 3)",281,NM_001039394,69834,,NM_133717,ENSMUSG00000030055,Rab43,1810048P08Rik|2500004H21Rik,"RAB43, member RAS oncogene family",protein-coding
735,chr13,45389748,45390124,+,0,NA,"5' UTR (NM_153789, exon 1 of 7)","5' UTR (NM_153789, exon 1 of 7)",194,NM_153789,218203,,NM_153789,ENSMUSG00000038175,Mylip,9430057C20Rik|Mir,myosin regulatory light chain interacting protein,protein-coding
892,chr14,54632174,54632618,+,0,NA,"exon (NM_199470, exon 12 of 12)","exon (NM_199470, exon 12 of 12)",7086,NM_175204,73902,,NM_175204,ENSMUSG00000072423,Psmb11,5830406J20Rik|beta5t,"proteasome (prosome, macropain) subunit, beta type, 11",protein-coding
406,chr11,72207102,72207512,+,0,NA,promoter-TSS (NM_026559),promoter-TSS (NM_026559),175,NM_001361564,74477,,NM_028963,ENSMUSG00000020807,4933427D14Rik,Gm43951|Kiaa0753|MNR,RIKEN cDNA 4933427D14 gene,protein-coding
1995,chr4,101496554,101496923,+,0,NA,promoter-TSS (NM_001355179),promoter-TSS (NM_001355179),90,NM_001355179,72685,,NM_198412,ENSMUSG00000028528,Dnajc6,2810027M23Rik|mKIAA0473,DnaJ heat shock protein family (Hsp40) member C6,protein-coding
2505,chr7,30231370,30233460,+,0,NA,promoter-TSS (NM_025548),promoter-TSS (NM_025548),-218,NM_001360649,66411,,NM_025548,ENSMUSG00000006095,Tbcb,2410007D12Rik|CG22|CKAPI|Ckap1,tubulin folding cofactor B,protein-coding
2856,chr8,123620067,123620837,+,0,NA,Intergenic,Intergenic,-33477,NM_133955,69581,,NM_133955,ENSMUSG00000039960,Rhou,2310026M05Rik|Arhu|CDC42L1|G28K|WRCH-1|WRCH1|mG28K,ras homolog family member U,protein-coding
18,JH584304.1,89148,93469,+,0,NA,NA,NA,NA,NA,,,,,,,,
2230,chr5,113274380,113274658,+,0,NA,"intron (NM_001162965, intron 13 of 21)","intron (NM_001162965, intron 13 of 21)",6082,NM_001309528,52850,,NM_172718,ENSMUSG00000042216,Sgsm1,2410098H20Rik|D5Bwg1524e|E130107M15|NuIP|Rutbc2,small G protein signaling modulator 1,protein-coding
888,chr14,54431695,54432809,+,0,NA,"intron (NM_008608, intron 1 of 9)",CpG,654,NM_008608,17387,,NM_008608,ENSMUSG00000000957,Mmp14,MMP-X1|MT-MMP-1|MT1-MMP|sabe,matrix metallopeptidase 14 (membrane-inserted),protein-coding
2306,chr6,29768100,29769431,+,0,NA,"exon (NM_001171000, exon 1 of 17)","exon (NM_001171000, exon 1 of 17)",322,NM_001171000,74340,,NM_021414,ENSMUSG00000029772,Ahcyl2,4631427C17Rik|Adohcyase3|mKIAA0828,S-adenosylhomocysteine hydrolase-like 2,protein-coding
951,chr14,120910454,120910814,+,0,NA,promoter-TSS (NM_023579),promoter-TSS (NM_023579),-560,NM_023579,70572,,NM_023579,ENSMUSG00000030662,Ipo5,1110011C18Rik|5730478E03Rik|IMB3|Kpnb3|Ranbp5|imp5,importin 5,protein-coding
3120,chrX,117089098,117089485,+,0,NA,Intergenic,L1Md_T|LINE|L1,74534,NM_001102665,100039319,,NM_001102665,ENSMUSG00000067441,H2ab1,Gm14920|Gm1539|H2A.B.3|H2A.Bbd1|H2A.Lap1|H2afb1,H2A.B variant histone 1,protein-coding
1429,chr19,18713300,18713695,+,0,NA,"exon (NM_177640, exon 1 of 2)","exon (NM_177640, exon 1 of 2)",261,NM_177640,225995,,NM_177640,ENSMUSG00000047044,D030056L22Rik,-,RIKEN cDNA D030056L22 gene,protein-coding
974,chr15,36282401,36283133,+,0,NA,"intron (NM_013923, intron 1 of 9)",CpG,380,NM_013923,30945,,NM_013923,ENSMUSG00000022280,Rnf19a,Dorfin|Rnf19|UIP117|Ubce7ip2|XYbp,ring finger protein 19A,protein-coding
428,chr11,77607356,77607834,+,0,NA,"5' UTR (NM_144825, exon 1 of 20)","5' UTR (NM_144825, exon 1 of 20)",220,NM_001364133,216965,,NM_144825,ENSMUSG00000017291,Taok1,2810468K05Rik|D130018F14Rik|Map3k16|Markk|Psk2,TAO kinase 1,protein-coding
592,chr12,49383243,49385877,+,0,NA,"exon (NM_001160112, exon 1 of 1)","exon (NM_001160112, exon 1 of 1)",1553,NM_008241,15228,,NM_008241,ENSMUSG00000020950,Foxg1,2900064B05Rik|BF-1|Bf1|Hfh9|Hfhbf1,forkhead box G1,protein-coding
896,chr14,55643451,55643758,+,0,NA,promoter-TSS (NM_001360063),promoter-TSS (NM_001360063),202,NM_028780,74140,,NM_028780,ENSMUSG00000002320,Tm9sf1,1200014D02Rik|MP70,transmembrane 9 superfamily member 1,protein-coding
1263,chr17,56510047,56512115,+,0,NA,TTS (NM_011483),TTS (NM_011483),1402,NM_011483,20834,,NM_011483,ENSMUSG00000044526,Znrf4,1700094M01Rik|Ssrzf1|spzn,zinc and ring finger 4,protein-coding
2698,chr8,41133766,41134256,+,0,NA,promoter-TSS (NM_001005863),promoter-TSS (NM_001005863),-285,NM_001005863,102103,,NM_001005863,ENSMUSG00000045636,Mtus1,ATBP135|Atip1|B430010I23Rik|B430305I03Rik|Cctsg1-440|MD44|MTSG1|mKIAA1288,mitochondrial tumor suppressor 1,protein-coding
2535,chr7,45693931,45694233,+,0,NA,"exon (NM_001289692, exon 7 of 7)","exon (NM_001289692, exon 7 of 7)",320,NM_001271578,56546,,NM_019934,ENSMUSG00000040364,Sec1,Fut10|Fut3,secretory blood group 1,protein-coding
29,JH584304.1,110717,111280,+,0,NA,NA,NA,NA,NA,,,,,,,,
3000,chr9,91364443,91365248,+,0,NA,"exon (NM_009573, exon 1 of 3)","exon (NM_009573, exon 1 of 3)",923,NM_001376941,22771,,NM_009573,ENSMUSG00000032368,Zic1,ZIC|ZNF201,zinc finger protein of the cerebellum 1,protein-coding
3012,chr9,98864652,98865502,+,0,NA,"exon (NM_028033, exon 1 of 1)","exon (NM_028033, exon 1 of 1)",310,NM_028033,71979,,NM_028033,ENSMUSG00000090470,Prr23a3,2410012M07Rik,"proline rich 23A, member 3",protein-coding
1240,chr17,35470294,35471283,+,0,NA,"intron (NM_010391, intron 2 of 6)",CpG-6324,699,NM_010391,15007,,NM_010391,ENSMUSG00000067235,H2-Q10,H-2Q10|H2-K1|Q10|Qa10,"histocompatibility 2, Q region locus 10",protein-coding
1025,chr15,83405779,83406521,+,0,NA,"intron (NM_001159509, intron 1 of 10)",(CCG)n|Simple_repeat|Simple_repeat,26700,NM_011862,23970,,NM_011862,ENSMUSG00000016664,Pacsin2,SdpII,protein kinase C and casein kinase substrate in neurons 2,protein-coding
2620,chr7,126649308,126649634,+,0,NA,"5' UTR (NM_029339, exon 1 of 10)","5' UTR (NM_029339, exon 1 of 10)",162,NM_029339,75565,,NM_029339,ENSMUSG00000030714,Sgf29,1700023O11Rik|9530025I05Rik|Ccdc101,SAGA complex associated factor 29,protein-coding
2096,chr4,143389458,143389813,+,0,NA,Intergenic,Intergenic,-4806,NM_031377,83491,,NM_031377,ENSMUSG00000041805,Pramel1,-,PRAME like 1,protein-coding
968,chr15,26894887,26895416,+,0,NA,"5' UTR (NM_176959, exon 1 of 4)","5' UTR (NM_176959, exon 1 of 4)",413,NM_176959,448987,,NM_176959,ENSMUSG00000043556,Fbxl7,D230018M15Rik|FBL7|Fbl6,F-box and leucine-rich repeat protein 7,protein-coding
1754,chr3,31095169,31095481,+,0,NA,"intron (NM_001039090, intron 1 of 6)",CpG,267,NM_001271772,20482,,NM_011386,ENSMUSG00000027660,Skil,Skir|SnoN|sno,SKI-like,protein-coding
3009,chr9,98424740,98425036,+,0,NA,"5' UTR (NM_011254, exon 1 of 4)","5' UTR (NM_011254, exon 1 of 4)",1927,NM_011254,19659,,NM_011254,ENSMUSG00000046402,Rbp1,CRBPI|Crbp|Rbp-1,"retinol binding protein 1, cellular",protein-coding
606,chr12,57542427,57543844,+,0,NA,"exon (NM_008259, exon 2 of 2)","exon (NM_008259, exon 2 of 2)",2976,NM_008259,15375,,NM_008259,ENSMUSG00000035451,Foxa1,Hnf-3a|Hnf3a|Tcf-3a|Tcf3a,forkhead box A1,protein-coding
91,chr1,75422785,75423514,+,0,NA,"exon (NM_001085370, exon 28 of 39)","exon (NM_001085370, exon 28 of 39)",-12787,NM_001357171,69080,,NM_133708,ENSMUSG00000033021,Gmppa,1810012N01Rik,GDP-mannose pyrophosphorylase A,protein-coding
858,chr14,30714837,30715765,+,0,NA,promoter-TSS (NM_001166532),promoter-TSS (NM_001166532),134,NM_001166531,54650,,NM_019460,ENSMUSG00000006527,Sfmbt1,4930442N21Rik|9330180L21Rik|Sfmbt|Smr,Scm-like with four mbt domains 1,protein-coding
580,chr12,27341369,27341897,+,0,NA,"exon (NM_009234, exon 1 of 1)","exon (NM_009234, exon 1 of 1)",1085,NM_009234,20666,,NM_009234,ENSMUSG00000063632,Sox11,1110038H03Rik|6230403H02Rik|end1,SRY (sex determining region Y)-box 11,protein-coding
1152,chr16,92605355,92606533,+,0,NA,"exon (NM_009821, exon 5 of 5)","exon (NM_009821, exon 5 of 5)",-9796,NR_168718,102632049,,NR_168718,,Gm30224,-,"predicted gene, 30224",ncRNA
1297,chr17,87636175,87637286,+,0,NA,"5' UTR (NM_008532, exon 2 of 10)","5' UTR (NM_008532, exon 2 of 10)",751,NM_008532,17075,,NM_008532,ENSMUSG00000045394,Epcam,CD326|EGP|EGP-2|Egp314|Ep-CAM|EpCAM1|GA733-2|Ly74|TROP1|Tacsd1|Tacstd1|gp40,epithelial cell adhesion molecule,protein-coding
2837,chr8,123587538,123588715,+,0,NA,Intergenic,(CTCG)n|Simple_repeat|Simple_repeat,-22039,NR_046127,100861480,,NR_046127,ENSMUSG00000119748,Gm25018,Rn5s10,"predicted gene, 25018",rRNA
1301,chr17,88529860,88530679,+,0,NA,"exon (NM_028658, exon 1 of 22)","exon (NM_028658, exon 1 of 22)",145,NM_028658,73825,,NM_028658,ENSMUSG00000034709,Ppp1r21,1110018J12Rik|Ccdc128|Klraq1,"protein phosphatase 1, regulatory subunit 21",protein-coding
199,chr10,17723184,17724344,+,0,NA,"intron (NM_010828, intron 1 of 1)",CpG,536,NM_010828,17684,,NM_010828,ENSMUSG00000039910,Cited2,ER154-like|Mrg1|Msg2|p35srj,"Cbp/p300-interacting transactivator, with Glu/Asp-rich carboxy-terminal domain, 2",protein-coding
1277,chr17,71598673,71599216,+,0,NA,promoter-TSS (NR_015549),promoter-TSS (NR_015549),-183,NR_027952,68789,,NR_015549,ENSMUSG00000085492,Trmt61b,1110039F03Rik|623451|Gm6431,tRNA methyltransferase 61B,ncRNA
24,JH584304.1,102989,104663,+,0,NA,NA,NA,NA,NA,,,,,,,,
139,chr1,134646418,134647316,+,0,NA,"intron (NM_009307, intron 1 of 9)",CpG,255,NM_009307,20980,,NM_009307,ENSMUSG00000026452,Syt2,IP4BP|mKIAA4194|sytII,synaptotagmin II,protein-coding
1574,chr2,73214099,73214402,+,0,NA,"intron (NM_025942, intron 1 of 10)",CpG,197,NM_030091,67059,,NM_025942,ENSMUSG00000027108,Ola1,2510025G09Rik|2810405J23Rik|2810409H07Rik|Gtpbp9|PTD004,Obg-like ATPase 1,protein-coding
242,chr10,77259318,77259624,+,0,NA,promoter-TSS (NR_026944),promoter-TSS (NR_026944),171,NM_030262,80294,,NM_030262,ENSMUSG00000020260,Pofut2,2310011G23Rik|C21orf80|FUT13,protein O-fucosyltransferase 2,protein-coding
2239,chr5,115327150,115327968,+,0,NA,"intron (NR_036616, intron 1 of 4)",CpG,382,NR_036616,108014,,NM_025573,ENSMUSG00000029538,Srsf9,25kDa|2610029M16Rik|SRp30c|Sfrs9,serine and arginine-rich splicing factor 9,protein-coding
861,chr14,32165418,32165939,+,0,NA,promoter-TSS (NM_001284319),promoter-TSS (NM_001284319),92,NM_001284319,27057,,NM_019744,ENSMUSG00000056234,Ncoa4,ARA70|Rfg,nuclear receptor coactivator 4,protein-coding
3031,chr9,109095046,109095598,+,0,NA,promoter-TSS (NM_172775),promoter-TSS (NM_172775),-114,NM_172775,235611,,NM_172775,ENSMUSG00000053646,Plxnb1,2900002G15Rik|mKIAA0407,plexin B1,protein-coding
2995,chr9,87671205,87671565,+,0,NA,Intergenic,L1Md_T|LINE|L1,59875,NM_023814,76365,,NM_023814,ENSMUSG00000032419,Tbx18,2810012F10Rik|2810404D13Rik,T-box18,protein-coding
513,chr11,103360331,103361434,+,0,NA,"exon (NM_001205236, exon 3 of 18)","exon (NM_001205236, exon 3 of 18)",2810,NM_183288,544817,,NM_133715,ENSMUSG00000034255,Arhgap27,2310069I04Rik|5730442P18Rik|Gm21552|Sh3d20,Rho GTPase activating protein 27,protein-coding
2051,chr4,129248571,129248861,+,0,NA,promoter-TSS (NM_001033189),promoter-TSS (NM_001033189),-273,NM_001033189,97130,,NM_001033189,ENSMUSG00000050390,Nhsl3,C77080|mKIAA1522,NHS like 3,protein-coding
125,chr1,121327736,121327987,+,0,NA,promoter-TSS (NM_001271531),promoter-TSS (NM_001271531),163,NM_001271532,72999,,NM_133748,ENSMUSG00000003721,Insig2,2900053I11Rik|C730043J18Rik|Insig-2,insulin induced gene 2,protein-coding
867,chr14,34818795,34819860,+,0,NA,promoter-TSS (NM_008166),promoter-TSS (NM_008166),-809,NM_008166,14803,,NM_008166,ENSMUSG00000041078,Grid1,GluD1|GluRdelta1,"glutamate receptor, ionotropic, delta 1",protein-coding
2842,chr8,123596289,123596959,+,0,NA,Intergenic,(CTCG)n|Simple_repeat|Simple_repeat,-30537,NR_046127,100861480,,NR_046127,ENSMUSG00000119748,Gm25018,Rn5s10,"predicted gene, 25018",rRNA
1417,chr19,8252234,8252510,+,0,NA,Intergenic,Intergenic,-33472,NM_001347426,236293,,NM_172776,ENSMUSG00000075044,Slc22a29,D630002G06Rik,solute carrier family 22. member 29,protein-coding
950,chr14,119138186,119138843,+,0,NA,"exon (NM_015820, exon 1 of 2)","exon (NM_015820, exon 1 of 2)",249,NM_015820,50787,,NM_015820,ENSMUSG00000053465,Hs6st3,6OST3|HS6ST-3,heparan sulfate 6-O-sulfotransferase 3,protein-coding
2683,chr8,25785160,25785940,+,0,NA,promoter-TSS (NM_026121),promoter-TSS (NM_026121),-41,NM_026032,67207,,NM_026032,ENSMUSG00000037296,Lsm1,2810025O06Rik|CASM,"LSM1 homolog, mRNA degradation associated",protein-coding
1304,chr18,5751714,5752020,+,0,NA,"intron (NM_001360981, intron 4 of 8)",L1Md_T|LINE|L1,159220,NM_001360981,21417,,NM_011546,ENSMUSG00000024238,Zeb1,3110032K11Rik|AREB6|BZP|MEB1|Nil2|TCF-8|Tcf18|Tcf8|Tw|ZEB|Zfhep|Zfhx1a|Zfx1a|Zfx1ha|[delta]EF1,zinc finger E-box binding homeobox 1,protein-coding
2833,chr8,123580945,123581759,+,0,NA,Intergenic,Intergenic,-15265,NR_046127,100861480,,NR_046127,ENSMUSG00000119748,Gm25018,Rn5s10,"predicted gene, 25018",rRNA
224,chr10,44003446,44004682,+,0,NA,"exon (NM_172393, exon 1 of 20)","exon (NM_172393, exon 1 of 20)",782,NM_172393,11630,,NM_172393,ENSMUSG00000019866,Crybg1,Aim1,crystallin beta-gamma domain containing 1,protein-coding
3124,chrX,135394282,135394546,+,0,NA,Intergenic,L1Md_T|LINE|L1,21130,NM_183320,331529,,NM_183320,ENSMUSG00000094004,Pramel3c,4930481M05|EG331529|Gm5128,PRAME like 3C,protein-coding
163,chr1,167802738,167803230,+,0,NA,"intron (NM_033652, intron 3 of 7)","intron (NM_033652, intron 3 of 7)",113426,NM_033652,110648,,NM_033652,ENSMUSG00000026686,Lmx1a,Lmx1.1|dr|dreher|sst,LIM homeobox transcription factor 1 alpha,protein-coding
798,chr13,98814473,98814817,+,0,NA,"intron (NM_172591, intron 1 of 25)",CpG,804,NM_172591,218503,,NM_172591,ENSMUSG00000041685,Fcho2,5832424M12Rik,FCH domain only 2,protein-coding
2952,chr9,58311516,58313160,+,0,NA,"exon (NM_010729, exon 1 of 7)","exon (NM_010729, exon 1 of 7)",874,NM_010729,16949,,NM_010729,ENSMUSG00000032334,Loxl1,Loxl,lysyl oxidase-like 1,protein-coding
621,chr12,73046230,73046625,+,0,NA,TTS (NR_162772),TTS (NR_162772),285,NM_009189,20471,,NM_009189,ENSMUSG00000051367,Six1,-,sine oculis-related homeobox 1,protein-coding
2084,chr4,137795900,137796300,+,0,NA,"intron (NM_007431, intron 1 of 11)",CpG,284,NM_007431,11647,,NM_007431,ENSMUSG00000028766,Alpl,ALP|APTNAP|Akp-2|Akp2|TNAP|TNSALP,"alkaline phosphatase, liver/bone/kidney",protein-coding
1843,chr3,104961179,104962565,+,0,NA,promoter-TSS (NM_009520),promoter-TSS (NM_009520),-163,NM_009520,22414,,NM_009520,ENSMUSG00000027840,Wnt2b,Wnt13,"wingless-type MMTV integration site family, member 2B",protein-coding
2014,chr4,114925038,114926074,+,0,NA,"exon (NM_015758, exon 1 of 1)","exon (NM_015758, exon 1 of 1)",511,NM_015758,30923,,NM_015758,ENSMUSG00000044518,Foxe3,FREAC8|dyl|rct,forkhead box E3,protein-coding
2393,chr6,103581669,103581988,+,0,NA,"intron (NM_007697, intron 2 of 26)",L1Md_T|LINE|L1,70952,NM_007697,12661,,NM_007697,ENSMUSG00000030077,Chl1,A530023M13Rik|CALL|LICAM2,cell adhesion molecule L1-like,protein-coding
2547,chr7,63757428,63757938,+,0,NA,"exon (NM_130880, exon 14 of 14)","exon (NM_130880, exon 14 of 14)",-138701,NR_166574,102634962,,NR_166574,,Gm27252,-,predicted gene 27252,ncRNA
346,chr11,49609544,49610731,+,0,NA,"intron (NM_008029, intron 1 of 29)",CpG,458,NM_008029,14257,,NM_008029,ENSMUSG00000020357,Flt4,Chy|Flt-4|VEGFR-3|VEGFR3,FMS-like tyrosine kinase 4,protein-coding
2815,chr8,123548786,123549653,+,0,NA,Intergenic,Intergenic,1566,NR_046154,100861501,,NR_046154,ENSMUSG00000118870,Gm22291,Rn5s30,"predicted gene, 22291",rRNA
2553,chr7,66109057,66109334,+,0,NA,promoter-TSS (NM_001081163),promoter-TSS (NM_001081163),-297,NM_001081163,269941,,NM_001081163,ENSMUSG00000032640,Chsy1,skt,chondroitin sulfate synthase 1,protein-coding
1857,chr3,110250168,110250746,+,0,NA,"exon (NM_178891, exon 1 of 1)","exon (NM_178891, exon 1 of 1)",542,NM_178891,99890,,NM_178891,ENSMUSG00000049300,Prmt6,Hrmt1l6,protein arginine N-methyltransferase 6,protein-coding
1498,chr2,19431653,19432386,+,0,NA,Intergenic,CpG,-13644,NM_018809,19213,,NM_018809,ENSMUSG00000026735,Ptf1a,PTF1-p48|PTF1p48|bHLHa29,"pancreas specific transcription factor, 1a",protein-coding
2695,chr8,36612822,36613943,+,0,NA,"intron (NM_001194940, intron 5 of 17)","intron (NM_001194940, intron 5 of 17)",561,NM_015802,50768,,NM_015802,ENSMUSG00000031523,Dlc1,A730069N07Rik|Arhgap7|HP|STARD12|dlc-1,deleted in liver cancer 1,protein-coding
1151,chr16,92498435,92499506,+,0,NA,"exon (NM_172469, exon 1 of 6)","exon (NM_172469, exon 1 of 6)",823,NM_172469,209195,,NM_172469,ENSMUSG00000022949,Clic6,5730466J16Rik|CLIC1L,chloride intracellular channel 6,protein-coding
1168,chr17,3030535,3030830,+,0,NA,Intergenic,Intergenic,53501,NR_003519,328734,,NR_003519,,Pisd-ps2,D030013I16Rik,"phosphatidylserine decarboxylase, pseudogene 2",pseudo
907,chr14,63240603,63241127,+,0,NA,"exon (NM_008092, exon 2 of 7)","exon (NM_008092, exon 2 of 7)",4406,NM_001310610,14463,,NM_008092,ENSMUSG00000021944,Gata4,Gata-4,GATA binding protein 4,protein-coding
1589,chr2,76647461,76648178,+,0,NA,"exon (NM_011871, exon 1 of 8)","exon (NM_011871, exon 1 of 8)",208,NM_011871,23992,,NM_011871,ENSMUSG00000002731,Prkra,PRK|Pact|RAX|lear,"protein kinase, interferon inducible double stranded RNA dependent activator",protein-coding
1341,chr18,37955007,37956344,+,0,NA,promoter-TSS (NM_010411),promoter-TSS (NM_010411),116,NM_153793,225392,,NM_153793,ENSMUSG00000044024,Rell2,4631403P03Rik|ependolin,RELT-like 2,protein-coding
745,chr13,51651574,51652057,+,0,NA,"exon (NM_029279, exon 1 of 17)","exon (NM_029279, exon 1 of 17)",107,NM_029279,75420,,NM_029279,ENSMUSG00000035139,Secisbp2,2210413N07Rik|2810012K13Rik|SBP2,SECIS binding protein 2,protein-coding
996,chr15,75862003,75862661,+,0,NA,promoter-TSS (NM_026960),promoter-TSS (NM_026960),-7,NM_026960,69146,,NM_026960,ENSMUSG00000022575,Gsdmd,1810036L03Rik|DF5L|Dfna5l|GsdmD-1|Gsdmdc1|M2-4,gasdermin D,protein-coding
1960,chr4,59626288,59626673,+,0,NA,"5' UTR (NM_153158, exon 1 of 3)","5' UTR (NM_153158, exon 1 of 3)",269,NM_153158,230259,,NM_153158,ENSMUSG00000045071,E130308A19Rik,-,RIKEN cDNA E130308A19 gene,protein-coding
1576,chr2,73279273,73279534,+,0,NA,Intergenic,Intergenic,7477,NM_001005343,381373,,NM_001005343,ENSMUSG00000068859,Sp9,-,trans-acting transcription factor 9,protein-coding
2488,chr7,27355573,27357004,+,0,NA,promoter-TSS (NM_138676),promoter-TSS (NM_138676),-280,NM_138676,192192,,NM_138676,ENSMUSG00000089832,Shkbp1,B930062H15Rik|Sb1,Sh3kbp1 binding protein 1,protein-coding
497,chr11,101465607,101466174,+,0,NA,"exon (NM_012037, exon 1 of 6)","exon (NM_012037, exon 1 of 6)",309,NM_012037,26949,,NM_012037,ENSMUSG00000034993,Vat1,VAT-1,vesicle amine transport 1,protein-coding
1185,chr17,23644783,23645396,+,0,NA,"5' UTR (NM_001033339, exon 1 of 10)","5' UTR (NM_001033339, exon 1 of 10)",180,NM_001033339,240047,,NM_001033339,ENSMUSG00000023903,Mmp25,F730048C11Rik|Leukolysin|MMP20|MT6-MMP,matrix metallopeptidase 25,protein-coding
2533,chr7,45466639,45466880,+,0,NA,"exon (NM_007527, exon 1 of 6)","exon (NM_007527, exon 1 of 6)",139,NM_007527,12028,,NM_007527,ENSMUSG00000003873,Bax,-,BCL2-associated X protein,protein-coding
198,chr10,12941354,12942024,+,0,NA,"exon (NM_001163591, exon 2 of 2)","exon (NM_001163591, exon 2 of 2)",-18562,NR_038027,320273,,NR_038027,ENSMUSG00000097378,B230208H11Rik,-,RIKEN cDNA B230208H11 gene,ncRNA
1000,chr15,76034196,76035066,+,0,NA,"intron (NM_001370920, intron 5 of 13)",CpG-4984,-20295,NM_134087,105732,,NM_134087,ENSMUSG00000046761,Fam83h,-,"family with sequence similarity 83, member H",protein-coding
231,chr10,52381719,52382129,+,0,NA,"5' UTR (NM_001199272, exon 1 of 9)","5' UTR (NM_001199272, exon 1 of 9)",200,NM_053187,94221,,NM_053187,ENSMUSG00000019861,Gopc,2210402P09Rik|CAL|FIG|GOPC1|PIST,golgi associated PDZ and coiled-coil motif containing,protein-coding
1620,chr2,109693306,109693969,+,0,NA,promoter-TSS (NM_001316310),promoter-TSS (NM_001316310),74,NM_001048142,12064,,NM_007540,ENSMUSG00000048482,Bdnf,-,brain derived neurotrophic factor,protein-coding
600,chr12,55155285,55155581,+,0,NA,"5' UTR (NM_001100109, exon 1 of 16)","5' UTR (NM_001100109, exon 1 of 16)",120,NM_001100110,100101806,,NM_001100110,ENSMUSG00000079108,Srp54c,E330029E12Rik,signal recognition particle 54C,protein-coding
2288,chr6,3320299,3320762,+,0,NA,Intergenic,Intergenic,32011,NR_036696,667335,,NR_036696,ENSMUSG00000106779,Gm8579,EG667335,spermatogenesis associated glutamate (E)-rich protein 4a pseudogene,pseudo
1188,chr17,23785477,23786334,+,0,NA,"intron (NM_001357140, intron 1 of 2)",CpG,176,NM_029798,76917,,NM_029798,ENSMUSG00000023911,Flywch2,2810417J12Rik|3010014L17Rik,FLYWCH family member 2,protein-coding
1528,chr2,31572188,31572466,+,0,NA,promoter-TSS (NM_001290548),promoter-TSS (NM_001290548),-324,NM_001033389,320267,,NM_001033389,ENSMUSG00000026843,Fubp3,A330051M14Rik|FBP3|Marta2,far upstream element (FUSE) binding protein 3,protein-coding
2623,chr7,126928543,126928863,+,0,NA,promoter-TSS (NM_172747),promoter-TSS (NM_172747),-176,NM_172747,233877,,NM_172747,ENSMUSG00000030685,Kctd13,1500003N18Rik|PDIP1alpha|Pdip1|Poldip1,potassium channel tetramerisation domain containing 13,protein-coding
1869,chr3,122985429,122985735,+,0,NA,Intergenic,Intergenic,-1135,NM_133857,99526,,NM_133857,ENSMUSG00000039701,Usp53,Phxr3|Sp6|mKIAA1350|mbo,ubiquitin specific peptidase 53,protein-coding
1892,chr3,144381101,144381412,+,0,NA,Intergenic,Intergenic,-176001,NM_010723,16911,,NM_010723,ENSMUSG00000028266,Lmo4,A730077C12Rik|Crp3|Etohi4,LIM domain only 4,protein-coding
2681,chr8,25017327,25017643,+,0,NA,promoter-TSS (NM_007404),promoter-TSS (NM_007404),274,NM_027194,69742,,NM_027194,ENSMUSG00000031556,Tm2d2,2410018G23Rik|Blp1,TM2 domain containing 2,protein-coding
174,chr1,172562370,172562521,+,0,NA,"intron (NM_177723, intron 6 of 6)",L2c|LINE|L2,2539,NR_027644,240916,,NM_177723,ENSMUSG00000049598,Vsig8,A030011M19|EG240916,V-set and immunoglobulin domain containing 8,protein-coding
1906,chr4,3678354,3678657,+,0,NA,"intron (NM_010747, intron 1 of 12)",CpG,384,NM_001111096,17096,,NM_010747,ENSMUSG00000042228,Lyn,Hck-2|p53Lyn|p56Lyn,"LYN proto-oncogene, Src family tyrosine kinase",protein-coding
1448,chr19,37206989,37207245,+,0,NA,promoter-TSS (NM_001164336),promoter-TSS (NM_001164336),354,NM_001290827,208922,,NM_198300,ENSMUSG00000039652,Cpeb3,4831444O18Rik|CPE-BP3|mKIAA0940,cytoplasmic polyadenylation element binding protein 3,protein-coding
2880,chr9,3034390,3035225,+,0,NA,Intergenic,GSAT_MM|Satellite|Satellite,3936,NR_039546,100628572,,NR_039546,ENSMUSG00000106183,Mir101c,mir-101c|mmu-mir-101c,microRNA 101c,ncRNA
651,chr12,91589793,91590057,+,0,NA,promoter-TSS (NM_031391),promoter-TSS (NM_031391),-276,NM_031391,83602,,NM_031391,ENSMUSG00000020962,Gtf2a1,6330549H03Rik|TfIIAa/b|Tfiia1,"general transcription factor II A, 1",protein-coding
1054,chr15,99098651,99099228,+,0,NA,promoter-TSS (NM_176835),promoter-TSS (NM_176835),-545,NM_176835,72778,,NM_176835,ENSMUSG00000038009,Dnajc22,2810451A06Rik,DnaJ heat shock protein family (Hsp40) member C22,protein-coding
52,chr1,36770763,36771239,+,0,NA,"exon (NM_009539, exon 2 of 13)","exon (NM_009539, exon 2 of 13)",4067,NM_001289765,22637,,NM_009539,ENSMUSG00000026117,Zap70,Srk|ZAP-70|mrtle|mur,zeta-chain (TCR) associated protein kinase,protein-coding
1214,chr17,30611734,30612361,+,0,NA,"intron (NM_025374, intron 1 of 5)","intron (NM_025374, intron 1 of 5)",612,NM_001113560,109801,,NM_025374,ENSMUSG00000024026,Glo1,0610009E22Rik|1110008E19Rik|2510049H23Rik|GLY1|Glo-1|Glo-1r|Glo-1s|Glo1-r|Glo1-s|Qglo,glyoxalase 1,protein-coding
2690,chr8,32008755,32009418,+,0,NA,"exon (NM_001364421, exon 1 of 13)","exon (NM_001364421, exon 1 of 13)",418,NM_001364421,211323,,NM_178591,ENSMUSG00000062991,Nrg1,6030402G23Rik|ARIA|D230005F13Rik|GGF|GGFII|HRG|HRGalpha|Hgl|NDF|Pro-NRG1|SMDF,neuregulin 1,protein-coding
134,chr1,133164004,133164350,+,0,NA,Intergenic,CpG,33011,NM_133819,108954,,NM_133819,ENSMUSG00000046062,Ppp1r15b,1810033K10Rik|C530022L24Rik|CReP,"protein phosphatase 1, regulatory subunit 15B",protein-coding
936,chr14,79768121,79771263,+,0,NA,promoter-TSS (NR_154550),promoter-TSS (NR_154550),-216,NR_154550,102633266,,NR_154549,ENSMUSG00000102774,Gm9748,-,predicted gene 9748,ncRNA
2388,chr6,99693119,99693440,+,0,NA,"exon (NM_008158, exon 1 of 1)","exon (NM_008158, exon 1 of 1)",912,NM_008158,14761,,NM_008158,ENSMUSG00000072875,Gpr27,-,G protein-coupled receptor 27,protein-coding
149,chr1,155244074,155245038,+,0,NA,promoter-TSS (NM_001370865),promoter-TSS (NM_001370865),-24,NM_001370865,207792,,NM_001370865,ENSMUSG00000033722,BC034090,6820428L09|mKIAA1614,cDNA sequence BC034090,protein-coding
2970,chr9,66919315,66919605,+,0,NA,"intron (NM_173413, intron 1 of 7)",CpG,245,NM_173413,235442,,NM_173413,ENSMUSG00000036943,Rab8b,5930437D16|D330025I23Rik,"RAB8B, member RAS oncogene family",protein-coding
1059,chr15,99583693,99584525,+,0,NA,"3' UTR (NM_009699, exon 4 of 4)","3' UTR (NM_009699, exon 4 of 4)",5053,NM_009699,11827,,NM_009699,ENSMUSG00000023013,Aqp2,AQP-CD|WCH-CD|cph|jpk,aquaporin 2,protein-coding
995,chr15,75746749,75748188,+,0,NA,"exon (NM_194350, exon 1 of 1)","exon (NM_194350, exon 1 of 1)",853,NM_194350,378435,,NM_194350,ENSMUSG00000047591,Mafa,RIPE3b1,MAF bZIP transcription factor A,protein-coding
2284,chr5,149678139,149678672,+,0,NA,"intron (NM_001081204, intron 1 of 14)",CpG,175,NM_001081204,381694,,NM_001081204,ENSMUSG00000051950,B3glct,B3galtl|Gm1057|beta3Glc-T,beta-3-glucosyltransferase,protein-coding
722,chr13,32802059,32802973,+,0,NA,"exon (NM_030215, exon 1 of 7)","exon (NM_030215, exon 1 of 7)",486,NM_030215,78903,,NM_030215,ENSMUSG00000021400,Wrnip1,4833444L21Rik|WHIP|Wrnip,Werner helicase interacting protein 1,protein-coding
2865,chr8,128685727,128686347,+,0,NA,"intron (NM_010578, intron 1 of 15)",CpG,383,NM_010578,16412,,NM_010578,ENSMUSG00000025809,Itgb1,4633401G24Rik|CD29|Fnrb|Gm9863|gpIIa,integrin beta 1 (fibronectin receptor beta),protein-coding
1616,chr2,105126152,105127419,+,0,NA,promoter-TSS (NR_015462),promoter-TSS (NR_015462),256,NM_144783,22431,,NM_144783,ENSMUSG00000016458,Wt1,D630046I19Rik|Wt-1,WT1 transcription factor,protein-coding
1489,chr2,11501570,11501872,+,0,NA,"5' UTR (NM_133232, exon 1 of 15)","5' UTR (NM_133232, exon 1 of 15)",369,NM_001177755,170768,,NM_133232,ENSMUSG00000026773,Pfkfb3,E330010H22Rik|iPFK-2|uPFK-2,"6-phosphofructo-2-kinase/fructose-2,6-biphosphatase 3",protein-coding
306,chr10,128368341,128368717,+,0,NA,"intron (NM_001081040, intron 1 of 4)",CpG,451,NM_001374700,210582,,NM_001081040,ENSMUSG00000039914,Coq10a,Gm1,coenzyme Q10A,protein-coding
1678,chr2,152143360,152144019,+,0,NA,promoter-TSS (NM_009328),promoter-TSS (NM_009328),80,NM_009328,21407,,NM_009328,ENSMUSG00000068079,Tcf15,Meso1|bHLH-EC2,transcription factor 15,protein-coding
1692,chr2,157078168,157078930,+,0,NA,"exon (NM_001164663, exon 1 of 15)","exon (NM_001164663, exon 1 of 15)",716,NM_001164663,320706,,NM_001164663,ENSMUSG00000055485,Mtcl2,9830001H06Rik|D430036N24Rik|Soga|Soga1,microtubule crosslinking factor 2,protein-coding
603,chr12,56520888,56521264,+,0,NA,"intron (NR_045082, intron 1 of 6)","intron (NR_045082, intron 1 of 6)",8344,NR_045082,104798,,NR_045082,ENSMUSG00000112343,Sfta3-ps,E030019B13Rik|Nanci,"surfactant associated 3, pseudogene",ncRNA
2286,chr5,150952376,150953550,+,0,NA,"exon (NM_013823, exon 1 of 5)","exon (NM_013823, exon 1 of 5)",356,NM_013823,16591,,NM_013823,ENSMUSG00000058488,Kl,alpha-kl,klotho,protein-coding
2449,chr7,3887258,3887627,+,0,NA,"intron (NM_001166672, intron 8 of 9)",L1Md_T|LINE|L1,10650,NM_011091,18727,,NM_011091,,Pira4,6M7,paired-Ig-like receptor A4,protein-coding
2720,chr8,70609453,70610131,+,0,NA,Intergenic,CpG,-1478,NM_001372475,76900,,NM_133772,ENSMUSG00000070003,Ssbp4,1210002E11Rik|Ssdp4|Sspb4,single stranded DNA binding protein 4,protein-coding
2713,chr8,69399219,69399995,+,0,NA,Intergenic,CpG,-4063,NR_038043,378466,,NM_194351,ENSMUSG00000110444,Gm10033,9330175B10Rik|E230024E03Rik|Gm10311,predicted gene 10033,protein-coding
1991,chr4,99663009,99663189,+,0,NA,Intergenic,Intergenic,6800,NM_010425,15221,,NM_010425,ENSMUSG00000067261,Foxd3,CWH3|Genesis|Hfh2,forkhead box D3,protein-coding
545,chr11,117265562,117267031,+,0,NA,promoter-TSS (NM_001113487),promoter-TSS (NM_001113487),50,NM_001113487,53860,,NM_017380,ENSMUSG00000059248,Septin9,MSF1|Msf|PNUTL4|Sept9|Sint1,septin 9,protein-coding
1336,chr18,35919164,35919455,+,0,NA,TTS (NR_165175),TTS (NR_165175),6177,NR_165176,115488923,,NR_165175,ENSMUSG00000118347,C330008A17Rik,-,RIKEN cDNA C330008A17 gene,ncRNA
2143,chr5,23831103,23831562,+,0,NA,Intergenic,CpG,12813,NM_025394,66169,,NM_025394,ENSMUSG00000028998,Tomm7,1110020J08Rik|Tom7,translocase of outer mitochondrial membrane 7,protein-coding
2172,chr5,38276896,38278106,+,0,NA,promoter-TSS (NM_172709),promoter-TSS (NM_172709),97,NM_172709,21906,,NM_172709,ENSMUSG00000051596,Otop1,A530025J20Rik|Otp1|tlt,otopetrin 1,protein-coding
354,chr11,52167004,52168198,+,0,NA,Intergenic,B1_Mus2|SINE|Alu,-9694,NR_034155,257871,,NR_034155,,Or2y7,GA_x5J8B7TR6JS-3-632|MOR256-54P|NP_TR6JSE50FPA|Olfr1372|Olfr1372-ps1,olfactory receptor family 2 subfamily Y member 7,pseudo
2737,chr8,80878991,80880705,+,0,NA,"5' UTR (NM_021356, exon 1 of 10)","5' UTR (NM_021356, exon 1 of 10)",631,NM_021356,14388,,NM_021356,ENSMUSG00000031714,Gab1,-,growth factor receptor bound protein 2-associated protein 1,protein-coding
917,chr14,69162043,69162435,+,0,NA,Intergenic,(CCCTAA)n|Simple_repeat|Simple_repeat,-9563,NM_010920,18092,,NM_010920,ENSMUSG00000044186,Nkx2-6,Nkx-2.6|Nkx2.6|Tix|tinman,NK2 homeobox 6,protein-coding
362,chr11,57645465,57646014,+,0,NA,"intron (NM_134189, intron 1 of 11)","intron (NM_134189, intron 1 of 11)",297,NM_134189,171212,,NM_134189,ENSMUSG00000020520,Galnt10,C330012K04Rik|GalNAc-T10|GalNAc-T9|Galnt9|ppGaNTase,polypeptide N-acetylgalactosaminyltransferase 10,protein-coding
381,chr11,67455562,67455929,+,0,NA,Intergenic,CpG,-77253,NM_008088,14457,,NM_008088,ENSMUSG00000033066,Gas7,B230343A10Rik|Gas7-cb,growth arrest specific 7,protein-coding
2749,chr8,84784634,84784841,+,0,NA,"intron (NM_001371053, intron 1 of 10)",CpG,-4655,NM_001371060,18032,,NM_010906,ENSMUSG00000001911,Nfix,CTF|NF-I/X|NF1-X|NFI-X,nuclear factor I/X,protein-coding
3142,chrX,163909008,163909736,+,0,NA,"intron (NR_165469, intron 1 of 1)",CpG,159,NR_165469,115489151,,NR_165469,,Gm52456,-,"predicted gene, 52456",ncRNA
1715,chr2,167932554,167933146,+,0,NA,"intron (NM_011201, intron 1 of 8)","intron (NM_011201, intron 1 of 8)",523,NM_011201,19246,,NM_011201,ENSMUSG00000027540,Ptpn1,PTP-1B|PTP-HA2|PTP1B,"protein tyrosine phosphatase, non-receptor type 1",protein-coding
679,chr12,111038409,111038959,+,0,NA,promoter-TSS (NM_198023),promoter-TSS (NM_198023),-683,NM_198023,217864,,NM_198023,ENSMUSG00000037896,Rcor1,5730409O11|6720480E22Rik|D12Wsu95e|Rocr1|mKIAA0071,REST corepressor 1,protein-coding
2319,chr6,36388245,36388878,+,0,NA,promoter-TSS (NR_015589),promoter-TSS (NR_015589),-327,NR_015589,319472,,NM_001033377,ENSMUSG00000073154,9330158H04Rik,-,RIKEN cDNA 9330158H04 gene,ncRNA
661,chr12,101718143,101718501,+,0,NA,"intron (NM_001082976, intron 1 of 11)",CpG,201,NM_001082976,74413,,NM_028924,ENSMUSG00000021187,Tc2n,4933406D09Rik|Mtac2d1|Tac2-N,"tandem C2 domains, nuclear",protein-coding
3046,chr9,119357464,119357906,+,0,NA,"exon (NM_001033209, exon 1 of 19)","exon (NM_001033209, exon 1 of 19)",304,NM_001033209,102448,,NM_001033209,ENSMUSG00000035769,Xylb,-,xylulokinase homolog (H. influenzae),protein-coding
1852,chr3,108554146,108554548,+,0,NA,promoter-TSS (NR_028538),promoter-TSS (NR_028538),55,NR_028538,100217438,,NR_028538,,Scarna2,MBII-382,small Cajal body-specific RNA 2,ncRNA
2201,chr5,75155448,75155855,+,0,NA,promoter-TSS (NM_001083316),promoter-TSS (NM_001083316),-515,NM_001083316,18595,,NM_011058,ENSMUSG00000029231,Pdgfra,CD140a|Pdgfr-2,"platelet derived growth factor receptor, alpha polypeptide",protein-coding
747,chr13,53285473,53286394,+,0,NA,"5' UTR (NM_013846, exon 1 of 9)","5' UTR (NM_013846, exon 1 of 9)",191,NM_013846,26564,,NM_013846,ENSMUSG00000021464,Ror2,Ntrkr2,receptor tyrosine kinase-like orphan receptor 2,protein-coding
2769,chr8,95352595,95352924,+,0,NA,"5' UTR (NM_008609, exon 1 of 10)","5' UTR (NM_008609, exon 1 of 10)",463,NM_008609,17388,,NM_008609,ENSMUSG00000031790,Mmp15,MT-MMP 2|MT2-MMP,matrix metallopeptidase 15,protein-coding
2060,chr4,132113361,132113839,+,0,NA,"exon (NM_013622, exon 3 of 3)","exon (NM_013622, exon 3 of 3)",30886,NM_013622,18386,,NM_013622,ENSMUSG00000050511,Oprd1,DOR|DOR-1|Nbor|mDOR,"opioid receptor, delta 1",protein-coding
1870,chr3,124321017,124321497,+,0,NA,"exon (NM_146140, exon 1 of 1)","exon (NM_146140, exon 1 of 1)",220,NM_146140,229801,,NM_146140,ENSMUSG00000044528,Tram1l1,A830091N21Rik,translocation associated membrane protein 1-like 1,protein-coding
1175,chr17,10319736,10320303,+,0,NA,promoter-TSS (NR_037588),promoter-TSS (NR_037588),100,NR_037588,100526796,,NR_037588,,Cahm,B930003M22Rik,colon adenocarcinoma hypermethylated RNA,ncRNA
698,chr13,6435811,6436243,+,0,NA,Intergenic,L1Md_T|LINE|L1,-112130,NM_001360106,69617,,NM_145131,ENSMUSG00000021193,Pitrm1,2310012C15Rik|MP-1|MP1|Ntup1|PreP|mKIAA1104,pitrilysin metallepetidase 1,protein-coding
755,chr13,55099720,55100327,+,0,NA,"intron (NR_121592, intron 1 of 13)",CpG,277,NM_001293660,20184,,NM_011307,ENSMUSG00000025878,Uimc1,9430016E08Rik|D330018D10Rik|D630032M02Rik|RIP110|Rxrip110,ubiquitin interaction motif containing 1,protein-coding
296,chr10,122912760,122913113,+,0,NA,"intron (NM_001110218, intron 8 of 9)","intron (NM_001110218, intron 8 of 9)",72788,NR_029527,387251,,NR_029527,ENSMUSG00000065406,Mirlet7i,Mirnlet7i|let-7i|mmu-let-7i,microRNA let7i,ncRNA
2983,chr9,78108587,78109180,+,0,NA,promoter-TSS (NM_001163780),promoter-TSS (NM_001163780),182,NM_001081490,71538,,NM_023605,ENSMUSG00000001366,Fbxo9,9030401P18Rik,f-box protein 9,protein-coding
736,chr13,46669398,46670268,+,0,NA,"exon (NM_001033192, exon 1 of 5)","exon (NM_001033192, exon 1 of 5)",356,NM_001033192,97863,,NM_001033192,ENSMUSG00000069237,Fam8a1,-,"family with sequence similarity 8, member A1",protein-coding
794,chr13,94358473,94358788,+,0,NA,promoter-TSS (NM_009680),promoter-TSS (NM_009680),293,NR_045619,328309,,NM_183205,ENSMUSG00000042857,Gm9776,A530089L17,predicted gene 9776,ncRNA
2890,chr9,20544030,20544499,+,0,NA,Intergenic,Intergenic,-22845,NM_001135019,77519,,NM_001082485,ENSMUSG00000060510,Zfp266,5330440G10Rik|5730601F06Rik,zinc finger protein 266,protein-coding
1965,chr4,63544575,63545407,+,0,NA,"exon (NM_024173, exon 1 of 3)","exon (NM_024173, exon 1 of 3)",226,NM_024173,66290,,NM_024173,ENSMUSG00000039105,Atp6v1g1,1810024D14Rik|ATP6J|Atp6g1|VAG1|Vma10,"ATPase, H+ transporting, lysosomal V1 subunit G1",protein-coding
2643,chr7,139581222,139581867,+,0,NA,"non-coding (NR_027857, exon 3 of 4)","non-coding (NR_027857, exon 3 of 4)",1253,NR_027857,14912,,NM_183248,ENSMUSG00000041309,Nkx6-2,Gtx|Nkx6.2,NK6 homeobox 2,protein-coding
2322,chr6,38434464,38434914,+,0,NA,"intron (NM_177185, intron 1 of 16)",CpG,764,NM_177185,320538,,NM_177185,ENSMUSG00000038538,Ubn2,2900060J04Rik|6030408G03Rik|D130059P03Rik|mKIAA2030,ubinuclein 2,protein-coding
2836,chr8,123585955,123586742,+,0,NA,Intergenic,5S|rRNA|rRNA,-20261,NR_046127,100861480,,NR_046127,ENSMUSG00000119748,Gm25018,Rn5s10,"predicted gene, 25018",rRNA
2285,chr5,150118644,150119343,+,0,NA,Intergenic,CpG,100318,NM_001289566,140498,,NM_080468,ENSMUSG00000053368,Rxfp2,Gpr106|Great|Lgr8,relaxin/insulin-like family peptide receptor 2,protein-coding
383,chr11,69059687,69060765,+,0,NA,"exon (NM_028005, exon 1 of 1)","exon (NM_028005, exon 1 of 1)",451,NM_028005,71923,,NM_028005,ENSMUSG00000045176,Borcs6,2310047M10Rik,BLOC-1 related complex subunit 6,protein-coding
716,chr13,25055950,25055999,+,0,NA,promoter-TSS (NM_001195617),promoter-TSS (NM_001195617),-30,NM_177577,195208,,NM_177577,ENSMUSG00000035910,Dcdc2a,AW492955|Dcdc2|RU2,doublecortin domain containing 2a,protein-coding
99,chr1,87153971,87155068,+,0,NA,"exon (NM_021306, exon 2 of 18)","exon (NM_021306, exon 2 of 18)",1617,NM_001277925,13599,,NM_021306,ENSMUSG00000026247,Ecel1,DINE|xce,endothelin converting enzyme-like 1,protein-coding
1037,chr15,89373413,89374066,+,0,NA,TTS (NM_001271601),TTS (NM_001271601),152,NM_001111288,100126824,,NM_001111288,ENSMUSG00000091780,Sco2,-,SCO2 cytochrome c oxidase assembly protein,protein-coding
639,chr12,84317038,84317387,+,0,NA,"intron (NM_001252582, intron 1 of 7)",CpG,353,NM_001252582,52708,,NM_144833,ENSMUSG00000042472,Zfp410,Apa1|D12Ertd748e|Znf410,zinc finger protein 410,protein-coding
1241,chr17,36145410,36145935,+,0,NA,"intron (NM_001370818, intron 1 of 7)",CpG-6347,277,NM_001370821,69717,,NM_001370818,,Gm10499,H-2T7|H2-T7|MumuTL,predicted gene 10499,protein-coding
384,chr11,69095214,69095597,+,0,NA,Intergenic,Intergenic,-3544,NM_011065,18626,,NM_011065,ENSMUSG00000020893,Per1,Hftm|Per|m-rigui|mPer1,period circadian clock 1,protein-coding
916,chr14,69109839,69110106,+,0,NA,Intergenic,L1Md_A|LINE|L1,-61830,NM_010920,18092,,NM_010920,ENSMUSG00000044186,Nkx2-6,Nkx-2.6|Nkx2.6|Tix|tinman,NK2 homeobox 6,protein-coding
1797,chr3,84039364,84040132,+,0,NA,"intron (NM_172681, intron 1 of 34)",CpG,413,NM_172681,229473,,NM_172681,ENSMUSG00000033767,Tmem131l,D930015E06Rik|Kiaa0922|mKIAA0922,transmembrane 131 like,protein-coding
509,chr11,102924783,102925210,+,0,NA,"5' UTR (NM_197959, exon 1 of 16)","5' UTR (NM_197959, exon 1 of 16)",128,NM_197959,70218,,NM_197959,ENSMUSG00000051378,Kif18b,3000004C01Rik,kinesin family member 18B,protein-coding
2188,chr5,69340682,69341616,+,0,NA,"exon (NM_175519, exon 1 of 2)","exon (NM_175519, exon 1 of 2)",560,NM_175519,243043,,NM_175519,ENSMUSG00000037653,Kctd8,A730087N02Rik,potassium channel tetramerisation domain containing 8,protein-coding
1182,chr17,15830508,15831606,+,0,NA,promoter-TSS (NM_001372257),promoter-TSS (NM_001372257),8,NM_001372259,68799,,NM_178615,ENSMUSG00000048027,Rgmb,1110059F19Rik|DRAGON,repulsive guidance molecule family member B,protein-coding
605,chr12,56534861,56534947,+,0,NA,"exon (NM_009385, exon 2 of 3)","exon (NM_009385, exon 2 of 3)",2004,NM_009385,21869,,NM_009385,ENSMUSG00000001496,Nkx2-1,Nkx2.1|T/EBP|Titf1|Ttf-1,NK2 homeobox 1,protein-coding
1402,chr19,4476840,4477043,+,0,NA,"5' UTR (NM_134164, exon 1 of 8)","5' UTR (NM_134164, exon 1 of 8)",202,NM_134164,171180,,NM_134164,ENSMUSG00000049303,Syt12,-,synaptotagmin XII,protein-coding
2456,chr7,5860198,5860230,+,0,NA,Intergenic,L1Md_T|LINE|L1,24328,NM_207544,404285,,NM_207544,ENSMUSG00000118388,Vmn1r64,V1rd11,vomeronasal 1 receptor 64,protein-coding
1012,chr15,79687684,79687976,+,0,NA,promoter-TSS (NM_028792),promoter-TSS (NM_028792),42,NM_028792,74158,,NM_028792,ENSMUSG00000022426,Josd1,1300006C06Rik|mKIAA0063,Josephin domain containing 1,protein-coding
256,chr10,81316890,81317433,+,0,NA,"intron (NM_001293646, intron 17 of 18)","intron (NM_001293646, intron 17 of 18)",-3942,NM_027381,70312,,NM_027381,ENSMUSG00000034889,Cactin,2510012J08Rik,"cactin, spliceosome C complex subunit",protein-coding
1771,chr3,52268418,52269158,+,0,NA,"5' UTR (NM_019739, exon 1 of 3)","5' UTR (NM_019739, exon 1 of 3)",451,NM_019739,56458,,NM_019739,ENSMUSG00000044167,Foxo1,Afxh|FKHR|Fkhr1|Foxo1a,forkhead box O1,protein-coding
187,chr1,184956238,184956979,+,0,NA,"intron (NM_001378876, intron 1 of 17)",CpG,42941,NM_145515,226778,,NM_145515,ENSMUSG00000026620,Mark1,B930025N23Rik|Emk3|Par-1c|mKIAA1477|mPar-1c,MAP/microtubule affinity regulating kinase 1,protein-coding
279,chr10,112173791,112174572,+,0,NA,"intron (NM_001310675, intron 2 of 17)",L1Md_T|LINE|L1,8505,NM_178278,353025,,NM_178278,ENSMUSG00000035694,Caps2,D630005B03Rik,calcyphosphine 2,protein-coding
1212,chr17,29269022,29269332,+,0,NA,"intron (NR_166462, intron 1 of 5)",CpG,251,NM_001379078,80748,,NM_030561,ENSMUSG00000052712,BC004004,2400006G15Rik,cDNA sequence BC004004,protein-coding
1430,chr19,21928813,21929419,+,0,NA,Intergenic,L1Md_F|LINE|L1,150776,NM_031997,83921,,NM_031997,ENSMUSG00000024754,Cemip2,Tmem2,cell migration inducing hyaluronidase 2,protein-coding
2405,chr6,115134821,115135736,+,0,NA,promoter-TSS (NR_132436),promoter-TSS (NR_132436),376,NM_001111015,20965,,NM_013681,ENSMUSG00000009394,Syn2,2900074L19Rik,synapsin II,protein-coding
703,chr13,12701991,12702596,+,0,NA,Intergenic,CpG,-51898,NR_003568,664862,,NR_003568,,Gpr137b-ps,2310041G17Rik,"G protein-coupled receptor 137B, pseudogene",pseudo
2527,chr7,44816507,44816806,+,0,NA,promoter-TSS (NM_030693),promoter-TSS (NM_030693),2,NR_033136,107503,,NM_030693,ENSMUSG00000038539,Atf5,AFTA|Atf7|Atfx|ODA-10,activating transcription factor 5,protein-coding
684,chr12,112130253,112131540,+,0,NA,promoter-TSS (NR_029590),promoter-TSS (NR_029590),16,NR_029590,387199,,NR_029590,ENSMUSG00000065574,Mir203,Mirn203|mir-203|mmu-mir-203,microRNA 203,ncRNA
1664,chr2,145675982,145676451,+,0,NA,Intergenic,Intergenic,-24979,NR_033220,408057,,NR_033220,ENSMUSG00000001768,BC039771,-,cDNA sequence BC039771,ncRNA
927,chr14,72709163,72710798,+,0,NA,promoter-TSS (NM_207636),promoter-TSS (NM_207636),23,NM_207636,319448,,NM_207636,ENSMUSG00000033487,Fndc3a,1700094E19Rik|D14Ertd453e|F730017H24Rik|Fndc3|sys,fibronectin type III domain containing 3A,protein-coding
1306,chr18,7004547,7005290,+,0,NA,promoter-TSS (NM_177595),promoter-TSS (NM_177595),-139,NM_177595,210719,,NM_177595,ENSMUSG00000061013,Mkx,9430023B20Rik|Irxl1,mohawk homeobox,protein-coding
588,chr12,36486468,36486749,+,0,NA,"intron (NR_037309, intron 2 of 2)",L1Md_T|LINE|L1,70992,NR_037309,100499526,,NR_037309,ENSMUSG00000118971,Mir3472,mmu-mir-3472,microRNA 3472,ncRNA
1599,chr2,90745504,90745939,+,0,NA,"exon (NM_018828, exon 1 of 17)","exon (NM_018828, exon 1 of 17)",163,NM_018828,55935,,NM_018828,ENSMUSG00000008200,Fnbp4,FBP30|Fnbp30|mKIAA1014,formin binding protein 4,protein-coding
333,chr11,30267671,30268217,+,0,NA,promoter-TSS (NR_168039),promoter-TSS (NR_168039),-362,NR_168039,666427,,NR_168037,ENSMUSG00000073073,Gm8098,EG666427,predicted gene 8098,ncRNA
1725,chr2,178407219,178407652,+,0,NA,"intron (NM_177191, intron 1 of 43)",CpG,223,NM_177191,320558,,NM_177191,ENSMUSG00000060445,Sycp2,3830402K23Rik|4930518F03Rik,synaptonemal complex protein 2,protein-coding
1833,chr3,96359219,96359670,+,0,NA,TTS (NR_152105),TTS (NR_152105),-2350,NR_153347,102632400,,NR_153346,,Gm26689,-,"predicted gene, 26689",ncRNA
781,chr13,81657638,81658074,+,0,NA,promoter-TSS (NM_030257),promoter-TSS (NM_030257),50,NM_030257,80289,,NM_030257,ENSMUSG00000035840,Lysmd3,1110030H10Rik,"LysM, putative peptidoglycan-binding, domain containing 3",protein-coding
331,chr11,26426749,26427043,+,0,NA,"intron (NM_025923, intron 6 of 13)",L1Md_T|LINE|L1,39812,NM_025923,67030,,NM_025923,ENSMUSG00000004018,Fancl,2010322C19Rik|B230118H11Rik|Phf9|Pog|gcd,"Fanconi anemia, complementation group L",protein-coding
653,chr12,95822411,95822904,+,0,NA,Intergenic,L1Md_Gf|LINE|L1,130431,NM_201518,399558,,NM_201518,ENSMUSG00000047414,Flrt2,-,fibronectin leucine rich transmembrane protein 2,protein-coding
1925,chr4,19575187,19575630,+,0,NA,"intron (NM_025476, intron 1 of 9)",CpG,342,NM_025476,66302,,NM_025476,ENSMUSG00000028229,Rmdn1,Fam82b|RMD-1,regulator of microtubule dynamics 1,protein-coding
871,chr14,39472054,39472722,+,0,NA,promoter-TSS (NR_131973),promoter-TSS (NR_131973),-41,NR_131973,432842,,NR_131973,,LOC432842,-,uncharacterized LOC432842,ncRNA
550,chr11,120231010,120231306,+,0,NA,"non-coding (NR_151480, exon 2 of 2)","non-coding (NR_151480, exon 2 of 2)",459,NR_151480,102640779,,NM_175248,,2900052L18Rik,-,RIKEN cDNA 2900052L18 gene,ncRNA
2457,chr7,7299559,7300624,+,0,NA,promoter-TSS (NM_001302387),promoter-TSS (NM_001302387),-534,NR_126156,12727,,NM_011334,ENSMUSG00000000605,Clcn4,Clc4-2|Clcn4-2|clC-4,"chloride channel, voltage-sensitive 4",protein-coding
1508,chr2,25372319,25373007,+,0,NA,"exon (NM_001081085, exon 1 of 7)","exon (NM_001081085, exon 1 of 7)",628,NM_001290407,72080,,NM_001081085,ENSMUSG00000026955,Sapcd2,2010317E24Rik|6030458L21Rik|ang,suppressor APC domain containing 2,protein-coding
433,chr11,79591285,79591708,+,0,NA,"intron (NM_175543, intron 1 of 14)",CpG,284,NM_175543,268451,,NM_175543,ENSMUSG00000017639,Rab11fip4,A730072L08Rik|RAB11-FIP4|mKIAA1821,RAB11 family interacting protein 4 (class II),protein-coding
2556,chr7,66839839,66840350,+,0,NA,"intron (NM_001033877, intron 1 of 22)",CpG,359,NM_001033877,233332,,NM_001033877,ENSMUSG00000058145,Adamts17,-,ADAM metallopeptidase with thrombospondin type 1 motif 17,protein-coding
2363,chr6,83109066,83109678,+,0,NA,TTS (NM_001081266),TTS (NM_001081266),264,NM_026744,68499,,NM_026744,ENSMUSG00000030037,Mrpl53,1110007K17Rik,mitochondrial ribosomal protein L53,protein-coding
155,chr1,162477544,162477734,+,0,NA,"intron (NM_001038619, intron 1 of 20)",CpG,395,NM_001038619,103967,,NM_172646,ENSMUSG00000040265,Dnm3,9630020E24Rik|B230343F03Rik|C530045C17|Dyna III|mKIAA0820,dynamin 3,protein-coding
1249,chr17,45685764,45686018,+,0,NA,promoter-TSS (NM_026732),promoter-TSS (NM_026732),327,NM_198167,224807,,NM_198167,ENSMUSG00000036026,Tmem63b,-,transmembrane protein 63b,protein-coding
780,chr13,80024390,80024761,+,0,NA,Intergenic,L1Md_T|LINE|L1,-858809,NR_153410,105171,,NM_178917,ENSMUSG00000074794,Arrdc3,mKIAA1376,arrestin domain containing 3,protein-coding
2811,chr8,123542014,123542718,+,0,NA,Intergenic,(CTCG)n|Simple_repeat|Simple_repeat,1625,NR_046152,100861499,,NR_046152,ENSMUSG00000119561,Gm25212,Rn5s28,"predicted gene, 25212",rRNA
1951,chr4,48585466,48586071,+,0,NA,"intron (NM_021436, intron 1 of 9)",CpG,594,NM_001356272,230157,,NM_021436,ENSMUSG00000028347,Tmeff1,A830033E11|M7365|TR-1|Tr1,transmembrane protein with EGF-like and two follistatin-like domains 1,protein-coding
2677,chr8,22059868,22060281,+,0,NA,promoter-TSS (NR_040650),promoter-TSS (NR_040650),0,NM_007511,11979,,NM_007511,ENSMUSG00000006567,Atp7b,Atp7a|WND|tx,"ATPase, Cu++ transporting, beta polypeptide",protein-coding
2305,chr6,29747923,29748937,+,0,NA,"intron (NM_176996, intron 1 of 11)",(CTGTG)n|Simple_repeat|Simple_repeat,12933,NM_176996,319757,,NM_176996,ENSMUSG00000001761,Smo,E130215L21Rik|Smoh|bnb|smoothened,"smoothened, frizzled class receptor",protein-coding
1625,chr2,117342446,117342930,+,0,NA,"exon (NM_011246, exon 1 of 17)","exon (NM_011246, exon 1 of 17)",189,NM_011246,19419,,NM_011246,ENSMUSG00000027347,Rasgrp1,Rasgrp|calDAG-GEFII,RAS guanyl releasing protein 1,protein-coding
1020,chr15,81960373,81960950,+,0,NA,"intron (NM_013872, intron 1 of 7)",CpG,269,NM_001282041,29858,,NM_013872,ENSMUSG00000022474,Pmm1,-,phosphomannomutase 1,protein-coding
2263,chr5,135258285,135258632,+,0,NA,Intergenic,Intergenic,-7411,NM_010246,14371,,NM_010246,ENSMUSG00000049551,Fzd9,Fz9|mfz9,frizzled class receptor 9,protein-coding
2215,chr5,98185543,98186155,+,0,NA,"exon (NM_029947, exon 4 of 4)","exon (NM_029947, exon 4 of 4)",135,NR_153823,102637492,,NR_153823,,A730035I17Rik,Gm34285,RIKEN cDNA A730035I17 gene,ncRNA
1593,chr2,83644392,83645101,+,0,NA,"intron (NM_026934, intron 1 of 9)",CpG,168,NM_026934,69082,,NM_026934,ENSMUSG00000027091,Zc3h15,1700006A17Rik|1810012H02Rik|2610312B22Rik|FM22|Ierepo4,zinc finger CCCH-type containing 15,protein-coding
2451,chr7,4509799,4510168,+,0,NA,"exon (NM_001360154, exon 7 of 13)","exon (NM_001360154, exon 7 of 13)",5992,NM_011618,21955,,NM_011618,ENSMUSG00000064179,Tnnt1,Tnt|sTnT|ssTnT,"troponin T1, skeletal, slow",protein-coding
1141,chr16,84942365,84942668,+,0,NA,Intergenic,L1Md_T|LINE|L1,-29695,NR_045889,100038614,,NR_045889,ENSMUSG00000115518,Gm10791,-,predicted gene 10791,ncRNA
906,chr14,61681178,61681437,+,0,NA,"intron (NR_028264, intron 1 of 6)","intron (NR_028264, intron 1 of 6)",1066,NR_028264,668253,,NR_028264,ENSMUSG00000097589,Dleu2,1810047A16Rik|4932411A06Rik|7730401J12Rik|Alt1|Gm9069|Leu2,"deleted in lymphocytic leukemia, 2",ncRNA
2619,chr7,126475644,126475774,+,0,NA,promoter-TSS (NM_001081459),promoter-TSS (NM_001081459),-579,NM_001289538,20399,,NM_011363,ENSMUSG00000030733,Sh2b1,C530001K22Rik|Irip|Psm|SH2-B|SH2-Bb|Sh2bpsm1|mKIAA1299,SH2B adaptor protein 1,protein-coding
1761,chr3,38216990,38217137,+,0,NA,Intergenic,L1Md_T|LINE|L1,-8944,NR_040541,71342,,NR_040541,ENSMUSG00000106002,5430434I15Rik,-,RIKEN cDNA 5430434I15 gene,ncRNA
1010,chr15,79162958,79164526,+,0,NA,"5' UTR (NM_011437, exon 2 of 4)","5' UTR (NM_011437, exon 2 of 4)",748,NM_011437,20665,,NM_011437,ENSMUSG00000033006,Sox10,Dom|Sox21|gt,SRY (sex determining region Y)-box 10,protein-coding
992,chr15,66969941,66970257,+,0,NA,promoter-TSS (NM_008681),promoter-TSS (NM_008681),-458,NM_008681,17988,,NM_008681,ENSMUSG00000005125,Ndrg1,CAP43|CMT4D|DRG1|HMSNL|NMSL|Ndr1|Ndrl|PROXY1|RTP|TDD5,N-myc downstream regulated gene 1,protein-coding
886,chr14,51988719,51989635,+,0,NA,promoter-TSS (NR_045728),promoter-TSS (NR_045728),-348,NR_045728,100502764,,NR_045728,ENSMUSG00000097633,Gm16617,-,"predicted gene, 16617",ncRNA
1588,chr2,76338875,76339130,+,0,NA,promoter-TSS (NM_001081033),promoter-TSS (NM_001081033),-64,NM_001081033,241489,,NM_001081033,ENSMUSG00000075270,Pde11a,6330414F14Rik|A630086N24Rik|Gm350|PDE11A1,phosphodiesterase 11A,protein-coding
3115,chrX,103448351,103449517,+,0,NA,"intron (NR_002844, intron 3 of 3)","intron (NR_002844, intron 3 of 3)",17417,NR_002844,22097,,NR_002844,ENSMUSG00000085715,Tsix,-,"X (inactive)-specific transcript, opposite strand",ncRNA
2467,chr7,16474521,16474825,+,0,NA,"exon (NM_008718, exon 3 of 12)","exon (NM_008718, exon 3 of 12)",2107,NM_008718,18142,,NM_008718,ENSMUSG00000001988,Npas1,MOP5|bHLHe11,neuronal PAS domain protein 1,protein-coding
339,chr11,35979673,35980287,+,0,NA,"exon (NM_170779, exon 1 of 23)","exon (NM_170779, exon 1 of 23)",547,NM_170779,211652,,NM_170779,ENSMUSG00000018849,Wwc1,Kibra,"WW, C2 and coiled-coil domain containing 1",protein-coding
2176,chr5,47983086,47983754,+,0,NA,"non-coding (NR_111900, exon 1 of 36)","non-coding (NR_111900, exon 1 of 36)",265,NR_111900,20563,,NM_178804,ENSMUSG00000031558,Slit2,Drad-1|E030015M03Rik|E130320P19Rik|Slil3|b2b1200.1Clo|mKIAA4141|slit-2,slit guidance ligand 2,protein-coding
234,chr10,56378634,56378958,+,0,NA,"intron (NM_010288, intron 1 of 1)","intron (NM_010288, intron 1 of 1)",1496,NM_010288,14609,,NM_010288,ENSMUSG00000050953,Gja1,Cnx43|Cx43|Cx43alpha1|Cxnk1|Gja-1|Npm1|connexin43,"gap junction protein, alpha 1",protein-coding
659,chr12,101028478,101028896,+,0,NA,"intron (NM_001362342, intron 1 of 6)",CpG,204,NM_001362342,68339,,NM_026681,ENSMUSG00000021182,Ccdc88c,0610010D24Rik|Daple|mKIAA1509,coiled-coil domain containing 88C,protein-coding
2560,chr7,79392382,79392656,+,0,NA,"intron (NM_145946, intron 1 of 37)",CpG,181,NM_145946,208836,,NM_145946,ENSMUSG00000039187,Fanci,-,"Fanconi anemia, complementation group I",protein-coding
2907,chr9,31385852,31386396,+,0,NA,promoter-TSS (NM_001359654),promoter-TSS (NM_001359654),-68,NM_172766,235134,,NM_172766,ENSMUSG00000042185,Nfrkb,A530090G11Rik,nuclear factor related to kappa B binding protein,protein-coding
179,chr1,179904219,179904548,+,0,NA,Intergenic,(TCTA)n|Simple_repeat|Simple_repeat,-56377,NM_001359543,226751,,NM_001033285,ENSMUSG00000026490,Cdc42bpa,A930014J19Rik|DMPK-like,CDC42 binding protein kinase alpha,protein-coding
2794,chr8,119447147,119447496,+,0,NA,"intron (NM_054095, intron 1 of 12)",CpG,602,NM_054095,117148,,NM_054095,ENSMUSG00000031837,Necab2,Efcbp2,N-terminal EF-hand calcium binding protein 2,protein-coding
162,chr1,167689391,167690154,+,0,NA,"5' UTR (NM_033652, exon 1 of 8)","5' UTR (NM_033652, exon 1 of 8)",214,NM_033652,110648,,NM_033652,ENSMUSG00000026686,Lmx1a,Lmx1.1|dr|dreher|sst,LIM homeobox transcription factor 1 alpha,protein-coding
1330,chr18,34005797,34006004,+,0,NA,"intron (NM_013512, intron 2 of 23)",CpG,1306,NM_013512,13824,,NM_013512,ENSMUSG00000024376,Epb41l4a,Epb4.1l4|Epb4.1l4a|NBL4,erythrocyte membrane protein band 4.1 like 4a,protein-coding
2635,chr7,134670441,134670737,+,0,NA,promoter-TSS (NM_001033420),promoter-TSS (NM_001033420),-98,NM_001033420,330662,,NM_001033420,ENSMUSG00000058325,Dock1,9130006G06Rik|D630004B07Rik|b2b3190Clo,dedicator of cytokinesis 1,protein-coding
2190,chr5,72503678,72504387,+,0,NA,"exon (NM_016869, exon 1 of 22)","exon (NM_016869, exon 1 of 22)",176,NM_016869,53419,,NM_016869,ENSMUSG00000005220,Corin,Lrp4,"corin, serine peptidase",protein-coding
225,chr10,44528026,44528527,+,0,NA,Intergenic,Intergenic,-69528,NM_007548,12142,,NM_007548,ENSMUSG00000038151,Prdm1,Blimp-1|Blimp1|PRDI-BF1|ZNFPR1A1|b2b1765Clo,"PR domain containing 1, with ZNF domain",protein-coding
330,chr11,23771029,23771388,+,0,NA,promoter-TSS (NM_009044),promoter-TSS (NM_009044),-239,NM_009044,19696,,NM_009044,ENSMUSG00000020275,Rel,c-Rel,reticuloendotheliosis oncogene,protein-coding
455,chr11,94211567,94211987,+,0,NA,"intron (NM_009427, intron 1 of 1)",CpG-2446,323,NM_009427,22057,,NM_009427,ENSMUSG00000037573,Tob1,Tob|Trob,transducer of ErbB-2.1,protein-coding
937,chr14,84445910,84448155,+,0,NA,"exon (NM_001013753, exon 1 of 4)","exon (NM_001013753, exon 1 of 4)",3469,NM_001013753,219228,,NM_001013753,ENSMUSG00000035566,Pcdh17,C030033F14Rik|Gm78,protocadherin 17,protein-coding
3013,chr9,99875132,99876093,+,0,NA,"exon (NM_011440, exon 1 of 1)","exon (NM_011440, exon 1 of 1)",558,NM_011440,20669,,NM_011440,ENSMUSG00000053747,Sox14,-,SRY (sex determining region Y)-box 14,protein-coding
1910,chr4,9859451,9860056,+,0,NA,"exon (NM_013526, exon 2 of 2)","exon (NM_013526, exon 2 of 2)",15381,NM_013526,242316,,NM_013526,ENSMUSG00000051279,Gdf6,BMP-13|BMP13|GDF16,growth differentiation factor 6,protein-coding
1556,chr2,53762041,53762366,+,0,NA,Intergenic,L1Md_T|LINE|L1,-65333,NR_169308,102635781,,NM_001378665,,Idi1-ps1,Gm13502|Gm38481,"isopentenyl-diphosphate delta isomerase, pseudogene 1",pseudo
557,chr12,3309039,3310067,+,0,NA,"5' UTR (NM_016676, exon 1 of 6)","5' UTR (NM_016676, exon 1 of 6)",416,NM_016676,19325,,NM_016676,ENSMUSG00000020671,Rab10,-,"RAB10, member RAS oncogene family",protein-coding
1077,chr16,8470810,8471429,+,0,NA,"intron (NM_146247, intron 1 of 10)","intron (NM_146247, intron 1 of 10)",306,NM_146247,239706,,NM_146247,ENSMUSG00000039345,Mettl22,-,"methyltransferase 22, Kin17 lysine",protein-coding
2081,chr4,136424689,136425191,+,0,NA,"intron (NM_001285484, intron 1 of 1)",CpG,328,NM_001285484,15552,,NM_008309,ENSMUSG00000070687,Htr1d,5-HT-1D|5-HT1D|Gpcr14|Htr1db,5-hydroxytryptamine (serotonin) receptor 1D,protein-coding
2297,chr6,18586619,18587144,+,0,NA,Intergenic,L1Md_T|LINE|L1,-72012,NM_080285,30785,,NM_080285,ENSMUSG00000000416,Cttnbp2,3010022N24Rik|4732477G22Rik|6430526E05|9130022E09Rik|Cortbp2|ORF4|mKIAA1758,cortactin binding protein 2,protein-coding
880,chr14,47298318,47298659,+,0,NA,"intron (NM_001360542, intron 1 of 3)",CpG,214,NM_178684,218975,,NM_178684,ENSMUSG00000021840,Mapk1ip1l,9130202B12|C130032J12Rik,mitogen-activated protein kinase 1 interacting protein 1-like,protein-coding
432,chr11,79254106,79254546,+,0,NA,"intron (NM_019653, intron 1 of 8)",CpG,369,NM_019653,78889,,NM_019653,ENSMUSG00000017677,Wsb1,1110056B13Rik|2700038M07Rik,WD repeat and SOCS box-containing 1,protein-coding
216,chr10,40349445,40350280,+,0,NA,"intron (NM_001291816, intron 1 of 11)",CpG,554,NM_001291817,78334,,NM_198164,ENSMUSG00000038481,Cdk19,2700084L06Rik|CDK11|Cdc2l6|mKIAA1028,cyclin dependent kinase 19,protein-coding
3002,chr9,94537131,94537618,+,0,NA,"exon (NM_001033145, exon 1 of 3)","exon (NM_001033145, exon 1 of 3)",707,NM_001033145,68861,,NM_001033145,ENSMUSG00000045414,Dipk2a,1190002N15Rik|GoPro49|HASF,divergent protein kinase domain 2A,protein-coding
2220,chr5,105876574,105876981,+,0,NA,"intron (NR_030777, intron 1 of 9)",CpG,209,NR_030777,54367,,NM_018759,ENSMUSG00000029290,Zfp326,5730470H14Rik|ZAN75|Znf326,zinc finger protein 326,protein-coding
1052,chr15,99087191,99088530,+,0,NA,promoter-TSS (NM_001024702),promoter-TSS (NM_001024702),-132,NM_001024702,239659,,NM_001024702,ENSMUSG00000001076,C1ql4,C1qtnf11|CTRP11,"complement component 1, q subcomponent-like 4",protein-coding
2315,chr6,32093749,32094119,+,0,NA,Intergenic,L1Md_T|LINE|L1,43646,NM_029587,76382,,NM_029587,ENSMUSG00000029766,1700012A03Rik,-,RIKEN cDNA 1700012A03 gene,protein-coding
143,chr1,136259914,136260366,+,0,NA,"exon (NM_001101516, exon 1 of 1)","exon (NM_001101516, exon 1 of 1)",786,NM_001101516,383563,,NM_001101516,ENSMUSG00000052759,Gpr25,Gm1300,G protein-coupled receptor 25,protein-coding
3087,chrX,57604888,57605133,+,0,NA,Intergenic,L1Md_T|LINE|L1,-101253,NM_001033360,245424,,NM_001033360,ENSMUSG00000036357,Gpr101,GPCR6|Gm365,G protein-coupled receptor 101,protein-coding
3090,chrX,60403576,60403855,+,0,NA,"intron (NM_001001798, intron 1 of 28)",CpG,290,NM_001037863,320940,,NM_001001798,ENSMUSG00000062949,Atp11c,A330005H02Rik|Ig,"ATPase, class VI, type 11C",protein-coding
3065,chrX,6047782,6048424,+,0,NA,"exon (NM_021431, exon 1 of 2)","exon (NM_021431, exon 1 of 2)",596,NM_021431,58242,,NM_021431,ENSMUSG00000073295,Nudt11,DIPP3|DIPP3b|Dipp3a|Nudt10,nudix hydrolase 11,protein-coding
2728,chr8,71562337,71563027,+,0,NA,"exon (NM_145598, exon 2 of 2)","exon (NM_145598, exon 2 of 2)",-3811,NM_001100462,434325,,NM_001100462,ENSMUSG00000043664,Tmem221,-,transmembrane protein 221,protein-coding
2224,chr5,108367038,108367478,+,0,NA,promoter-TSS (NR_166481),promoter-TSS (NR_166481),659,NM_001374743,115490131,,NM_001374743,ENSMUSG00000105867,Tmem217rt,Gm42517|Tmem271,"transmembrane 217, retrotransposed",protein-coding
1719,chr2,170221122,170221430,+,0,NA,Intergenic,Intergenic,-27223,NR_157067,100502923,,NR_157067,ENSMUSG00000120007,Gm17619,-,"predicted gene, 17619",ncRNA
1353,chr18,50053170,50053888,+,0,NA,"non-coding (NR_155293, exon 1 of 4)","non-coding (NR_155293, exon 1 of 4)",133,NR_155293,102635912,,NR_155293,,C030005K06Rik,-,RIKEN cDNA C030005K06 gene,ncRNA
1558,chr2,54385387,54385772,+,0,NA,Intergenic,L1Md_T|LINE|L1,-50808,NM_173030,271786,,NM_173030,ENSMUSG00000060988,Galnt13,A230002A12|A230020F20,polypeptide N-acetylgalactosaminyltransferase 13,protein-coding
2236,chr5,114379943,114380572,+,0,NA,promoter-TSS (NM_001331219),promoter-TSS (NM_001331219),248,NM_001159941,330171,,NM_026145,ENSMUSG00000001098,Kctd10,mBACURD3,potassium channel tetramerisation domain containing 10,protein-coding
2562,chr7,79504880,79505579,+,0,NA,promoter-TSS (NR_029818),promoter-TSS (NR_029818),-35,NR_029818,723968,,NR_029818,ENSMUSG00000093238,Mir9-3,Mirn9-3|mir-9-3|mmu-mir-9-3,microRNA 9-3,ncRNA
2404,chr6,114282710,114283286,+,0,NA,"intron (NM_178703, intron 1 of 15)",CpG,363,NM_178703,232333,,NM_178703,ENSMUSG00000030310,Slc6a1,A730043E01|GABATHG|GABATR|GAT-1|Gabt|Gabt1|Gat1|XT-1|Xtrp1,"solute carrier family 6 (neurotransmitter transporter, GABA), member 1",protein-coding
1820,chr3,90464393,90466267,+,0,NA,"exon (NM_008727, exon 1 of 22)","exon (NM_008727, exon 1 of 22)",536,NM_008727,18160,,NM_008727,ENSMUSG00000027931,Npr1,GC-A|NPR-A|NPRA|Pndr,natriuretic peptide receptor 1,protein-coding
1623,chr2,113440625,113440860,+,0,NA,promoter-TSS (NM_001285459),promoter-TSS (NM_001285459),-322,NM_001285459,14260,,NM_010230,ENSMUSG00000044042,Fmn1,Fmn|formin-1|ld,formin 1,protein-coding
2848,chr8,123606396,123607305,+,0,NA,Intergenic,Intergenic,-40763,NR_046127,100861480,,NR_046127,ENSMUSG00000119748,Gm25018,Rn5s10,"predicted gene, 25018",rRNA
1521,chr2,30801191,30801786,+,0,NA,"exon (NM_198000, exon 1 of 7)","exon (NM_198000, exon 1 of 7)",249,NM_198000,73598,,NM_198000,ENSMUSG00000044320,1700001O22Rik,1700113K14Rik|4930549G18Rik,RIKEN cDNA 1700001O22 gene,protein-coding
1348,chr18,44811824,44812236,+,0,NA,"intron (NM_001085373, intron 1 of 18)",CpG,152,NM_001085373,328949,,NM_001033406,ENSMUSG00000071856,Mcc,D18Ertd451e|E330037C19,mutated in colorectal cancers,protein-coding
2204,chr5,76857320,76858466,+,0,NA,"exon (NM_001163793, exon 6 of 9)","exon (NM_001163793, exon 6 of 9)",17294,NM_001163793,320827,,NM_027611,ENSMUSG00000036377,Cracd,2810489J07Rik|4930529A19Rik|4931405B09Rik|C530008M17Rik|Crad|Gm10430|mKIAA1211,capping protein inhibiting regulator of actin,protein-coding
471,chr11,97150002,97150714,+,0,NA,promoter-TSS (NM_001372531),promoter-TSS (NM_001372531),-283,NM_001372531,73174,,NM_198100,ENSMUSG00000038517,Tbkbp1,3110043L15Rik|ProSAPiP2|SINTBAD,TBK1 binding protein 1,protein-coding
1273,chr17,69439386,69439890,+,0,NA,"intron (NM_001145192, intron 1 of 1)",CpG,312,NM_001145192,320722,,NM_001145192,ENSMUSG00000091636,Akain1,A330050F15Rik,A kinase anchor inhibitor 1,protein-coding
654,chr12,97820111,97820702,+,0,NA,Intergenic,L1Md_T|LINE|L1,288187,NR_168899,102638980,,NR_168899,ENSMUSG00000112812,Gm47415,Gm35412,"predicted gene, 47415",ncRNA
446,chr11,87358080,87359469,+,0,NA,"exon (NM_177167, exon 1 of 7)","exon (NM_177167, exon 1 of 7)",220,NM_177167,320472,,NM_177167,ENSMUSG00000046442,Ppm1e,B930008A12Rik|POPX1|PP2CH|mKIAA1072,protein phosphatase 1E (PP2C domain containing),protein-coding
130,chr1,128591096,128591836,+,0,NA,"intron (NM_001356509, intron 1 of 1)",CpG,833,NM_009911,12767,,NM_009911,ENSMUSG00000045382,Cxcr4,CD184|CXC-R4|CXCR-4|Cmkar4|LESTR|PB-CKR|PBSF/SDF-1|Sdf1r|b2b220Clo,C-X-C motif chemokine receptor 4,protein-coding
3156,chrY,15636559,15637077,+,0,NA,Intergenic,L1Md_T|LINE|L1,246427,NM_001199331,100040022,,NM_001199331,ENSMUSG00000095172,Gm20822,-,"predicted gene, 20822",protein-coding
3059,chr9,123478713,123479227,+,0,NA,"5' UTR (NM_013860, exon 1 of 8)","5' UTR (NM_013860, exon 1 of 8)",269,NM_013860,29806,,NM_013860,ENSMUSG00000025239,Limd1,D9Ertd192e,LIM domains containing 1,protein-coding
2046,chr4,126734652,126736475,+,0,NA,"exon (NM_198960, exon 2 of 7)","exon (NM_198960, exon 2 of 7)",706,NM_198960,332937,,NM_198960,ENSMUSG00000042477,Tfap2e,AP-2e|Tcfap2e,"transcription factor AP-2, epsilon",protein-coding
115,chr1,103419462,103419546,+,0,NA,Intergenic,L1Md_T|LINE|L1,-1349016,NM_011800,23836,,NM_011800,ENSMUSG00000050840,Cdh20,Cdh7,cadherin 20,protein-coding
2516,chr7,38061361,38061812,+,0,NA,Intergenic,CpG,-42034,NM_011274,19777,,NM_011274,ENSMUSG00000030421,Uri1,NNX3|Rmp,"URI1, prefoldin-like chaperone",protein-coding
2011,chr4,109981503,109982075,+,0,NA,"exon (NM_172296, exon 3 of 3)","exon (NM_172296, exon 3 of 3)",3764,NM_172296,242620,,NM_172296,ENSMUSG00000047143,Dmrta2,Dmrt5,doublesex and mab-3 related transcription factor like family A2,protein-coding
816,chr13,113735875,113736158,+,0,NA,Intergenic,Intergenic,-58492,NM_172595,218639,,NM_172595,ENSMUSG00000042348,Arl15,A430036I03|Arfrp2|C230032K13Rik,ADP-ribosylation factor-like 15,protein-coding
332,chr11,29824765,29825459,+,0,NA,"exon (NM_176829, exon 1 of 1)","exon (NM_176829, exon 1 of 1)",556,NM_176829,216622,,NM_176829,ENSMUSG00000078157,Fem1al,4931440F15Rik|Fem1ab,fem-1 homolog A like,protein-coding
2034,chr4,123686654,123686921,+,0,NA,Intergenic,CpG,-2427,NM_001199136,11426,,NM_009600,ENSMUSG00000028649,Macf1,ABP620|Acf7|Aclp7|D830031N03Rik|MACF|mKIAA0465|mKIAA0754,microtubule-actin crosslinking factor 1,protein-coding
2617,chr7,125104951,125104995,+,0,NA,Intergenic,Intergenic,244813,NR_045803,71208,,NM_172408,ENSMUSG00000045928,4933440M02Rik,-,RIKEN cDNA 4933440M02 gene,ncRNA
2812,chr8,123543717,123544593,+,0,NA,promoter-TSS (NR_046155).5,promoter-TSS (NR_046155).5,-164,NR_046147,100861494,,NR_046147,ENSMUSG00000118747,Gm22109,Rn5s23,"predicted gene, 22109",rRNA
965,chr15,25412894,25413812,+,0,NA,promoter-TSS (NR_027376),promoter-TSS (NR_027376),411,NM_027395,70350,,NM_027395,ENSMUSG00000045763,Basp1,2610024P12Rik|CAP-23|CAP23|Ckap3|NAP-22|NAP22,"brain abundant, membrane attached signal protein 1",protein-coding
2721,chr8,70698793,70700092,+,0,NA,"exon (NM_001286944, exon 1 of 1)","exon (NM_001286944, exon 1 of 1)",1703,NM_001286944,16478,,NM_010592,ENSMUSG00000071076,Jund,Jund1,jun D proto-oncogene,protein-coding
2684,chr8,25990079,25990332,+,0,NA,"intron (NM_029037, intron 1 of 4)","intron (NM_029037, intron 1 of 4)",3916,NM_029037,74653,,NM_029037,ENSMUSG00000037251,Pomk,4930444A02Rik|Sgk196,protein-O-mannose kinase,protein-coding
2993,chr9,86695409,86696247,+,0,NA,promoter-TSS (NM_008615),promoter-TSS (NM_008615),86,NM_008615,17436,,NM_008615,ENSMUSG00000032418,Me1,D9Ertd267e|Mdh-1|Mod-1|Mod1,"malic enzyme 1, NADP(+)-dependent, cytosolic",protein-coding
56,chr1,40681079,40681375,+,0,NA,promoter-TSS (NM_001033289),promoter-TSS (NM_001033289),-485,NM_001033289,226999,,NM_001033289,ENSMUSG00000026062,Slc9a2,2210416H12Rik|4932415O19Rik|NHE-2|NHE2,"solute carrier family 9 (sodium/hydrogen exchanger), member 2",protein-coding
2637,chr7,137309619,137309982,+,0,NA,"intron (NM_010096, intron 4 of 15)",CpG-13675,4645,NM_001113414,13593,,NM_010096,ENSMUSG00000010476,Ebf3,3110018A08Rik|O/E-2|mKIAA4201,early B cell factor 3,protein-coding
825,chr14,3652057,3652575,+,0,NA,"intron (NR_033121, intron 1 of 6).2",CpG,286,NR_033121,100041530,,NR_033121,ENSMUSG00000096488,Gm10409,EG666890|Gm8348,predicted pseudogene 8348,pseudo
2898,chr9,21337537,21338417,+,0,NA,"intron (NM_152808, intron 1 of 21)","intron (NM_152808, intron 1 of 21)",149,NM_152808,68682,,NM_152808,ENSMUSG00000057193,Slc44a2,1110028E10Rik|CTL2,"solute carrier family 44, member 2",protein-coding
1281,chr17,74528454,74529165,+,0,NA,"intron (NM_007566, intron 1 of 72)",CpG,514,NM_007566,12211,,NM_007566,ENSMUSG00000024073,Birc6,A430032G04Rik|A430040A19Rik|Bruce|D630005A10Rik|mKIAA1289,baculoviral IAP repeat-containing 6,protein-coding
1849,chr3,107582914,107583346,+,0,NA,Intergenic,CpG,-11901,NM_007441,11694,,NM_007441,ENSMUSG00000014603,Alx3,-,aristaless-like homeobox 3,protein-coding
844,chr14,19823709,19824143,+,0,NA,promoter-TSS (NM_026528),promoter-TSS (NM_026528),-103,NM_026528,68045,,NM_026528,ENSMUSG00000021807,Rtraf,2700060E02Rik,"RNA transcription, translation and transport factor",protein-coding
213,chr10,39731170,39731668,+,0,NA,promoter-TSS (NM_011264),promoter-TSS (NM_011264),588,NR_038037,327744,,NM_183198,ENSMUSG00000087177,E130307A14Rik,-,RIKEN cDNA E130307A14 gene,ncRNA
2653,chr7,142658410,142659418,+,0,NA,promoter-TSS (NM_010514),promoter-TSS (NM_010514),-110,NM_010514,16002,,NM_010514,ENSMUSG00000048583,Igf2,Igf-2|Igf-II|M6pr|Mpr|Peg2,insulin-like growth factor 2,protein-coding
1181,chr17,15825879,15826626,+,0,NA,"exon (NM_001372256, exon 4 of 6)","exon (NM_001372256, exon 4 of 6)",314,NM_001372292,68799,,NM_178615,ENSMUSG00000048027,Rgmb,1110059F19Rik|DRAGON,repulsive guidance molecule family member B,protein-coding
3083,chrX,48342179,48342655,+,0,NA,"intron (NM_178782, intron 1 of 14)","intron (NM_178782, intron 1 of 14)",1059,NM_178782,320376,,NM_178782,ENSMUSG00000036959,Bcorl1,6720425J07Rik|B930011H20Rik,BCL6 co-repressor-like 1,protein-coding
1405,chr19,5307135,5307697,+,0,NA,promoter-TSS (NR_166897),promoter-TSS (NR_166897),-313,NR_166897,105246843,,NR_166897,ENSMUSG00000118263,Gm42064,-,"predicted gene, 42064",ncRNA
1205,chr17,28079868,28080870,+,0,NA,promoter-TSS (NM_001374620),promoter-TSS (NM_001374620),215,NM_001357681,21463,,NM_013687,ENSMUSG00000062859,Tcp11,D17Ken1|Tcp-11,t-complex protein 11,protein-coding
3108,chrX,99853441,99853944,+,0,NA,Intergenic,CpG,33528,NM_001081283,620592,,NM_001081283,ENSMUSG00000071719,Nalf2,EG620592|Fam155b|Tmem28|Tnen28,NALCN channel auxiliary factor 2,protein-coding
1462,chr19,45065154,45065709,+,0,NA,Intergenic,CpG,-9810,NM_001362398,107250,,NM_178929,ENSMUSG00000025213,Kazald1,Bono1|IGFBP-rP10,Kazal-type serine peptidase inhibitor domain 1,protein-coding
118,chr1,113897772,113898031,+,0,NA,Intergenic,L1Md_T|LINE|L1,-1480983,NR_157044,102635484,,NR_157044,,Gm32810,Gm18406,"predicted gene, 32810",ncRNA
2429,chr6,127154117,127155192,+,0,NA,"intron (NR_040275, intron 1 of 1)","intron (NR_040275, intron 1 of 1)",-3606,NM_009829,12444,,NM_009829,ENSMUSG00000000184,Ccnd2,2600016F06Rik|Vin-1|Vin1|cD2,cyclin D2,protein-coding
2452,chr7,4658566,4659041,+,0,NA,"5' UTR (NM_172894, exon 1 of 24)","5' UTR (NM_172894, exon 1 of 24)",147,NM_172894,243819,,NM_172894,ENSMUSG00000052296,Ppp6r1,2010309P17Rik|B430201G11Rik|D030074N20Rik|Pp6r1|Saps1|mKIAA1115,"protein phosphatase 6, regulatory subunit 1",protein-coding
2953,chr9,58823363,58823822,+,0,NA,"exon (NM_001081192, exon 1 of 8)","exon (NM_001081192, exon 1 of 8)",643,NM_001081192,330953,,NM_001081192,ENSMUSG00000032338,Hcn4,Bcng3|Hcn3,"hyperpolarization-activated, cyclic nucleotide-gated K+ 4",protein-coding
1041,chr15,91908579,91909071,+,0,NA,Intergenic,Intergenic,70497,NM_198927,223809,,NM_198927,ENSMUSG00000047295,Smgc,2310010P21Rik|DXImx49e|Muc19|Muc19/Smgc|Sfc21,submandibular gland protein C,protein-coding
1962,chr4,62360108,62360995,+,0,NA,promoter-TSS (NM_001355385),promoter-TSS (NM_001355385),45,NM_001045528,338355,,NM_001045528,ENSMUSG00000066151,Fkbp15,C430014M02Rik|FKBO133|FKBP-133|FKBP-15|FKBP133|mKIAA0674,FK506 binding protein 15,protein-coding
2722,chr8,70892497,70892972,+,0,NA,promoter-TSS (NM_053248),promoter-TSS (NM_053248),23,NM_053248,114479,,NM_053248,ENSMUSG00000000792,Slc5a5,NIS,"solute carrier family 5 (sodium iodide symporter), member 5",protein-coding
1116,chr16,35490367,35490760,+,0,NA,"intron (NM_028295, intron 1 of 16)",CpG,310,NM_028295,72599,,NM_028295,ENSMUSG00000022844,Pdia5,2700053F16Rik|Pdir,protein disulfide isomerase associated 5,protein-coding
2639,chr7,138846040,138846602,+,0,NA,promoter-TSS (NM_027115),promoter-TSS (NM_027115),-38,NM_001347618,52432,,NM_026391,ENSMUSG00000041769,Ppp2r2d,1300017E19Rik|D7Ertd753e|MDS026,"protein phosphatase 2, regulatory subunit B, delta",protein-coding
941,chr14,101608204,101608592,+,0,NA,"exon (NM_001081278, exon 1 of 19)","exon (NM_001081278, exon 1 of 19)",793,NM_001081278,210789,,NM_173380,ENSMUSG00000033083,Tbc1d4,5930406J04Rik|A930035N22|As160,"TBC1 domain family, member 4",protein-coding
2183,chr5,65763487,65764900,+,0,NA,"intron (NM_001024917, intron 1 of 19)",CpG,672,NM_001024917,333789,,NM_001024917,ENSMUSG00000037795,N4bp2,B3bp|E430014I16|Gm1791|Gm868,NEDD4 binding protein 2,protein-coding
1826,chr3,94821186,94821742,+,0,NA,Intergenic,Intergenic,-15973,NM_001165948,229584,,NM_172683,ENSMUSG00000038902,Pogz,9530006B08Rik,pogo transposable element with ZNF domain,protein-coding
1535,chr2,32450643,32451517,+,0,NA,"exon (NM_146118, exon 1 of 11)","exon (NM_146118, exon 1 of 11)",390,NM_146118,227731,,NM_146118,ENSMUSG00000026819,Slc25a25,1110030N17Rik|MCSC|SCaMC-2|mKIAA1896,"solute carrier family 25 (mitochondrial carrier, phosphate carrier), member 25",protein-coding
866,chr14,34708587,34708760,+,0,NA,"intron (NM_001004436, intron 4 of 18)",L1Md_T|LINE|L1,-34005,NR_165636,115488304,,NR_165636,,5830448L01Rik,-,RIKEN cDNA 5830448L01 gene,ncRNA
910,chr14,63943647,63943958,+,0,NA,promoter-TSS (NM_011446),promoter-TSS (NM_011446),96,NM_011446,20680,,NM_011446,ENSMUSG00000063060,Sox7,-,SRY (sex determining region Y)-box 7,protein-coding
969,chr15,32245775,32246123,+,0,NA,"intron (NM_009154, intron 1 of 22)",CpG,1136,NM_009154,20356,,NM_009154,ENSMUSG00000022231,Sema5a,5930434A13|9130201M22Rik|Semaf|semF,"sema domain, seven thrombospondin repeats (type 1 and type 1-like), transmembrane domain (TM) and short cytoplasmic domain, (semaphorin) 5A",protein-coding
1878,chr3,129204144,129204401,+,0,NA,"intron (NM_001042504, intron 2 of 3)","intron (NM_001042504, intron 2 of 3)",4394,NM_001042504,18741,,NM_011098,ENSMUSG00000028023,Pitx2,9430085M16Rik|Brx1|Brx1b|Munc30|Otlx2|Ptx2|Rieg,paired-like homeodomain transcription factor 2,protein-coding
975,chr15,37233693,37234603,+,0,NA,promoter-TSS (NR_155442),promoter-TSS (NR_155442),-989,NR_155441,105245924,,NR_155441,ENSMUSG00000089804,Gm16136,-,predicted gene 16136,ncRNA
1197,chr17,25433474,25434354,+,0,NA,promoter-TSS (NM_001163691),promoter-TSS (NM_001163691),-131,NM_001163691,58226,,NM_021415,ENSMUSG00000024112,Cacna1h,Cav3.2|MNCb-1209|alpha13.2,"calcium channel, voltage-dependent, T type, alpha 1H subunit",protein-coding
2338,chr6,49822291,49823047,+,0,NA,promoter-TSS (NM_023456),promoter-TSS (NM_023456),-41,NM_023456,109648,,NM_023456,ENSMUSG00000029819,Npy,0710005A05Rik,neuropeptide Y,protein-coding
532,chr11,115321759,115322098,+,0,NA,promoter-TSS (NM_001362400),promoter-TSS (NM_001362400),-10,NM_176847,16470,,NM_176847,ENSMUSG00000045288,Ush1g,Sans|js,USH1 protein network component sans,protein-coding
2411,chr6,120364125,120364453,+,0,NA,promoter-TSS (NR_045558),promoter-TSS (NR_045558),80,NM_001381934,67200,,NM_026028,ENSMUSG00000030177,Ccdc77,2400002C23Rik|2700091N06Rik,coiled-coil domain containing 77,protein-coding
1476,chr19,55741361,55741660,+,0,NA,promoter-TSS (NM_009333),promoter-TSS (NM_009333),-300,NM_001331141,21416,,NM_009333,ENSMUSG00000024985,Tcf7l2,TCF4B|TCF4E|Tcf-4|Tcf4,"transcription factor 7 like 2, T cell specific, HMG box",protein-coding
2283,chr5,147957337,147957570,+,0,NA,"5' UTR (NM_029920, exon 1 of 15)","5' UTR (NM_029920, exon 1 of 15)",133,NM_001359503,77521,,NM_029920,ENSMUSG00000029651,Mtus2,5730592G18Rik|A730013O20Rik|C130038G02Rik|Cazip|Gm763|mKIAA0774,microtubule associated tumor suppressor candidate 2,protein-coding
2320,chr6,38353656,38354975,+,0,NA,"5' UTR (NM_028421, exon 1 of 12)","5' UTR (NM_028421, exon 1 of 12)",288,NM_028864,78781,,NM_028421,ENSMUSG00000029826,Zc3hav1,1200014N16Rik|2900058M19Rik|9130009D18Rik|9830115L13Rik|ARTD13|D6Bwg1452e|PARP13|ZAP,"zinc finger CCCH type, antiviral 1",protein-coding
1784,chr3,60500733,60501462,+,0,NA,promoter-TSS (NM_001310514),promoter-TSS (NM_001310514),-82,NM_001253709,56758,,NM_020007,ENSMUSG00000027763,Mbnl1,Mbnl|mKIAA0428,muscleblind like splicing regulator 1,protein-coding
764,chr13,58273402,58273889,+,0,NA,"intron (NM_019832, intron 1 of 11)",CpG,543,NM_019832,56278,,NM_019832,ENSMUSG00000021552,Gkap1,42kDa|4933400B15Rik|D13Ertd340e|Gkap42,G kinase anchoring protein 1,protein-coding
1472,chr19,53038257,53038603,+,0,NA,"intron (NM_133216, intron 1 of 20)",CpG,140,NM_001374834,170750,,NM_133216,ENSMUSG00000025027,Xpnpep1,D230045I08Rik|sAMP,"X-prolyl aminopeptidase (aminopeptidase P) 1, soluble",protein-coding
3137,chrX,150588040,150588417,+,0,NA,promoter-TSS (NM_029943),promoter-TSS (NM_029943),-15,NM_001374172,18639,,NM_008824,ENSMUSG00000025271,Pfkfb1,PFK/FBPase 1,"6-phosphofructo-2-kinase/fructose-2,6-biphosphatase 1",protein-coding
1178,chr17,13550739,13553045,+,0,NA,"intron (NR_045436, intron 1 of 4)",(CTGTG)n|Simple_repeat|Simple_repeat,2202,NR_045437,72578,,NR_045436,ENSMUSG00000117042,2700054A10Rik,-,RIKEN cDNA 2700054A10 gene,ncRNA
416,chr11,73177416,73177787,+,0,NA,promoter-TSS (NM_001168470),promoter-TSS (NM_001168470),518,NM_029564,76281,,NM_029564,ENSMUSG00000040158,Tax1bp3,1300011C24Rik|TIP-1,Tax1 (human T cell leukemia virus type I) binding protein 3,protein-coding
598,chr12,54067716,54068803,+,0,NA,"exon (NM_013780, exon 12 of 12)","exon (NM_013780, exon 12 of 12)",135615,NM_028133,112407,,NM_028133,ENSMUSG00000035105,Egln3,2610021G09Rik|Hif-p4h-3|Phd3|SM-20,egl-9 family hypoxia-inducible factor 3,protein-coding
168,chr1,171195678,171196144,+,0,NA,"intron (NM_025557, intron 1 of 2)","intron (NM_025557, intron 1 of 2)",357,NM_025557,66425,,NM_025557,ENSMUSG00000038370,Pcp4l1,1500036F01Rik,Purkinje cell protein 4-like 1,protein-coding
284,chr10,116581483,116581920,+,0,NA,promoter-TSS (NM_001359563),promoter-TSS (NM_001359563),-190,NM_001359563,72068,,NM_028082,ENSMUSG00000020166,Cnot2,2600016M12Rik|2810470K03Rik,"CCR4-NOT transcription complex, subunit 2",protein-coding
1287,chr17,84096504,84096832,+,0,NA,Intergenic,CpG,18008,NR_045458,74473,,NR_045458,ENSMUSG00000117571,4933433H22Rik,-,RIKEN cDNA 4933433H22 gene,ncRNA
218,chr10,41887191,41887957,+,0,NA,"exon (NM_001013370, exon 1 of 10)","exon (NM_001013370, exon 1 of 10)",135,NM_001013370,140742,,NM_001013370,ENSMUSG00000038332,Sesn1,1110002G11Rik|Pa26|Sest1,sestrin 1,protein-coding
2685,chr8,27121386,27122175,+,0,NA,"exon (NM_054044, exon 19 of 19)","exon (NM_054044, exon 19 of 19)",6852,NM_025686,66653,,NM_025686,ENSMUSG00000031487,Brf2,2700059M06Rik|5730512K07Rik|BRFU|TFIIIB50,"BRF2, RNA polymerase III transcription initiation factor 50kDa subunit",protein-coding
1873,chr3,127625274,127625865,+,0,NA,Intergenic,CpG,-7567,NM_009718,11924,,NM_009718,ENSMUSG00000027967,Neurog2,Atoh4|Math4A|bHLHa8|ngn-2|ngn2,neurogenin 2,protein-coding
1606,chr2,94010366,94010932,+,0,NA,promoter-TSS (NM_026944),promoter-TSS (NM_026944),81,NM_026944,69113,,NM_026944,ENSMUSG00000040174,Alkbh3,1700108H04Rik|1810020C19Rik|Abh3|mABH3,"alkB homolog 3, alpha-ketoglutarate-dependent dioxygenase",protein-coding
2592,chr7,100492630,100493728,+,0,NA,promoter-TSS (NM_011671),promoter-TSS (NM_011671),-179,NM_011671,22228,,NM_011671,ENSMUSG00000033685,Ucp2,Slc25a8|UCP 2|UCPH,"uncoupling protein 2 (mitochondrial, proton carrier)",protein-coding
2761,chr8,92855370,92855699,+,0,NA,"exon (NM_173014, exon 1 of 14)","exon (NM_173014, exon 1 of 14)",201,NM_001357374,270084,,NM_173014,ENSMUSG00000033192,Lpcat2,1-AGPAT 11|A330042H22|Aytl1|Aytl1a|lpafat1|lysoPAFAT|lysoPAFAT/LPCAT2,lysophosphatidylcholine acyltransferase 2,protein-coding
464,chr11,96004855,96005676,+,0,NA,"intron (NM_009951, intron 1 of 14)",CpG,679,NM_009951,140486,,NM_009951,ENSMUSG00000013415,Igf2bp1,CRD-BP|Crdbp|D030026A21Rik|D11Moh40e|D11Moh45|IMP1|Neilsen|ZBP-1|Zbp1|mir-3063,insulin-like growth factor 2 mRNA binding protein 1,protein-coding
2375,chr6,87042996,87043239,+,0,NA,"intron (NM_013528, intron 1 of 18)","intron (NM_013528, intron 1 of 18)",271,NM_013528,14583,,NM_013528,ENSMUSG00000029992,Gfpt1,2810423A18Rik|GFA|GFAT|GFAT1|GFAT1m|Gfpt,glutamine fructose-6-phosphate transaminase 1,protein-coding
2990,chr9,85326191,85327222,+,0,NA,"exon (NM_001160378, exon 2 of 3)","exon (NM_001160378, exon 2 of 3)",418,NM_001160378,212943,,NM_001160378,ENSMUSG00000032265,Tent5a,BAP014|D930050G01Rik|Fam46a,terminal nucleotidyltransferase 5A,protein-coding
377,chr11,63921189,63922285,+,0,NA,"exon (NM_018805, exon 1 of 2)","exon (NM_018805, exon 1 of 2)",547,NM_018805,54710,,NM_018805,ENSMUSG00000070407,Hs3st3b1,3-OST-3B|3OST3B1|3Ost3b|Hs3st3b|m3-OST-3B,heparan sulfate (glucosamine) 3-O-sulfotransferase 3B1,protein-coding
2252,chr5,124552725,124553039,+,0,NA,promoter-TSS (NM_026409),promoter-TSS (NM_026409),18,NM_026409,67848,,NM_026409,ENSMUSG00000029389,Ddx55,2810021H22Rik|mKIAA1595,DEAD box helicase 55,protein-coding
1948,chr4,46506859,46507472,+,0,NA,"exon (NM_029077, exon 6 of 6)","exon (NM_029077, exon 6 of 6)",17836,NM_053179,94181,,NM_053179,ENSMUSG00000028334,Nans,4632418E04Rik|Sas,N-acetylneuraminic acid synthase (sialic acid synthase),protein-coding
1329,chr18,33810472,33810838,+,0,NA,"intron (NM_013512, intron 18 of 23)","intron (NM_013512, intron 18 of 23)",15763,NR_038151,69749,,NR_038151,ENSMUSG00000087590,Epb41l4aos,2410004N09Rik|Epb4.1l4aos,"erythrocyte membrane protein band 4.1 like 4a, opposite strand",ncRNA
1261,chr17,56257023,56257585,+,0,NA,"exon (NM_010192, exon 1 of 1)","exon (NM_010192, exon 1 of 1)",511,NM_010192,14154,,NM_010192,ENSMUSG00000043683,Fem1a,Eprap|Fem1aa,fem 1 homolog a,protein-coding
364,chr11,58307116,58307821,+,0,NA,"intron (NM_001040686, intron 1 of 11)",CpG,399,NM_182996,103836,,NM_182996,ENSMUSG00000037243,Zfp692,Zfp692-ps|Znf692,zinc finger protein 692,protein-coding
1142,chr16,85172290,85173769,+,0,NA,"intron (NM_001198824, intron 1 of 16)",CpG,678,NM_001198824,11820,,NM_007471,ENSMUSG00000022892,App,Abeta|Abpp|Adap|Ag|Cvap|E030013M08Rik|betaApp,amyloid beta precursor protein,protein-coding
1253,chr17,46674339,46674674,+,0,NA,promoter-TSS (NM_144857),promoter-TSS (NM_144857),-180,NR_160853,224823,,NM_144857,ENSMUSG00000023971,Rrp36,-,ribosomal RNA processing 36,protein-coding
1380,chr18,68299906,68300143,+,0,NA,promoter-TSS (NM_001170953),promoter-TSS (NM_001170953),309,NM_153794,108654,,NM_153794,ENSMUSG00000038121,Fam210a,4933403F05Rik,"family with sequence similarity 210, member A",protein-coding
1790,chr3,66635453,66635853,+,0,NA,Intergenic,L1Md_T|LINE|L1,-338816,NM_145820,72789,,NM_028357,ENSMUSG00000027831,Veph1,2810471M23Rik|Veph,ventricular zone expressed PH domain-containing 1,protein-coding
577,chr12,23426417,23426995,+,0,NA,Intergenic,CpG,-111358,NR_169039,629133,,NR_169039,,Gm20472,EG629133|Gm6950,predicted pseudogene 6950,pseudo
2392,chr6,101643550,101643980,+,0,NA,Intergenic,L1Md_T|LINE|L1,-130484,NR_027989,207157,,NM_177579,ENSMUSG00000052236,Gm9871,0610005I04|EG207157,predicted gene 9871,ncRNA
46,chr1,24099625,24100139,+,0,NA,"intron (NM_026604, intron 1 of 20)",CpG,459,NM_026604,68187,,NM_026604,ENSMUSG00000026153,Fam135a,4921533L14Rik,"family with sequence similarity 135, member A",protein-coding
379,chr11,65807027,65807509,+,0,NA,promoter-TSS (NM_001302374),promoter-TSS (NM_001302374),93,NM_001302374,52712,,NM_026107,ENSMUSG00000018347,Zkscan6,1700128E15Rik|D11Ertd714e|KOX11|Zfp535|Znf18,zinc finger with KRAB and SCAN domains 6,protein-coding
2446,chr6,149101107,149101372,+,0,NA,"exon (NM_177192, exon 1 of 21)","exon (NM_177192, exon 1 of 21)",441,NM_177192,320560,,NM_177192,ENSMUSG00000030313,Dennd5b,9330160C06Rik|D030011O10Rik|Gm17524,DENN domain containing 5B,protein-coding
2830,chr8,123575976,123576553,+,0,NA,Intergenic,(CTCG)n|Simple_repeat|Simple_repeat,-10177,NR_046127,100861480,,NR_046127,ENSMUSG00000119748,Gm25018,Rn5s10,"predicted gene, 25018",rRNA
2802,chr8,121652673,121653079,+,0,NA,promoter-TSS (NM_080855),promoter-TSS (NM_080855),-943,NM_080855,142682,,NM_080855,ENSMUSG00000061410,Zcchc14,BDG29,"zinc finger, CCHC domain containing 14",protein-coding
1737,chr2,181864248,181864844,+,0,NA,"exon (NM_025901, exon 1 of 3)","exon (NM_025901, exon 1 of 3)",186,NM_025901,67005,,NM_025901,ENSMUSG00000038628,Polr3k,12.3kDa|1500004O14Rik|C11|RPC10|RPC11,polymerase (RNA) III (DNA directed) polypeptide K,protein-coding
958,chr15,9071638,9072011,+,0,NA,"intron (NM_001040395, intron 1 of 12)",CpG,564,NM_001286253,68646,,NM_001040395,ENSMUSG00000022253,Nadk2,MNADK|Nadkd1,"NAD kinase 2, mitochondrial",protein-coding
289,chr10,120475017,120476178,+,0,NA,"intron (NM_001347170, intron 1 of 5)",CpG,872,NM_010441,15364,,NM_010441,ENSMUSG00000056758,Hmga2,9430083A20Rik|HMGI-C|Hmgic|pg|pygmy,high mobility group AT-hook 2,protein-coding
1257,chr17,47833387,47833613,+,0,NA,promoter-TSS (NM_010783),promoter-TSS (NM_010783),-209,NM_001276390,17240,,NM_010783,ENSMUSG00000032717,Mdfi,I-mf|I-mfa,MyoD family inhibitor,protein-coding
3118,chrX,105764538,105765416,+,0,NA,"intron (NM_030614, intron 1 of 2)",CpG,500,NM_030614,80903,,NM_030614,ENSMUSG00000031230,Fgf16,Fgf4c,fibroblast growth factor 16,protein-coding
1399,chr19,4100050,4100489,+,0,NA,promoter-TSS (NM_008851),promoter-TSS (NM_008851),271,NR_075078,18739,,NM_008851,ENSMUSG00000024851,Pitpnm1,DRES9|Mpt-1|Nir-2|PITPnm 1|Pitpnm|Rd9|RdgB|RdgB1,"phosphatidylinositol transfer protein, membrane-associated 1",protein-coding
2116,chr4,152282832,152283378,+,0,NA,"exon (NM_001374784, exon 6 of 6)","exon (NM_001374784, exon 6 of 6)",8557,NM_008237,15207,,NM_008237,ENSMUSG00000028946,Hes3,Hes-3|bHLHb43,hes family bHLH transcription factor 3,protein-coding
891,chr14,54576049,54576751,+,0,NA,"exon (NM_010590, exon 1 of 8)","exon (NM_010590, exon 1 of 8)",1261,NM_010590,16475,,NM_010590,ENSMUSG00000022178,Ajuba,Jub,ajuba LIM protein,protein-coding
2301,chr6,24955086,24956006,+,0,NA,"exon (NM_177013, exon 1 of 1)","exon (NM_177013, exon 1 of 1)",579,NM_177013,319832,,NM_177013,ENSMUSG00000048022,Tmem229a,6332401O19Rik,transmembrane protein 229A,protein-coding
3102,chrX,94796188,94796855,+,0,NA,"non-coding (NR_003292, exon 1 of 1)","non-coding (NR_003292, exon 1 of 1)",1768,NR_003292,668171,,NR_003292,,Zxda,4933406P09Rik,"zinc finger, X-linked, duplicated A",pseudo
2009,chr4,109978005,109978429,+,0,NA,"5' UTR (NM_172296, exon 1 of 3)","5' UTR (NM_172296, exon 1 of 3)",192,NM_172296,242620,,NM_172296,ENSMUSG00000047143,Dmrta2,Dmrt5,doublesex and mab-3 related transcription factor like family A2,protein-coding
232,chr10,52690572,52691482,+,0,NA,"exon (NM_178675, exon 1 of 8)","exon (NM_178675, exon 1 of 8)",526,NM_178675,215085,,NM_178675,ENSMUSG00000038602,Slc35f1,Duf6|E130016L02,"solute carrier family 35, member F1",protein-coding
2269,chr5,138995785,138996969,+,0,NA,Intergenic,Intergenic,-1433,NM_001363271,18590,,NM_008808,ENSMUSG00000025856,Pdgfa,PDGF-1,"platelet derived growth factor, alpha",protein-coding
1315,chr18,11054122,11055112,+,0,NA,"exon (NM_010258, exon 2 of 7)","exon (NM_010258, exon 2 of 7)",-2050,NR_105023,68434,,NR_105022,ENSMUSG00000097222,Gata6os,1010001N08Rik|Gata6as|LncGata6,"GATA binding protein 6, opposite strand",ncRNA
280,chr10,112271797,112272354,+,0,NA,"exon (NM_001025581, exon 2 of 5)","exon (NM_001025581, exon 2 of 5)",802,NM_001359753,268345,,NM_001025581,ENSMUSG00000035681,Kcnc2,B230117I07|KShIIIA|Kv3.2,"potassium voltage gated channel, Shaw-related subfamily, member 2",protein-coding
2652,chr7,142094338,142094989,+,0,NA,"intron (NM_008748, intron 1 of 6)",CpG,621,NM_008748,18218,,NM_008748,ENSMUSG00000037887,Dusp8,5530400B01Rik|Nttp1,dual specificity phosphatase 8,protein-coding
2367,chr6,84584745,84584962,+,0,NA,"intron (NM_175475, intron 2 of 6)",CpG-12217,8957,NM_175475,232174,,NM_175475,ENSMUSG00000063415,Cyp26b1,CP26|P450RAI-2,"cytochrome P450, family 26, subfamily b, polypeptide 1",protein-coding
1302,chr17,94749505,94750093,+,0,NA,promoter-TSS (NR_024720),promoter-TSS (NR_024720),220,NM_176917,76781,,NM_176917,ENSMUSG00000055660,Mettl4,2410198H06Rik|A730091E08Rik|HsT661,"methyltransferase 4, N6-adenosine",protein-coding
2248,chr5,123015039,123016131,+,0,NA,"intron (NM_175423, intron 1 of 1)",CpG,511,NM_175423,109305,,NM_175423,ENSMUSG00000049686,Orai1,D730049H07Rik|Tmem142a|orai-1,ORAI calcium release-activated calcium modulator 1,protein-coding
1439,chr19,30029944,30031270,+,0,NA,promoter-TSS (NM_144873),promoter-TSS (NM_144873),94,NM_144873,109113,,NM_144873,ENSMUSG00000024817,Uhrf2,2310065A22Rik|D130071B19Rik|Nirf,"ubiquitin-like, containing PHD and RING finger domains 2",protein-coding
1686,chr2,154407444,154408683,+,0,NA,promoter-TSS (NM_009228),promoter-TSS (NM_009228),21,NM_009228,20648,,NM_009228,ENSMUSG00000027488,Snta1,Snt1,"syntrophin, acidic 1",protein-coding
85,chr1,72307013,72307510,+,0,NA,promoter-TSS (NM_001357520),promoter-TSS (NM_001357520),-160,NM_001357520,22596,,NM_009533,ENSMUSG00000026187,Xrcc5,CTC85|CTCBF|Ku80|Ku86,X-ray repair complementing defective repair in Chinese hamster cells 5,protein-coding
49,chr1,33670334,33670647,+,0,NA,promoter-TSS (NM_008922),promoter-TSS (NM_008922),666,NR_033199,67503,,NM_026204,ENSMUSG00000103746,1700001G17Rik,-,RIKEN cDNA 1700001G17 gene,ncRNA
186,chr1,184033524,184033968,+,0,NA,promoter-TSS (NM_022019),promoter-TSS (NM_022019),252,NM_028516,73363,,NM_028516,ENSMUSG00000044854,1700056E22Rik,-,RIKEN cDNA 1700056E22 gene,protein-coding
1470,chr19,47252772,47253721,+,0,NA,"exon (NM_021360, exon 4 of 6)","exon (NM_021360, exon 4 of 6)",20343,NR_105961,102466782,,NR_105961,ENSMUSG00000098786,Mir6995,Gm27576|mmu-mir-6995,microRNA 6995,ncRNA
1867,chr3,122729648,122730837,+,0,NA,"intron (NM_153422, intron 1 of 20)",CpG,1084,NM_153422,242202,,NM_153422,ENSMUSG00000053965,Pde5a,Cgbpde|Cn5n|PDE5a2|Pde5|Pde5a1,"phosphodiesterase 5A, cGMP-specific",protein-coding
2424,chr6,125081548,125082189,+,0,NA,"exon (NM_001163269, exon 2 of 2)","exon (NM_001163269, exon 2 of 2)",10533,NM_001163268,381810,,NM_001163268,ENSMUSG00000067714,Lpar5,GPR93|Gm1072|Gpr92|LPA5,lysophosphatidic acid receptor 5,protein-coding
2651,chr7,142082116,142082643,+,0,NA,"exon (NM_008748, exon 7 of 7)","exon (NM_008748, exon 7 of 7)",12905,NM_008748,18218,,NM_008748,ENSMUSG00000037887,Dusp8,5530400B01Rik|Nttp1,dual specificity phosphatase 8,protein-coding
2914,chr9,40455286,40456122,+,0,NA,promoter-TSS (NM_172768),promoter-TSS (NM_172768),60,NM_172768,235283,,NM_172768,ENSMUSG00000040111,Gramd1b,3222402H23|A930008A22Rik|mKIAA1201,GRAM domain containing 1B,protein-coding
1089,chr16,15886570,15888062,+,0,NA,promoter-TSS (NM_007679),promoter-TSS (NM_007679),30,NM_007679,12609,,NM_007679,ENSMUSG00000071637,Cebpd,c/EBPdelta,CCAAT/enhancer binding protein delta,protein-coding
1303,chr18,3507831,3508716,+,0,NA,"exon (NM_026505, exon 1 of 3)","exon (NM_026505, exon 1 of 3)",316,NM_026505,68010,,NM_026505,ENSMUSG00000024232,Bambi,2610003H06Rik,BMP and activin membrane-bound inhibitor,protein-coding
1992,chr4,99715672,99716069,+,0,NA,"intron (NM_001081264, intron 1 of 14)",CpG,240,NM_001081264,320438,,NM_001081264,ENSMUSG00000073792,Alg6,E230028F23Rik,"ALG6 alpha-1,3-glucosyltransferase",protein-coding
1897,chr3,145576242,145576710,+,0,NA,"exon (NM_001081094, exon 1 of 10)","exon (NM_001081094, exon 1 of 10)",260,NM_001346521,229937,,NM_001081094,ENSMUSG00000074182,Znhit6,2410019A14Rik,"zinc finger, HIT type 6",protein-coding
451,chr11,88864007,88864774,+,0,NA,"intron (NR_126433, intron 3 of 4)",CpG,196,NM_001042541,11640,,NM_009648,ENSMUSG00000018428,Akap1,AKAP121|AKAP84|Akap|DAKAP1|S-AKAP84,A kinase anchor protein 1,protein-coding
2573,chr7,81453463,81455194,+,0,NA,"intron (NM_007755, intron 1 of 11)",CpG,430,NM_001252525,12877,,NM_007755,ENSMUSG00000025586,Cpeb1,Cpe-bp1|Cpeb|mCPEB|mCpeb-1,cytoplasmic polyadenylation element binding protein 1,protein-coding
1459,chr19,44266632,44266913,+,0,NA,Intergenic,L1M4|LINE|L1,-26904,NM_009128,20250,,NM_009128,ENSMUSG00000025203,Scd2,Mir5114|Scd-2|mir-5114|swty,stearoyl-Coenzyme A desaturase 2,protein-coding
1050,chr15,98871079,98871797,+,0,NA,promoter-TSS (NM_001033276),promoter-TSS (NM_001033276),-233,NM_001033276,381022,,NM_001033276,ENSMUSG00000048154,Kmt2d,ALR|C430014K11Rik|KMT2B|Mll2|Mll4|bapa,lysine (K)-specific methyltransferase 2D,protein-coding
3128,chrX,137118819,137119699,+,0,NA,"intron (NM_007957, intron 2 of 4)",CpG,1067,NM_007957,13984,,NM_007957,ENSMUSG00000023443,Esx1,Spx1,"extraembryonic, spermatogenesis, homeobox 1",protein-coding
3034,chr9,110857884,110858227,+,0,NA,promoter-TSS (NM_146227),promoter-TSS (NM_146227),88,NM_146227,235631,,NM_146227,ENSMUSG00000048752,Prss50,79H19C|Tsp50,serine protease 50,protein-coding
627,chr12,80692516,80693213,+,0,NA,promoter-TSS (NR_037995),promoter-TSS (NR_037995),263,NM_001177503,217682,,NM_001177503,ENSMUSG00000066438,Plekhd1,3830431G21Rik,"pleckstrin homology domain containing, family D (with coiled-coil domains) member 1",protein-coding
2156,chr5,30888851,30889456,+,0,NA,promoter-TSS (NM_001294262),promoter-TSS (NM_001294262),147,NM_001048192,231093,,NM_174849,ENSMUSG00000029165,Agbl5,9430057O19Rik|CCP5,ATP/GTP binding protein-like 5,protein-coding
2312,chr6,30958092,30958761,+,0,NA,"exon (NM_001135093, exon 1 of 1)","exon (NM_001135093, exon 1 of 1)",564,NM_001135093,619665,,NM_001135093,ENSMUSG00000073209,Klf14,5330411L03Rik|BTEB5,Kruppel-like transcription factor 14,protein-coding
2101,chr4,146263287,146263558,+,0,NA,Intergenic,CpG,-6963,NM_001083918,666532,,NM_001083918,ENSMUSG00000067916,Zfp991,Gm13139,zinc finger protein 991,protein-coding
80,chr1,63113369,63113942,+,0,NA,promoter-TSS (NR_045915),promoter-TSS (NR_045915),612,NM_001081436,227195,,NM_001081436,ENSMUSG00000040865,Ino80d,7330405I11|A430093A21Rik,INO80 complex subunit D,protein-coding
559,chr12,3808118,3808425,+,0,NA,"intron (NM_001271753, intron 1 of 22)","intron (NM_001271753, intron 1 of 22)",1111,NM_001271753,13435,,NM_007872,ENSMUSG00000020661,Dnmt3a,MmuIIIA,DNA methyltransferase 3A,protein-coding
1504,chr2,25185476,25186414,+,0,NA,Intergenic,CpG,5187,NM_025980,67122,,NM_025980,ENSMUSG00000078202,Nrarp,2700054M22Rik,Notch-regulated ankyrin repeat protein,protein-coding
1080,chr16,10192926,10193222,+,0,NA,"intron (NM_153123, intron 1 of 10)",CpG,168,NM_153123,75329,,NM_029253,ENSMUSG00000039200,Atf7ip2,4930558K11Rik|Get-1|PSM2,activating transcription factor 7 interacting protein 2,protein-coding
2012,chr4,114406492,114407041,+,0,NA,promoter-TSS (NM_001085549),promoter-TSS (NM_001085549),42,NM_001085549,666048,,NM_001085549,ENSMUSG00000070867,Trabd2b,Gm12824|Hkat,TraB domain containing 2B,protein-coding
353,chr11,51967568,51968191,+,0,NA,"exon (NM_029976, exon 1 of 3)","exon (NM_029976, exon 1 of 3)",248,NM_029976,52626,,NM_029976,ENSMUSG00000020392,Cdkn2aipnl,A430101B06Rik|D11Ertd497e|MNCb-1520,CDKN2A interacting protein N-terminal like,protein-coding
140,chr1,135104897,135105587,+,0,NA,promoter-TSS (NM_001033409),promoter-TSS (NM_001033409),34,NM_001033409,329252,,NM_001033409,ENSMUSG00000042793,Lgr6,A530037C04Rik|D830026M09,leucine-rich repeat-containing G protein-coupled receptor 6,protein-coding
86,chr1,74124379,74125203,+,0,NA,promoter-TSS (NM_001170641),promoter-TSS (NM_001170641),-243,NM_027884,21961,,NM_027884,ENSMUSG00000055322,Tns1,1110018I21Rik|1200014E20Rik|E030018G17Rik|E030037J05Rik|Tns,tensin 1,protein-coding
2419,chr6,124415573,124415942,+,0,NA,promoter-TSS (NM_001360570),promoter-TSS (NM_001360570),98,NM_001360570,19305,,NM_008995,ENSMUSG00000005069,Pex5,ESTM1|PTS1-BP|PTS1R|PXR1P|Pxr1,peroxisomal biogenesis factor 5,protein-coding
2699,chr8,41374660,41375150,+,0,NA,promoter-TSS (NM_019734),promoter-TSS (NM_019734),-208,NM_019734,11886,,NM_019734,ENSMUSG00000031591,Asah1,2310081N20Rik|AC|Asah,N-acylsphingosine amidohydrolase 1,protein-coding
2469,chr7,16884313,16886878,+,0,NA,"exon (NM_001081655, exon 4 of 4)","exon (NM_001081655, exon 4 of 4)",-6191,NM_010320,14709,,NM_010320,ENSMUSG00000063594,Gng8,G(y)8|Hg3e,"guanine nucleotide binding protein (G protein), gamma 8",protein-coding
548,chr11,119942296,119942896,+,0,NA,promoter-TSS (NM_001037754),promoter-TSS (NM_001037754),-496,NM_001037754,108100,,NM_130862,ENSMUSG00000025372,Baiap2,IRSp53,brain-specific angiogenesis inhibitor 1-associated protein 2,protein-coding
313,chr11,4848681,4849623,+,0,NA,"5' UTR (NM_001252252, exon 1 of 16)","5' UTR (NM_001252252, exon 1 of 16)",392,NM_001252252,18016,,NM_010898,ENSMUSG00000009073,Nf2,merlin,neurofibromin 2,protein-coding
2800,chr8,121116464,121116784,+,0,NA,"exon (NM_013519, exon 1 of 1)","exon (NM_013519, exon 1 of 1)",453,NM_013519,14234,,NM_013519,ENSMUSG00000046714,Foxc2,Fkh14|Hfhbf3|MFH-1|Mfh1,forkhead box C2,protein-coding
1557,chr2,54084629,54085607,+,0,NA,"exon (NM_023396, exon 1 of 1)","exon (NM_023396, exon 1 of 1)",434,NM_023396,67874,,NM_023396,ENSMUSG00000075334,Rprm,2410012A13Rik|Reprimo,"reprimo, TP53 dependent G2 arrest mediator candidate",protein-coding
1550,chr2,38711554,38711989,+,0,NA,"intron (NM_139051, intron 1 of 6)",CpG-8071,463,NM_001316687,26423,,NM_139051,ENSMUSG00000026751,Nr5a1,Ad4BP|ELP|ELP-3|Ftz-F1|Ftzf1|SF-1|SF1|STF-1,"nuclear receptor subfamily 5, group A, member 1",protein-coding
2797,chr8,120229010,120229764,+,0,NA,Intergenic,CpG,-1157,NR_110496,434353,,NR_110496,ENSMUSG00000097960,A330074K22Rik,-,RIKEN cDNA A330074K22 gene,ncRNA
1547,chr2,37786313,37787148,+,0,NA,"exon (NM_001163566, exon 4 of 13)","exon (NM_001163566, exon 4 of 13)",10481,NM_001163566,241324,,NM_001163566,ENSMUSG00000035403,Crb2,5930402A21,crumbs family member 2,protein-coding
2832,chr8,123579312,123580232,+,0,NA,Intergenic,Intergenic,-13685,NR_046127,100861480,,NR_046127,ENSMUSG00000119748,Gm25018,Rn5s10,"predicted gene, 25018",rRNA
2017,chr4,116075893,116076255,+,0,NA,"intron (NM_153521, intron 1 of 9)",CpG,805,NM_153521,230654,,NM_153521,ENSMUSG00000028703,Lrrc41,D630045E04Rik|D730026A16Rik|MUF1,leucine rich repeat containing 41,protein-coding
154,chr1,160792340,160792926,+,0,NA,"intron (NM_013862, intron 1 of 20)",CpG,305,NM_013862,29809,,NM_013862,ENSMUSG00000026721,Rabgap1l,5830411O09Rik|8430421H08Rik|9630005B12Rik|HHL|Hh1|mKIAA0471,RAB GTPase activating protein 1-like,protein-coding
2289,chr6,4923839,4924196,+,0,NA,"intron (NR_156747, intron 2 of 17)","intron (NR_156747, intron 2 of 17)",20706,NR_156747,243725,,NM_181595,ENSMUSG00000032827,Ppp1r9a,2810430P21Rik|4930518N04Rik|5330407E15|A230094E16Rik|NRB|neurabin-I,"protein phosphatase 1, regulatory subunit 9A",protein-coding
102,chr1,88277223,88277678,+,0,NA,"exon (NM_198652, exon 1 of 8)","exon (NM_198652, exon 1 of 8)",107,NM_172505,212427,,NM_172505,,A730008H23Rik,Fleg1,RIKEN cDNA A730008H23 gene,protein-coding
1013,chr15,79803356,79804410,+,0,NA,"intron (NM_001013360, intron 4 of 7)",CpG,826,NM_030689,73340,,NM_030689,ENSMUSG00000022421,Nptxr,1200009K17Rik|1700036C17Rik|5730406O18Rik|D15Bwg0580e|NPR|Npcd,neuronal pentraxin receptor,protein-coding
565,chr12,8301444,8302484,+,0,NA,promoter-TSS (NM_001312876),promoter-TSS (NM_001312876),-10,NM_001312876,238057,,NM_013527,ENSMUSG00000037660,Gdf7,BMP12,growth differentiation factor 7,protein-coding
2673,chr8,15028086,15029259,+,0,NA,"exon (NM_029116, exon 2 of 2)","exon (NM_029116, exon 2 of 2)",17406,NR_037972,434285,,NM_001007591,ENSMUSG00000049008,BB014433,-,expressed sequence BB014433,ncRNA
1542,chr2,34913366,34914327,+,0,NA,"intron (NM_028716, intron 1 of 14)",CpG,130,NM_028716,74016,,NM_028716,ENSMUSG00000026873,Phf19,3110009G19Rik|3321402G02Rik,PHD finger protein 19,protein-coding
2866,chr9,3000297,3001498,+,0,NA,Intergenic,GSAT_MM|Satellite|Satellite,37846,NR_039546,100628572,,NR_039546,ENSMUSG00000106183,Mir101c,mir-101c|mmu-mir-101c,microRNA 101c,ncRNA
17,JH584304.1,87726,88508,+,0,NA,NA,NA,NA,NA,,,,,,,,
2070,chr4,133599738,133600025,+,0,NA,TTS (NM_018754),TTS (NM_018754),2287,NM_018754,55948,,NM_018754,ENSMUSG00000047281,Sfn,14-3-3|Er|Mme1|Ywhas,stratifin,protein-coding
466,chr11,96345930,96346463,+,0,NA,"exon (NM_010458, exon 2 of 2)","exon (NM_010458, exon 2 of 2)",2427,NM_010458,15410,,NM_010458,ENSMUSG00000048763,Hoxb3,Hox-2.7,homeobox B3,protein-coding
1780,chr3,58691532,58691618,+,0,NA,"exon (NM_009174, exon 1 of 2)","exon (NM_009174, exon 1 of 2)",813,NM_009174,20439,,NM_009174,ENSMUSG00000036432,Siah2,Sinh2,siah E3 ubiquitin protein ligase 2,protein-coding
1346,chr18,42275453,42276068,+,0,NA,promoter-TSS (NR_033452),promoter-TSS (NR_033452),407,NM_172626,225432,,NM_172626,ENSMUSG00000024491,Rbm27,A730010I06|Psc1|mKIAA1311,RNA binding motif protein 27,protein-coding
2455,chr7,4843388,4844345,+,0,NA,"intron (NM_172737, intron 1 of 5)","intron (NM_172737, intron 1 of 5)",830,NM_172737,232813,,NM_172737,ENSMUSG00000053550,Shisa7,ckamp59,shisa family member 7,protein-coding
2191,chr5,72559199,72559674,+,0,NA,"intron (NM_133921, intron 1 of 22)",CpG,209,NR_153351,100978,,NM_133921,ENSMUSG00000072889,Nfxl1,1700012H24Rik|D430033A06Rik|DNABF|GCF|Gm1058|TCF9,"nuclear transcription factor, X-box binding-like 1",protein-coding
2295,chr6,14899803,14900263,+,0,NA,Intergenic,Intergenic,-1316,NM_053242,114142,,NM_053242,ENSMUSG00000029563,Foxp2,2810043D05Rik|CAG-16|D0Kist7,forkhead box P2,protein-coding
342,chr11,45944339,45944934,+,0,NA,TTS (NM_001290737),TTS (NM_001290737),299,NM_028185,72290,,NM_028185,ENSMUSG00000044847,Lsm11,2210404M20Rik,U7 snRNP-specific Sm-like protein LSM11,protein-coding
2381,chr6,91212689,91213189,+,0,NA,"intron (NM_007992, intron 1 of 17)",CpG,175,NM_007992,14115,,NM_007992,ENSMUSG00000064080,Fbln2,5730577E14Rik|FIBL-2,fibulin 2,protein-coding
2054,chr4,129513187,129513664,+,0,NA,promoter-TSS (NM_010807),promoter-TSS (NM_010807),-156,NM_010807,17357,,NM_010807,ENSMUSG00000047945,Marcksl1,D4Bc1|F52|MacMARCKS|Macs2|Macs3|Mlp|Mrp,MARCKS-like 1,protein-coding
1269,chr17,64601406,64601462,+,0,NA,promoter-TSS (NM_008549),promoter-TSS (NM_008549),-215,NM_008549,17158,,NM_008549,ENSMUSG00000024085,Man2a1,Mana-2|Mana2|Map-2,"mannosidase 2, alpha 1",protein-coding
246,chr10,80115753,80116738,+,0,NA,"non-coding (NR_126043, exon 1 of 11)","non-coding (NR_126043, exon 1 of 11)",450,NM_011492,20869,,NM_011492,ENSMUSG00000003068,Stk11,Lkb1|Par-4,serine/threonine kinase 11,protein-coding
2384,chr6,96596352,96596605,+,0,NA,"intron (NM_182808, intron 3 of 4)",L1Md_T|LINE|L1,-430273,NR_003643,78482,,NM_030107,ENSMUSG00000072878,Nup50l,1700123L14Rik|Npap60|Nup50,nucleoporin 50 like,pseudo
2612,chr7,118490086,118492028,+,0,NA,"exon (NM_001033380, exon 1 of 1)","exon (NM_001033380, exon 1 of 1)",918,NM_001033380,319622,,NM_001033380,ENSMUSG00000095115,Itpripl2,C130081G24|E030018N11Rik,"inositol 1,4,5-triphosphate receptor interacting protein-like 2",protein-coding
1186,chr17,23742135,23743237,+,0,NA,"exon (NM_028416, exon 7 of 10)","exon (NM_028416, exon 7 of 10)",-2356,NM_023824,76498,,NM_023824,ENSMUSG00000023909,Paqr4,1500004C10Rik,progestin and adipoQ receptor family member IV,protein-coding
564,chr12,8298069,8299245,+,0,NA,"exon (NM_001312876, exon 2 of 2)","exon (NM_001312876, exon 2 of 2)",3297,NM_013527,238057,,NM_013527,ENSMUSG00000037660,Gdf7,BMP12,growth differentiation factor 7,protein-coding
2187,chr5,68437394,68437717,+,0,NA,Intergenic,L1Md_T|LINE|L1,405720,NM_001018019,433899,,NM_001018019,ENSMUSG00000068082,Grxcr1,Tg(Eno2-Gabrb3)0370Brll|pi|tde,"glutaredoxin, cysteine rich 1",protein-coding
3133,chrX,141724567,141725762,+,0,NA,promoter-TSS (NM_010572),promoter-TSS (NM_010572),53,NM_010572,16370,,NM_010572,ENSMUSG00000054667,Irs4,IRS-4,insulin receptor substrate 4,protein-coding
959,chr15,11399930,11400153,+,0,NA,promoter-TSS (NM_033074),promoter-TSS (NM_033074),-383,NM_033074,110960,,NM_033074,ENSMUSG00000022241,Tars1,D15Wsu59e|Tars|ThrRS,threonyl-tRNA synthetase 1,protein-coding
1693,chr2,157204060,157204993,+,0,NA,promoter-TSS (NM_011249),promoter-TSS (NM_011249),8,NM_011249,19650,,NM_011249,ENSMUSG00000027641,Rbl1,PRB1|p107,RB transcriptional corepressor like 1,protein-coding
524,chr11,112784686,112785226,+,0,NA,"exon (NM_011448, exon 3 of 3)","exon (NM_011448, exon 3 of 3)",2746,NM_011448,20682,,NM_011448,ENSMUSG00000000567,Sox9,2010306G03Rik|mKIAA4243|mSox9,SRY (sex determining region Y)-box 9,protein-coding
2986,chr9,79718525,79719337,+,0,NA,promoter-TSS (NM_001290308),promoter-TSS (NM_001290308),-209,NM_001290308,12816,,NM_007730,ENSMUSG00000032332,Col12a1,-,"collagen, type XII, alpha 1",protein-coding
655,chr12,98259018,98259370,+,0,NA,"exon (NM_008079, exon 1 of 17)","exon (NM_008079, exon 1 of 17)",265,NM_008079,14420,,NM_008079,ENSMUSG00000021003,Galc,2310068B06Rik|A930008M05Rik|Gacy|twi|twitcher,galactosylceramidase,protein-coding
128,chr1,128103370,128104026,+,0,NA,promoter-TSS (NM_001285945),promoter-TSS (NM_001285945),392,NM_181750,226412,,NM_181750,ENSMUSG00000056211,R3hdm1,R3hdm,R3H domain containing 1,protein-coding
1885,chr3,136670472,136671032,+,0,NA,"5' UTR (NM_001293622, exon 1 of 13)","5' UTR (NM_001293622, exon 1 of 13)",686,NM_001293622,19055,,NM_008913,ENSMUSG00000028161,Ppp3ca,2900074D19Rik|CN|Caln|Calna|CnA,"protein phosphatase 3, catalytic subunit, alpha isoform",protein-coding
490,chr11,100860290,100860988,+,0,NA,"intron (NM_001362680, intron 2 of 19)","intron (NM_001362680, intron 2 of 19)",155,NM_001164062,20850,,NM_011488,ENSMUSG00000004043,Stat5a,STAT5,signal transducer and activator of transcription 5A,protein-coding
48,chr1,31700804,31701143,+,0,NA,Intergenic,L1Md_T|LINE|L1,436126,NR_015347,226957,,NR_015347,,Gm4850,EG226957,THO complex 4 pseudogene,pseudo
895,chr14,55560038,55560459,+,0,NA,promoter-TSS (NM_001199009),promoter-TSS (NM_001199009),219,NR_037572,28199,,NM_133734,ENSMUSG00000022214,Dcaf11,0710008A13Rik|D14Ucla1|Dacf11|GLO14|Wdr23,DDB1 and CUL4 associated factor 11,protein-coding
1561,chr2,57222432,57222715,+,0,NA,Intergenic,RLTR4_MM-int|LTR|ERV1,-15105,NM_001145820,14571,,NM_010274,ENSMUSG00000026827,Gpd2,GPDH|Gdm1|Gpd-m|Gpdh-m|TISP38,"glycerol phosphate dehydrogenase 2, mitochondrial",protein-coding
1516,chr2,29054625,29055219,+,0,NA,"exon (NM_001166705, exon 1 of 6)","exon (NM_001166705, exon 1 of 6)",144,NM_001166705,329375,,NM_001085514,ENSMUSG00000079502,Cfap77,1700101E01Rik|Gm823,cilia and flagella associated protein 77,protein-coding
1009,chr15,79108534,79108888,+,0,NA,promoter-TSS (NM_177461),promoter-TSS (NM_177461),-272,NM_177461,27008,,NM_177461,ENSMUSG00000033039,Micall1,D15Mit260|D15N2e|EST573322|EST820961|MIRab13|mKIAA1668,"microtubule associated monooxygenase, calponin and LIM domain containing -like 1",protein-coding
551,chr11,120530679,120531157,+,0,NA,"intron (NM_008101, intron 1 of 13)",CpG,191,NM_008101,14527,,NM_008101,ENSMUSG00000025127,Gcgr,GR,glucagon receptor,protein-coding
1937,chr4,43039984,43040253,+,0,NA,"5' UTR (NM_001253353, exon 1 of 9)","5' UTR (NM_001253353, exon 1 of 9)",183,NM_001253353,230088,,NM_172691,ENSMUSG00000036002,Atosb,B230312A22Rik|Fam214b,atos homolog B,protein-coding
2839,chr8,123591274,123591663,+,0,NA,Intergenic,5S|rRNA|rRNA,-25381,NR_046127,100861480,,NR_046127,ENSMUSG00000119748,Gm25018,Rn5s10,"predicted gene, 25018",rRNA
2170,chr5,36238003,36238521,+,0,NA,"intron (NM_030889, intron 1 of 26)",L1Md_T|LINE|L1,34241,NM_175249,76943,,NM_175249,ENSMUSG00000043430,Psapl1,2310020A21Rik,prosaposin-like 1,protein-coding
1438,chr19,29647865,29648180,+,0,NA,"intron (NM_001081213, intron 1 of 14)",CpG,393,NM_001081213,226090,,NM_001081213,ENSMUSG00000046324,Ermp1,D19Ertd410e|D19Wsu12e|Fxna|b2b2633Clo|mKIAA1815,endoplasmic reticulum metallopeptidase 1,protein-coding
687,chr12,112678522,112679692,+,0,NA,"intron (NM_001100460, intron 1 of 1)",CpG,267,NM_001100460,382639,,NM_001100460,ENSMUSG00000037638,Zbtb42,EG382639|Gm5188|simiRP58,zinc finger and BTB domain containing 42,protein-coding
1626,chr2,118372804,118374303,+,0,NA,promoter-TSS (NM_201367),promoter-TSS (NM_201367),-134,NM_201367,381413,,NM_201367,ENSMUSG00000040133,Gpr176,Gm1012,G protein-coupled receptor 176,protein-coding
1453,chr19,41830317,41830790,+,0,NA,"exon (NM_008043, exon 1 of 1)","exon (NM_008043, exon 1 of 1)",583,NM_008043,14296,,NM_008043,ENSMUSG00000067199,Frat1,-,frequently rearranged in advanced T cell lymphomas,protein-coding
1014,chr15,80065286,80065591,+,0,NA,Intergenic,Intergenic,13141,NR_028282,100302601,,NR_028282,ENSMUSG00000077734,Snord83b,MBII-10,"small nucleolar RNA, C/D box 83B",snoRNA
2,GL456392.1,22163,23263,+,0,NA,NA,NA,NA,NA,,,,,,,,
671,chr12,108327786,108328410,+,0,NA,"exon (NM_001044380, exon 9 of 9)","exon (NM_001044380, exon 9 of 9)",-6218,NM_010010,13116,,NM_010010,ENSMUSG00000021259,Cyp46a1,CH24H|Cyp46,"cytochrome P450, family 46, subfamily a, polypeptide 1",protein-coding
1919,chr4,12140303,12140748,+,0,NA,"5' UTR (NM_028226, exon 1 of 3)","5' UTR (NM_028226, exon 1 of 3)",408,NM_028226,72397,,NM_028226,ENSMUSG00000046667,Rbm12b1,3000004N20Rik|Rbm12b|Rbm12ba,RNA binding motif protein 12 B1,protein-coding
854,chr14,26637890,26638361,+,0,NA,promoter-TSS (NM_007479),promoter-TSS (NM_007479),-9,NM_007479,11843,,NM_007479,ENSMUSG00000021877,Arf4,-,ADP-ribosylation factor 4,protein-coding
2919,chr9,43744193,43744600,+,0,NA,"5' UTR (NM_021424, exon 1 of 6)","5' UTR (NM_021424, exon 1 of 6)",442,NM_021424,58235,,NM_021424,ENSMUSG00000032012,Nectin1,Cd111|HIgR|HveC|PRR|PRR1|Pvrl1|nectin-1,nectin cell adhesion molecule 1,protein-coding
1782,chr3,59625567,59626381,+,0,NA,Intergenic,L1Md_T|LINE|L1,-103812,NM_001101531,433597,,NM_001101531,ENSMUSG00000090527,Aadacl2fm2,Gm5538,AADACL2 family member 2,protein-coding
1184,chr17,22877603,22877990,+,0,NA,Intergenic,LSU-rRNA_Hsa|rRNA|rRNA,-10662,NM_001110254,240041,,NM_177358,ENSMUSG00000059142,Zfp945,A630033E08Rik|C730040L01Rik,zinc finger protein 945,protein-coding
3082,chrX,48285658,48286031,+,0,NA,promoter-TSS (NR_045916),promoter-TSS (NR_045916),-418,NR_045916,100500713,,NR_045916,,9530027J09Rik,-,RIKEN cDNA 9530027J09 gene,ncRNA
89,chr1,74900435,74901080,+,0,NA,promoter-TSS (NR_029876),promoter-TSS (NR_029876),-36,NR_029876,723900,,NR_029876,ENSMUSG00000065616,Mir375,Mirn375|mir-375|mmu-mir-375,microRNA 375,ncRNA
3146,chrX,170005718,170006313,+,0,NA,Intergenic,Intergenic,-27098,NR_029457,654820,,NM_001039559,ENSMUSG00000072844,G530011O06Rik,-,RIKEN cDNA G530011O06 gene,ncRNA
2240,chr5,117496978,117497375,+,0,NA,"intron (NM_001312914, intron 1 of 19)","intron (NM_001312914, intron 1 of 19)",83174,NM_001312914,333050,,NM_001034873,ENSMUSG00000061578,Ksr2,-,kinase suppressor of ras 2,protein-coding
3121,chrX,130203408,130203933,+,0,NA,"intron (NM_172493, intron 23 of 26)",L1Md_T|LINE|L1,453928,NM_172493,54004,,NM_017398,ENSMUSG00000034480,Diaph2,Dia3|Diap2|Drf2|E430022I22Rik,diaphanous related formin 2,protein-coding
2105,chr4,148130600,148131083,+,0,NA,promoter-TSS (NM_001305420),promoter-TSS (NM_001305420),-79,NM_001305420,71890,,NM_027985,ENSMUSG00000029003,Mad2l2,2310033C13Rik|G1-453-4|MAD2B|REV7|repro22,MAD2 mitotic arrest deficient-like 2,protein-coding
1234,chr17,35195381,35196054,+,0,NA,TTS (NR_105939),TTS (NR_105939),745,NR_105939,102465588,,NR_105939,ENSMUSG00000098291,Mir6973a,Gm27967|mmu-mir-6973a,microRNA 6973a,ncRNA
1683,chr2,153031852,153032461,+,0,NA,"exon (NM_001011732, exon 1 of 3)","exon (NM_001011732, exon 1 of 3)",304,NM_001011732,228787,,NM_001011732,ENSMUSG00000042631,Xkr7,-,X-linked Kx blood group related 7,protein-coding
227,chr10,45335839,45336168,+,0,NA,"intron (NM_024285, intron 1 of 7)",CpG,268,NM_024285,23828,,NM_024285,ENSMUSG00000071317,Bves,Pop1|Popdc1|mBVES,blood vessel epicardial substance,protein-coding
1861,chr3,117575215,117575523,+,0,NA,"5' UTR (NM_001305451, exon 1 of 6)","5' UTR (NM_001305451, exon 1 of 6)",142,NM_001305451,75769,,NM_029425,ENSMUSG00000033342,Plppr5,4833424O15Rik|Lppr5|PRG-5|Pap2d,phospholipid phosphatase related 5,protein-coding
2461,chr7,12927905,12928644,+,0,NA,"exon (NM_029809, exon 2 of 2)","exon (NM_029809, exon 2 of 2)",858,NM_029809,381845,,NM_029809,ENSMUSG00000033967,Rnf225,2310014L17Rik,ring finger protein 225,protein-coding
1827,chr3,94953489,94954032,+,0,NA,promoter-TSS (NM_001355706),promoter-TSS (NM_001355706),-348,NM_001355707,53970,,NM_017395,ENSMUSG00000005774,Rfx5,-,"regulatory factor X, 5 (influences HLA class II expression)",protein-coding
1384,chr18,76859078,76860870,+,0,NA,"exon (NM_001109743, exon 2 of 9)","exon (NM_001109743, exon 2 of 9)",3569,NM_001109743,664805,,NM_001109743,ENSMUSG00000091519,Skor2,Corl2|EG664805|Fussel18|Gm7348,SKI family transcriptional corepressor 2,protein-coding
325,chr11,20543249,20543903,+,0,NA,"5' UTR (NM_021372, exon 1 of 2)","5' UTR (NM_021372, exon 1 of 2)",410,NM_001362867,58172,,NM_021372,ENSMUSG00000049800,Sertad2,Kiaa0127|MNCb-1504|SEI-2|Sei2|TRIP-Br2|mKIAA0127,SERTA domain containing 2,protein-coding
2134,chr5,7621733,7622227,+,0,NA,Intergenic,L1Md_T|LINE|L1,-277602,NM_001163223,207618,,NM_001163223,ENSMUSG00000092094,Zfp804b,Gm441,zinc finger protein 804B,protein-coding
2158,chr5,31094752,31095680,+,0,NA,"intron (NM_001347323, intron 1 of 8)",CpG,-1689,NM_011773,22784,,NM_011773,ENSMUSG00000029151,Slc30a3,Znt3,"solute carrier family 30 (zinc transporter), member 3",protein-coding
1578,chr2,74655109,74655816,+,0,NA,"3' UTR (NM_007967, exon 3 of 3)","3' UTR (NM_007967, exon 3 of 3)",4095,NM_007967,14029,,NM_007967,ENSMUSG00000001815,Evx2,Evx-2,even-skipped homeobox 2,protein-coding
2648,chr7,140049033,140049392,+,0,NA,promoter-TSS (NM_010836),promoter-TSS (NM_010836),-124,NM_010836,17703,,NM_010836,ENSMUSG00000025469,Msx3,-,msh homeobox 3,protein-coding
2726,chr8,71537120,71537528,+,0,NA,"exon (NM_198095, exon 1 of 5)","exon (NM_198095, exon 1 of 5)",148,NM_198095,69550,,NM_198095,ENSMUSG00000046718,Bst2,2310015I10Rik|Bst-2|CD317|DAMP-1|GREG,bone marrow stromal cell antigen 2,protein-coding
2293,chr6,8510191,8510656,+,0,NA,"intron (NM_133236, intron 1 of 7)","intron (NM_133236, intron 1 of 7)",823,NM_133236,170772,,NM_133236,ENSMUSG00000029638,Glcci1,2310047L21Rik|A130036A18Rik|Fam117c|Gig18|Tssn1,glucocorticoid induced transcript 1,protein-coding
1999,chr4,106315641,106316212,+,0,NA,promoter-TSS (NM_183225),promoter-TSS (NM_183225),-287,NM_183225,329908,,NM_183225,ENSMUSG00000028514,Usp24,2700066K03Rik|2810030C21Rik|B130021E18,ubiquitin specific peptidase 24,protein-coding
292,chr10,121310602,121311274,+,0,NA,"5' UTR (NM_029057, exon 1 of 12)","5' UTR (NM_029057, exon 1 of 12)",458,NM_029057,74694,,NM_029057,ENSMUSG00000052302,Tbc1d30,4930505D03Rik|9530013E20Rik,"TBC1 domain family, member 30",protein-coding
1011,chr15,79604521,79605391,+,0,NA,"intron (NR_103477, intron 1 of 8)",CpG,153,NR_103477,13404,,NM_010059,ENSMUSG00000022429,Dmc1,Dmc1h|Lim15|Mei11|sgdp,DNA meiotic recombinase 1,protein-coding
2821,chr8,123558865,123560019,+,0,NA,Intergenic,Intergenic,1564,NR_046152,100861499,,NR_046152,ENSMUSG00000119561,Gm25212,Rn5s28,"predicted gene, 25212",rRNA
537,chr11,116138187,116138879,+,0,NA,"exon (NM_024177, exon 2 of 9)","exon (NM_024177, exon 2 of 9)",335,NM_024177,60441,,NM_024177,ENSMUSG00000020775,Mrpl38,1110036N21Rik|4733401F03Rik|MRP-L3|Rpml3,mitochondrial ribosomal protein L38,protein-coding
2773,chr8,104641599,104641842,+,0,NA,promoter-TSS (NM_026753),promoter-TSS (NM_026753),8,NM_026753,68523,,NM_026753,ENSMUSG00000031879,Ciao2b,1110019N10Rik|Fam96b,cytosolic iron-sulfur assembly component 2B,protein-coding
1537,chr2,33467972,33468717,+,0,NA,"intron (NM_001355611, intron 1 of 2)",CpG,188,NM_027947,71834,,NM_027947,ENSMUSG00000026788,Zbtb43,1700010E06Rik|Zfp297b|mKIAA0414,zinc finger and BTB domain containing 43,protein-coding
1604,chr2,92370536,92371109,+,0,NA,"exon (NM_001166633, exon 2 of 14)","exon (NM_001166633, exon 2 of 14)",235,NM_001166633,228366,,NM_172670,ENSMUSG00000040434,Large2,5730485C17Rik|Gyltl1b|Largel|mKIAA4105,LARGE xylosyl- and glucuronyltransferase 2,protein-coding
2659,chr7,144838128,144839222,+,0,NA,promoter-TSS (NM_008007),promoter-TSS (NM_008007),63,NM_008007,14174,,NM_008007,ENSMUSG00000031074,Fgf3,Fgf-3|Fgf5c|Int-2|Int-P,fibroblast growth factor 3,protein-coding
708,chr13,15463357,15464520,+,0,NA,"5' UTR (NM_008130, exon 1 of 15)","5' UTR (NM_008130, exon 1 of 15)",215,NM_008130,14634,,NM_008130,ENSMUSG00000021318,Gli3,Bph|GLI3-190|GLI3FL|Pdn|Xt|add,GLI-Kruppel family member GLI3,protein-coding
1158,chr16,94370780,94371559,+,0,NA,promoter-TSS (NM_019543),promoter-TSS (NM_019543),-154,NM_019543,56176,,NM_019543,ENSMUSG00000022940,Pigp,Dcrc|Dscr5,"phosphatidylinositol glycan anchor biosynthesis, class P",protein-coding
953,chr14,122464832,122465181,+,0,NA,"exon (NM_022987, exon 1 of 2)","exon (NM_022987, exon 1 of 2)",652,NM_022987,65100,,NM_022987,ENSMUSG00000041703,Zic5,1700049L20Rik|Opr,zinc finger protein of the cerebellum 5,protein-coding
2924,chr9,44603977,44604628,+,0,NA,promoter-TSS (NM_007841),promoter-TSS (NM_007841),-590,NM_001357703,13209,,NM_007841,ENSMUSG00000032097,Ddx6,1110001P04Rik|C430015D01Rik|E230023J21Rik|HLR2|mRCK/P54|p54|rck,DEAD-box helicase 6,protein-coding
1976,chr4,88773560,88773892,+,0,NA,promoter-TSS (NM_001161609).3,promoter-TSS (NM_001161609).3,-108,NM_001243165,545647,,NM_001243165,ENSMUSG00000096582,Gm13289,-,predicted gene 13289,protein-coding
2217,chr5,100039642,100040087,+,0,NA,promoter-TSS (NM_016690),promoter-TSS (NM_016690),-130,NR_027990,67870,,NM_026421,ENSMUSG00000029326,Enoph1,2310057D15Rik,enolase-phosphatase 1,protein-coding
2780,chr8,107056911,107057393,+,0,NA,promoter-TSS (NM_139229),promoter-TSS (NM_139229),275,NM_001164472,66164,,NM_025391,ENSMUSG00000031917,Nip7,1110017C15Rik|6330509M23Rik|PEachy,"NIP7, nucleolar pre-rRNA processing protein",protein-coding
3035,chr9,111311363,111311834,+,0,NA,promoter-TSS (NM_001164659),promoter-TSS (NM_001164659),-141,NM_001164659,320429,,NM_001164659,ENSMUSG00000062296,Trank1,A230061D21Rik|C030048J01Rik|Gm187|Lba1,tetratricopeptide repeat and ankyrin repeat containing 1,protein-coding
3042,chr9,118478589,118479433,+,0,NA,"exon (NM_001164789, exon 1 of 6)","exon (NM_001164789, exon 1 of 6)",822,NM_010136,13813,,NM_010136,ENSMUSG00000032446,Eomes,TBR-2|Tbr2,eomesodermin,protein-coding
970,chr15,34238134,34238792,+,0,NA,"intron (NM_033521, intron 1 of 6)",CpG,437,NM_033521,114128,,NM_033521,ENSMUSG00000022257,Laptm4b,C330023P13Rik|LAPTM4beta,lysosomal-associated protein transmembrane 4B,protein-coding
144,chr1,136345159,136346048,+,0,NA,"5' UTR (NM_001347110, exon 1 of 17)","5' UTR (NM_001347110, exon 1 of 17)",501,NM_001347109,67886,,NM_001081360,ENSMUSG00000041570,Camsap2,1600013L13Rik|4930541M15Rik|Camsap1l1|mKIAA1078,"calmodulin regulated spectrin-associated protein family, member 2",protein-coding
982,chr15,55308300,55308739,+,0,NA,"intron (NM_001368422, intron 1 of 47)","intron (NM_001368422, intron 1 of 47)",768,NM_181277,12818,,NM_181277,ENSMUSG00000022371,Col14a1,5730412L22Rik,"collagen, type XIV, alpha 1",protein-coding
836,chr14,10495935,10497078,+,0,NA,"intron (NM_010210, intron 3 of 8)",L1Md_T|LINE|L1,-43048,NM_001308286,14198,,NM_010210,ENSMUSG00000060579,Fhit,Fra14A2,fragile histidine triad gene,protein-coding
2071,chr4,133604757,133605257,+,0,NA,Intergenic,Intergenic,-2839,NM_018754,55948,,NM_018754,ENSMUSG00000047281,Sfn,14-3-3|Er|Mme1|Ywhas,stratifin,protein-coding
126,chr1,125561073,125561467,+,0,NA,"exon (NM_028787, exon 1 of 16)","exon (NM_028787, exon 1 of 16)",268,NM_028787,74150,,NM_028787,ENSMUSG00000026342,Slc35f5,1300003P13Rik,"solute carrier family 35, member F5",protein-coding
1835,chr3,96451872,96452581,+,0,NA,promoter-TSS (NM_001256180),promoter-TSS (NM_001256180),80,NM_001256181,329716,,NM_183223,ENSMUSG00000046317,BC107364,D730018G16,cDNA sequence BC107364,protein-coding
2609,chr7,116442993,116443473,+,0,NA,"intron (NM_011083, intron 1 of 32)",CpG,225,NM_011083,18704,,NM_011083,ENSMUSG00000030660,Pik3c2a,Cpk-m|PI3KC2,phosphatidylinositol-4-phosphate 3-kinase catalytic subunit type 2 alpha,protein-coding
1464,chr19,45659758,45660793,+,0,NA,promoter-TSS (NM_013907),promoter-TSS (NM_013907),-82,NM_013907,30838,,NM_013907,ENSMUSG00000040913,Fbxw4,Dac|Fbw4|SHFM3|SHSF3|dactylin|dactylyn,F-box and WD-40 domain protein 4,protein-coding
2041,chr4,125030025,125030438,+,0,NA,"intron (NM_145552, intron 1 of 15)",CpG,217,NM_145552,230737,,NM_145552,ENSMUSG00000028869,Gnl2,HUMAUANTIG|Ngp-1,guanine nucleotide binding protein nucleolar 2,protein-coding
2809,chr8,123538581,123539574,+,0,NA,promoter-TSS (NR_046127),promoter-TSS (NR_046127),-173,NR_046154,100861501,,NR_046154,ENSMUSG00000118870,Gm22291,Rn5s30,"predicted gene, 22291",rRNA
1512,chr2,26603547,26604629,+,0,NA,"exon (NM_026212, exon 1 of 6)","exon (NM_026212, exon 1 of 6)",329,NM_026212,67512,,NM_026212,ENSMUSG00000026922,Agpat2,1-AGPAT 2|2510002J07Rik|BSCL|BSCL1|LPAAB|LPAAT-beta,1-acylglycerol-3-phosphate O-acyltransferase 2,protein-coding
669,chr12,107980351,107980688,+,0,NA,"intron (NM_001079883, intron 2 of 3)",CpG,22895,NM_001286343,58208,,NM_021399,ENSMUSG00000048251,Bcl11b,9130430L19Rik|B630002E05Rik|BCL-11B|Ctip2|Rit1,B cell leukemia/lymphoma 11B,protein-coding
3125,chrX,135885766,135886029,+,0,NA,promoter-TSS (NM_001098222),promoter-TSS (NM_001098222),46,NM_198161,70237,,NM_198161,ENSMUSG00000072964,Bhlhb9,2700087I09Rik|Gprasp3,"basic helix-loop-helix domain containing, class B9",protein-coding
2964,chr9,65032437,65033302,+,0,NA,"intron (NM_028906, intron 1 of 20)",CpG,411,NM_028906,74388,,NM_028906,ENSMUSG00000032393,Dpp8,2310004I03Rik|4932434F09Rik|DP8|DPP VIII,dipeptidylpeptidase 8,protein-coding
1434,chr19,28011185,28011718,+,0,NA,promoter-TSS (NM_011265),promoter-TSS (NM_011265),-285,NM_001166414,19726,,NM_011265,ENSMUSG00000040929,Rfx3,C230093O12Rik|MRFX3,"regulatory factor X, 3 (influences HLA class II expression)",protein-coding
1328,chr18,32939136,32939806,+,0,NA,"exon (NM_009793, exon 1 of 11)","exon (NM_009793, exon 1 of 11)",430,NM_009793,12326,,NM_009793,ENSMUSG00000038128,Camk4,A430110E23Rik|CaMKIV|CaMKIV/Gr|D18Bwg0362e,calcium/calmodulin-dependent protein kinase IV,protein-coding
2607,chr7,115589242,115589581,+,0,NA,"intron (NM_001025559, intron 8 of 15)",L1Md_T|LINE|L1,212198,NM_001277328,20679,,NM_011445,ENSMUSG00000051910,Sox6,SOX-LZ,SRY (sex determining region Y)-box 6,protein-coding
608,chr12,59130901,59131303,+,0,NA,promoter-TSS (NM_001165253),promoter-TSS (NM_001165253),-379,NM_001374760,338320,,NM_146034,ENSMUSG00000021000,Mia2,Ctage5|D12Bwg0579e|Mea6|Mgea|Mgea6,MIA SH3 domain ER export factor 2,protein-coding
935,chr14,79480830,79481428,+,0,NA,promoter-TSS (NM_007920),promoter-TSS (NM_007920),-65,NM_007920,13709,,NM_007920,ENSMUSG00000036461,Elf1,Elf-1|Sts1|mElf-1|p70,E74 like ETS transcription factor 1,protein-coding
1762,chr3,38885650,38886566,+,0,NA,promoter-TSS (NM_183221),promoter-TSS (NM_183221),-832,NM_183221,329628,,NM_183221,ENSMUSG00000046743,Fat4,6030410K14Rik|9430004M15,FAT atypical cadherin 4,protein-coding
2377,chr6,87913529,87914437,+,0,NA,promoter-TSS (NM_173737),promoter-TSS (NM_173737),7,NM_173737,232210,,NM_173737,ENSMUSG00000030060,Hmces,8430410A17Rik|Srap1,"5-hydroxymethylcytosine (hmC) binding, ES cell specific",protein-coding
1079,chr16,8829945,8830390,+,0,NA,promoter-TSS (NM_001081400),promoter-TSS (NM_001081400),67,NM_001081400,69053,,NM_001081400,ENSMUSG00000022507,Hapstr1,1110017P05Rik|1810013L24Rik|3010002C02Rik|Gm19906|Tapr1,HUWE1 associated protein modifying stress responses,protein-coding
1138,chr16,81035564,81036168,+,0,NA,Intergenic,L1Md_T|LINE|L1,-164831,NM_010954,17968,,NM_010954,ENSMUSG00000022762,Ncam2,Ncam-2|Ocam|RNCAM,neural cell adhesion molecule 2,protein-coding
1155,chr16,93705572,93705848,+,0,NA,Intergenic,RLTR4_MM-int|LTR|ERV1,-6197,NM_026700,70028,,NM_026700,ENSMUSG00000022946,Dop1b,0610038M01Rik|2610510B01Rik|C21orf5|Dopey2|mKIAA0933,DOP1 leucine zipper like protein B,protein-coding
189,chr1,186967343,186968083,+,0,NA,"5' UTR (NM_033077, exon 1 of 1)","5' UTR (NM_033077, exon 1 of 1)",297,NM_033077,110957,,NM_033077,ENSMUSG00000039224,D1Pas1,DDX3XL|Pl10,"DNA segment, Chr 1, Pasteur Institute 1",protein-coding
2371,chr6,85511894,85512746,+,0,NA,"exon (NM_020596, exon 2 of 2)","exon (NM_020596, exon 2 of 2)",1269,NM_020596,13656,,NM_020596,ENSMUSG00000071341,Egr4,NGF1-C|NGFI-C|NGFIC|pAT133,early growth response 4,protein-coding
3093,chrX,66494463,66495381,+,0,NA,Intergenic,L1Md_F|LINE|L1,-154396,NM_001161431,245450,,NM_198863,ENSMUSG00000036790,Slitrk2,A930040J07,"SLIT and NTRK-like family, member 2",protein-coding
2244,chr5,120435341,120436053,+,0,NA,"intron (NM_008499, intron 3 of 4)",CpG-11452,3811,NM_008499,16873,,NM_008499,ENSMUSG00000029595,Lhx5,Lim2,LIM homeobox protein 5,protein-coding
986,chr15,58415615,58416336,+,0,NA,"intron (NM_145959, intron 1 of 23)","intron (NM_145959, intron 1 of 23)",507,NM_145959,210998,,NM_145959,ENSMUSG00000037119,Fam91a1,D15Ertd621e|SKIN|mKIAA0493,"family with sequence similarity 91, member A1",protein-coding
504,chr11,102438308,102439006,+,0,NA,"exon (NM_199200, exon 8 of 8)","exon (NM_199200, exon 8 of 8)",8150,NM_008175,14824,,NM_008175,ENSMUSG00000034708,Grn,GP88|PCDGF|PEPI|Pgrn|epithelin,granulin,protein-coding
2309,chr6,30174192,30175172,+,0,NA,promoter-TSS (NR_126541),promoter-TSS (NR_126541),-557,NR_126540,101447999,,NR_126540,,Mirc35hg,linc_miR96,"microRNA cluster 35, host gene",ncRNA
1114,chr16,34745246,34745572,+,0,NA,Intergenic,CpG,-39541,NM_139300,107589,,NM_139300,ENSMUSG00000022836,Mylk,9530072E15Rik|A930019C19Rik|KRP|MLCK108|MLCK210|Mlck|nmMlck|smMLCK,"myosin, light polypeptide kinase",protein-coding
1047,chr15,98776172,98777124,+,0,NA,"exon (NM_011718, exon 3 of 5)","exon (NM_011718, exon 3 of 5)",1502,NM_011718,22410,,NM_011718,ENSMUSG00000022996,Wnt10b,Wnt12,"wingless-type MMTV integration site family, member 10B",protein-coding
3019,chr9,106203116,106203610,+,0,NA,"intron (NM_011876, intron 1 of 8)","intron (NM_011876, intron 1 of 8)",255,NM_011876,23999,,NM_011876,ENSMUSG00000023277,Twf2,A6-related|Ptk9l|Ptk9r,twinfilin actin binding protein 2,protein-coding
282,chr10,115250837,115251414,+,0,NA,"intron (NM_025706, intron 1 of 16)",CpG,368,NM_025706,66687,,NM_025706,ENSMUSG00000020130,Tbc1d15,4432405K22Rik|Ly6dl|Rab7-GAP,"TBC1 domain family, member 15",protein-coding
437,chr11,82434330,82434879,+,0,NA,"exon (NM_001304439, exon 2 of 9)","exon (NM_001304439, exon 2 of 9)",45704,NM_001304439,270893,,NM_023438,ENSMUSG00000020701,Tmem132e,Gm644,transmembrane protein 132E,protein-coding
184,chr1,182408348,182408772,+,0,NA,promoter-TSS (NM_173378),promoter-TSS (NM_173378),-607,NM_173378,209456,,NM_173378,ENSMUSG00000026510,Trp53bp2,53BP2|ASPP2|PPP1R13A|Tp53bp2,transformation related protein 53 binding protein 2,protein-coding
365,chr11,59176305,59177507,+,0,NA,"exon (NM_175452, exon 2 of 2)","exon (NM_175452, exon 2 of 2)",5920,NM_175452,118454,,NM_080454,ENSMUSG00000043448,Gjc2,B230382L12Rik|Cx47|Cxno|Gja12,"gap junction protein, gamma 2",protein-coding
508,chr11,102773960,102774824,+,0,NA,"intron (NM_001110778, intron 15 of 25)",CpG-2684,12957,NM_009613,11488,,NM_009613,ENSMUSG00000020926,Adam11,Mdc,a disintegrin and metallopeptidase domain 11,protein-coding
964,chr15,25364655,25365179,+,0,NA,"5' UTR (NM_027395, exon 2 of 2)","5' UTR (NM_027395, exon 2 of 2)",48847,NM_027395,70350,,NM_027395,ENSMUSG00000045763,Basp1,2610024P12Rik|CAP-23|CAP23|Ckap3|NAP-22|NAP22,"brain abundant, membrane attached signal protein 1",protein-coding
2998,chr9,89909944,89910425,+,0,NA,"exon (NM_001039655, exon 1 of 3)","exon (NM_001039655, exon 1 of 3)",409,NM_011245,19417,,NM_011245,ENSMUSG00000032356,Rasgrf1,CDC25|CDC25Mm|Gnrp|Grf1|Grfbeta|P190-A|Ras-GRF1|p190|p190RhoGEF,RAS protein-specific guanine nucleotide-releasing factor 1,protein-coding
2417,chr6,124211570,124212351,+,0,NA,"intron (NM_001104642, intron 3 of 5)",L1Md_T|LINE|L1,19824,NM_001104642,232367,,NM_001104642,ENSMUSG00000072778,Vmn2r27,EG232367,"vomeronasal 2, receptor27",protein-coding
2275,chr5,142529699,142530247,+,0,NA,"5' UTR (NM_019943, exon 1 of 1)","5' UTR (NM_019943, exon 1 of 1)",103,NM_019943,56522,,NM_019943,ENSMUSG00000074817,Papolb,PAP|Paplob|Papola-ps|Papt|Plap-ps|Tpap,poly (A) polymerase beta (testis specific),protein-coding
1260,chr17,55482382,55483010,+,0,NA,"exon (NM_001347403, exon 2 of 6)","exon (NM_001347403, exon 2 of 6)",37314,NM_001347403,240119,,NM_172829,ENSMUSG00000024172,St6gal2,C230064G14Rik|St6galII|mKIAA1877,"beta galactoside alpha 2,6 sialyltransferase 2",protein-coding
1792,chr3,69005158,69005915,+,0,NA,promoter-TSS (NM_026641),promoter-TSS (NM_026641),798,NM_001356976,70099,,NM_133786,ENSMUSG00000034349,Smc4,2500002A22Rik|SMC-4|Smc4l1,structural maintenance of chromosomes 4,protein-coding
2515,chr7,35646631,35647711,+,0,NA,"intron (NM_019746, intron 1 of 5)",CpG,311,NM_019746,56330,,NM_019746,ENSMUSG00000030417,Pdcd5,2200003D22Rik|Tfar19,programmed cell death 5,protein-coding
253,chr10,80834501,80835491,+,0,NA,"exon (NM_001013758, exon 2 of 2)","exon (NM_001013758, exon 2 of 2)",6199,NR_035503,100316778,,NR_035503,ENSMUSG00000087993,Mir1982,mir-1982|mmu-mir-1982,microRNA 1982,ncRNA
2356,chr6,59199930,59200232,+,0,NA,Intergenic,L1Md_Gf|LINE|L1,-8789,NM_001081145,68140,,NM_001081145,ENSMUSG00000049232,Tigd2,3632410O17Rik,tigger transposable element derived 2,protein-coding
1987,chr4,98923652,98924033,+,0,NA,promoter-TSS (NM_001356424),promoter-TSS (NM_001356424),32,NM_146144,230484,,NM_146144,ENSMUSG00000028560,Usp1,-,ubiquitin specific peptidase 1,protein-coding
1127,chr16,53825146,53825574,+,0,NA,Intergenic,L1Md_T|LINE|L1,-1009616,NR_040495,73820,,NR_040495,ENSMUSG00000116611,4930404A05Rik,-,RIKEN cDNA 4930404A05 gene,ncRNA
2218,chr5,100159226,100159540,+,0,NA,promoter-TSS (NM_001382851),promoter-TSS (NM_001382851),40,NM_001382850,231503,,NM_182841,ENSMUSG00000050640,Tmem150c,-,transmembrane protein 150C,protein-coding
589,chr12,43036993,43037468,+,0,NA,Intergenic,L1Md_T|LINE|L1,-3013,NR_148724,102636207,,NR_148724,ENSMUSG00000112407,Gm33340,Gm40882,"predicted gene, 33340",ncRNA
1386,chr18,78047107,78047636,+,0,NA,"exon (NM_001101038, exon 4 of 6)","exon (NM_001101038, exon 4 of 6)",10070,NM_001101038,620235,,NM_001101038,ENSMUSG00000091055,Siglec15,Cd33l3|EG620235|SIGLEC-I,sialic acid binding Ig-like lectin 15,protein-coding
1286,chr17,83630653,83632554,+,0,NA,"exon (NM_153512, exon 1 of 2)","exon (NM_153512, exon 1 of 2)",292,NM_153512,225030,,NM_153512,ENSMUSG00000045053,Kcng3,KV6.3|Kv10.1a|Kv10.1b,"potassium voltage-gated channel, subfamily G, member 3",protein-coding
2173,chr5,39644046,39644641,+,0,NA,"intron (NM_010474, intron 1 of 1)","intron (NM_010474, intron 1 of 1)",288,NM_010474,15476,,NM_010474,ENSMUSG00000051022,Hs3st1,3-Ost|D5Wsu110e|Hsg3ost,heparan sulfate (glucosamine) 3-O-sulfotransferase 1,protein-coding
2696,chr8,40286268,40286727,+,0,NA,"exon (NM_030610, exon 1 of 3)","exon (NM_030610, exon 1 of 3)",456,NM_030610,80857,,NM_030610,ENSMUSG00000031603,Fgf20,Fgf4a,fibroblast growth factor 20,protein-coding
1266,chr17,57059324,57059840,+,0,NA,"exon (NM_025877, exon 1 of 10)","exon (NM_025877, exon 1 of 10)",260,NM_001379069,66972,,NM_025877,ENSMUSG00000046329,Slc25a23,2310067G05Rik|SCaMC-3,"solute carrier family 25 (mitochondrial carrier; phosphate carrier), member 23",protein-coding
1752,chr3,30855873,30856334,+,0,NA,"5' UTR (NM_001286994, exon 1 of 4)","5' UTR (NM_001286994, exon 1 of 4)",153,NM_001134385,71862,,NM_027965,ENSMUSG00000037661,Gpr160,1700025D19Rik|GPCR150,G protein-coupled receptor 160,protein-coding
809,chr13,110395386,110395703,+,0,NA,"intron (NM_152804, intron 1 of 13)",CpG,500,NM_152804,20620,,NM_152804,ENSMUSG00000021701,Plk2,Snk,polo like kinase 2,protein-coding
962,chr15,14524420,14524882,+,0,NA,Intergenic,(TCTA)n|Simple_repeat|Simple_repeat,-1350976,NM_007666,12563,,NM_007666,ENSMUSG00000039385,Cdh6,cad6,cadherin 6,protein-coding
1946,chr4,46195793,46196212,+,0,NA,"intron (NM_011728, intron 1 of 5)",CpG,309,NM_011728,22590,,NM_011728,ENSMUSG00000028329,Xpa,Xpac,"xeroderma pigmentosum, complementation group A",protein-coding
1806,chr3,87768614,87769427,+,0,NA,promoter-TSS (NM_152799),promoter-TSS (NM_152799),-67,NM_152799,73182,,NM_028460,ENSMUSG00000028073,Pear1,3110045G13Rik|Jedi-1|Megf12,platelet endothelial aggregation receptor 1,protein-coding
2980,chr9,77544406,77544752,+,0,NA,promoter-TSS (NM_172528),promoter-TSS (NM_172528),273,NM_001146048,214345,,NM_172528,ENSMUSG00000032352,Lrrc1,A430093J20Rik|D030059I21|mKIAA4018,leucine rich repeat containing 1,protein-coding
643,chr12,84996347,84996862,+,0,NA,"exon (NM_001347421, exon 1 of 20)","exon (NM_001347421, exon 1 of 20)",283,NM_178363,56531,,NM_178363,ENSMUSG00000021244,Ylpm1,A930013E17Rik|ZAP|Zap3,YLP motif containing 1,protein-coding
1167,chr17,3022532,3023098,+,0,NA,Intergenic,Intergenic,61368,NR_003519,328734,,NR_003519,,Pisd-ps2,D030013I16Rik,"phosphatidylserine decarboxylase, pseudogene 2",pseudo
35,chr1,6382823,6383216,+,0,NA,"intron (NM_001195732, intron 1 of 4)",CpG,23688,NM_001195732,620393,,NM_001195732,ENSMUSG00000087247,Alkal1,Augbeta|EG620393|Fam150a,ALK and LTK ligand 1,protein-coding
1355,chr18,50538284,50538798,+,0,NA,Intergenic,L1Md_A|LINE|L1,30158,NM_026108,67365,,NM_026108,ENSMUSG00000048875,Pudp,1700121L12Rik|GS1|Hdhd1|Hdhd1a,pseudouridine 5'-phosphatase,protein-coding
2241,chr5,117878951,117879353,+,0,NA,"intron (NM_008712, intron 1 of 27)","intron (NM_008712, intron 1 of 27)",12313,NM_008712,18125,,NM_008712,ENSMUSG00000029361,Nos1,2310005C01Rik|N-NOS|NC-NOS|NO|NOS|NOS-I|Nos-1|bNOS|nNOS,"nitric oxide synthase 1, neuronal",protein-coding
1366,chr18,59954216,59954737,+,0,NA,Intergenic,L1Md_T|LINE|L1,-89755,NR_165277,102638742,,NR_165277,ENSMUSG00000117701,Gm35234,Gm38695,"predicted gene, 35234",ncRNA
947,chr14,115040303,115040610,+,0,NA,Intergenic,CpG,-3215,NR_029785,723905,,NR_029785,ENSMUSG00000065508,Mir17,Mirn17|mir-17|mmu-mir-17,microRNA 17,ncRNA
848,chr14,21985692,21985792,+,0,NA,"exon (NM_145459, exon 3 of 3)","exon (NM_145459, exon 3 of 3)",3859,NM_145459,218820,,NM_145459,ENSMUSG00000039081,Zfp503,B830002A16Rik|Nolz-1|Nolz1|Znf503|Zpo2,zinc finger protein 503,protein-coding
2951,chr9,58203517,58204927,+,0,NA,promoter-TSS (NM_001161541),promoter-TSS (NM_001161541),97,NM_001161541,320563,,NM_177193,ENSMUSG00000051243,Islr2,B930052A04Rik|Linx|Mbu-3|mKIAA1465,immunoglobulin superfamily containing leucine-rich repeat 2,protein-coding
3047,chr9,119578578,119578829,+,0,NA,"intron (NM_021544, intron 1 of 27)",CpG,313,NM_021544,20271,,NM_021544,ENSMUSG00000032511,Scn5a,Nav1.5|Nav1.5c|SkM1|SkM2|mH1,"sodium channel, voltage-gated, type V, alpha",protein-coding
549,chr11,120189657,120189859,+,0,NA,promoter-TSS (NR_030682),promoter-TSS (NR_030682),98,NR_030682,100042332,,NR_030682,ENSMUSG00000075389,Reno1,2810410L24Rik,regulator of early neurogenesis 1,ncRNA
2421,chr6,124863759,124864014,+,0,NA,promoter-TSS (NM_013533),promoter-TSS (NM_013533),97,NM_001355257,14788,,NM_013533,ENSMUSG00000038390,Gpr162,A-2|Grca,G protein-coupled receptor 162,protein-coding
193,chr1,192092157,192092488,+,0,NA,"5' UTR (NM_011633, exon 1 of 10)","5' UTR (NM_011633, exon 1 of 10)",277,NM_011633,22033,,NM_011633,ENSMUSG00000026637,Traf5,-,TNF receptor-associated factor 5,protein-coding
2032,chr4,123239566,123240304,+,0,NA,"intron (NM_013905, intron 1 of 4)","intron (NM_013905, intron 1 of 4)",6379,NM_013905,56198,,NM_013905,ENSMUSG00000032744,Heyl,Hey3|Hrt3|bHLHb33|hesr3,hairy/enhancer-of-split related with YRPW motif-like,protein-coding
1159,chr16,95585312,95585949,+,0,NA,"intron (NM_001302152, intron 1 of 10)",CpG,963,NM_001302152,13876,,NM_133659,ENSMUSG00000040732,Erg,D030036I24Rik,ETS transcription factor,protein-coding
2086,chr4,137993123,137993418,+,0,NA,promoter-TSS (NM_001256195),promoter-TSS (NM_001256195),-185,NR_161160,230861,,NM_172703,ENSMUSG00000028760,Eif4g3,1500002J22Rik|4930523M17Rik|G1-419-52|Gm32394|eIF4GII|repro8,"eukaryotic translation initiation factor 4 gamma, 3",protein-coding
152,chr1,156558935,156559383,+,0,NA,"exon (NM_001136104, exon 1 of 13)","exon (NM_001136104, exon 1 of 13)",372,NM_009595,11352,,NM_009595,ENSMUSG00000026596,Abl2,Abll|Arg,"ABL proto-oncogene 2, non-receptor tyrosine kinase",protein-coding
2120,chr4,154170793,154171594,+,0,NA,"intron (NM_001162977, intron 1 of 36)",CpG,480,NM_001162977,230971,,NM_172273,ENSMUSG00000057751,Megf6,2600001P17Rik|Egfl3,multiple EGF-like-domains 6,protein-coding
2473,chr7,19023346,19024374,+,0,NA,promoter-TSS (NM_008260),promoter-TSS (NM_008260),-321,NM_008260,15377,,NM_008260,ENSMUSG00000040891,Foxa3,Hnf-3g|Hnf3g|Tcf-3g|Tcf3g,forkhead box A3,protein-coding
1513,chr2,26932792,26933433,+,0,NA,promoter-TSS (NM_198628),promoter-TSS (NM_198628),399,NM_011512,20932,,NM_011512,ENSMUSG00000014867,Surf4,Surf-4,surfeit gene 4,protein-coding
1162,chr16,97610713,97611269,+,0,NA,"intron (NM_015775, intron 1 of 13)",CpG,204,NM_015775,50528,,NM_015775,ENSMUSG00000000385,Tmprss2,D16Ertd61e,"transmembrane protease, serine 2",protein-coding
2664,chr8,4258316,4258898,+,0,NA,"exon (NM_183315, exon 2 of 2)","exon (NM_183315, exon 2 of 2)",667,NM_183315,330695,,NM_183315,ENSMUSG00000048644,Ctxn1,Ctxn,cortexin 1,protein-coding
3122,chrX,133687539,133688072,+,0,NA,promoter-TSS (NR_153117),promoter-TSS (NR_153117),25,NR_153117,102632590,,NR_153117,,Gm26851,-,"predicted gene, 26851",ncRNA
3116,chrX,104856749,104856988,+,0,NA,"exon (NM_053206, exon 1 of 1)","exon (NM_053206, exon 1 of 1)",399,NM_053206,272790,,NM_053206,ENSMUSG00000031224,Magee2,9630059J11Rik|Mage-e2,MAGE family member E2,protein-coding
1425,chr19,14598701,14599085,+,0,NA,promoter-TSS (NM_001302950),promoter-TSS (NM_001302950),-710,NM_001302950,21888,,NM_011600,ENSMUSG00000024642,Tle4,5730411M05Rik|Bce-1|Bce1|ESTM13|ESTM14|Grg4|grg-4,transducin-like enhancer of split 4,protein-coding
2476,chr7,19399323,19399654,+,0,NA,"exon (NM_001286039, exon 2 of 13)","exon (NM_001286039, exon 2 of 13)",433,NM_146182,232943,,NM_146182,ENSMUSG00000040714,Klc3,Klct,kinesin light chain 3,protein-coding
288,chr10,120201101,120201817,+,0,NA,promoter-TSS (NR_166661),promoter-TSS (NR_166661),-131,NR_166661,102637719,,NR_166660,,Gm38500,-,"predicted gene, 38500",ncRNA
123,chr1,120340707,120341597,+,0,NA,"exon (NM_207233, exon 1 of 2)","exon (NM_207233, exon 1 of 2)",570,NM_207233,226359,,NM_207233,ENSMUSG00000036907,C1ql2,Adii|CTRP10,"complement component 1, q subcomponent-like 2",protein-coding
714,chr13,22423365,22423630,+,0,NA,Intergenic,L1Md_T|LINE|L1,-17775,NM_134211,171245,,NM_134211,ENSMUSG00000084924,Vmn1r-ps103,V1rh1,"vomeronasal 1 receptor, pseudogene 103",protein-coding
677,chr12,110889188,110889938,+,0,NA,promoter-TSS (NM_026048),promoter-TSS (NM_026048),299,NM_001289510,104859,,NM_175336,ENSMUSG00000021275,Tecpr2,4930573I19Rik|mKIAA0297,tectonin beta-propeller repeat containing 2,protein-coding
622,chr12,73545391,73546609,+,0,NA,"exon (NM_178715, exon 1 of 1)","exon (NM_178715, exon 1 of 1)",395,NM_178715,238257,,NM_178715,ENSMUSG00000034435,Tmem30b,9130011B11Rik,transmembrane protein 30B,protein-coding
1506,chr2,25290403,25290923,+,0,NA,promoter-TSS (NR_168905),promoter-TSS (NR_168905),-595,NR_168905,320354,,NM_001242940,ENSMUSG00000085830,Grin1os,E130003G02Rik,"glutamate receptor, ionotropic, NMDA1 (zeta 1), opposite strand",ncRNA
682,chr12,111445668,111446113,+,0,NA,"exon (NM_009396, exon 3 of 12)","exon (NM_009396, exon 3 of 12)",3229,NM_009396,21928,,NM_009396,ENSMUSG00000021281,Tnfaip2,B94|Exoc3l3|M-sec|Tnfip2|tnfb94,"tumor necrosis factor, alpha-induced protein 2",protein-coding
1682,chr2,152413816,152414734,+,0,NA,"exon (NM_175126, exon 1 of 1)","exon (NM_175126, exon 1 of 1)",769,NM_175126,67917,,NM_175126,ENSMUSG00000074682,Zcchc3,2810406K24Rik,"zinc finger, CCHC domain containing 3",protein-coding
1597,chr2,84886296,84887316,+,0,NA,promoter-TSS (NM_199223),promoter-TSS (NM_199223),-114,NM_199223,269295,,NM_199223,ENSMUSG00000050896,Rtn4rl2,Ngr2|Ngrh1|Ngrl3,reticulon 4 receptor-like 2,protein-coding
1485,chr2,5137485,5138235,+,0,NA,promoter-TSS (NM_028804),promoter-TSS (NM_028804),84,NM_028804,74186,,NM_028804,ENSMUSG00000026676,Ccdc3,2310045O21Rik,coiled-coil domain containing 3,protein-coding
3109,chrX,99976050,99976656,+,0,NA,"intron (NM_001177942, intron 1 of 7)","intron (NM_001177942, intron 1 of 7)",747,NM_001177937,13607,,NM_010099,ENSMUSG00000059327,Eda,EDA1|Ed1|Eda-A1|Eda-A2|HED|Ta|Tnlg7c|XLHED|tabby,ectodysplasin-A,protein-coding
2278,chr5,144545691,144546619,+,0,NA,"exon (NM_016789, exon 1 of 5)","exon (NM_016789, exon 1 of 5)",268,NM_016789,53324,,NM_016789,ENSMUSG00000059991,Nptx2,Narp|np2,neuronal pentraxin 2,protein-coding
740,chr13,49146540,49146862,+,0,NA,"exon (NM_029361, exon 2 of 28)","exon (NM_029361, exon 2 of 28)",1627,NM_029361,75607,,NM_029361,ENSMUSG00000037989,Wnk2,1810073P09Rik|ESTM15|mKIAA1760,WNK lysine deficient protein kinase 2,protein-coding
3053,chr9,121929669,121930485,+,0,NA,Intergenic,(CAGG)n|Simple_repeat|Simple_repeat,-7198,NR_033553,69430,,NR_033553,ENSMUSG00000043773,1700048O20Rik,1700022O21Rik,RIKEN cDNA 1700048O20 gene,ncRNA
2687,chr8,27260352,27261010,+,0,NA,"intron (NM_007918, intron 1 of 2)",CpG,354,NM_007918,13685,,NM_007918,ENSMUSG00000031490,Eif4ebp1,4e-bp1|PHAS-I,eukaryotic translation initiation factor 4E binding protein 1,protein-coding
2896,chr9,21244677,21244923,+,0,NA,"exon (NM_053190, exon 3 of 3)","exon (NM_053190, exon 3 of 3)",3643,NM_053190,94226,,NM_053190,ENSMUSG00000045087,S1pr5,Edg8|S1P5|lpB4,sphingosine-1-phosphate receptor 5,protein-coding
1042,chr15,91992663,91993102,+,0,NA,Intergenic,L1Md_A|LINE|L1,-58283,NM_001159648,12805,,NM_007727,ENSMUSG00000055022,Cntn1,CNTN|F3cam|usl,contactin 1,protein-coding
315,chr11,5861698,5862504,+,0,NA,"5' UTR (NM_001291857, exon 1 of 21)","5' UTR (NM_001291857, exon 1 of 21)",235,NM_009636,11568,,NM_009636,ENSMUSG00000020473,Aebp1,ACLP,AE binding protein 1,protein-coding
274,chr10,98914063,98914352,+,0,NA,promoter-TSS (NM_001359506),promoter-TSS (NM_001359506),-435,NM_001359506,67972,,NM_026482,ENSMUSG00000019943,Atp2b1,2810442I22Rik|E130111D10Rik|Pmca1,"ATPase, Ca++ transporting, plasma membrane 1",protein-coding
275,chr10,99261548,99262011,+,0,NA,Intergenic,CpG,-1452,NM_026268,67603,,NM_026268,ENSMUSG00000019960,Dusp6,1300019I03Rik|MKP-3|MKP3|PYST1,dual specificity phosphatase 6,protein-coding
2561,chr7,79464644,79465248,+,0,NA,"exon (NM_017462, exon 2 of 23)","exon (NM_017462, exon 2 of 23)",-1066,NM_001360096,18975,,NM_017462,ENSMUSG00000039176,Polg,PolgA,"polymerase (DNA directed), gamma",protein-coding
584,chr12,30911692,30912169,+,0,NA,promoter-TSS (NM_001110239),promoter-TSS (NM_001110239),261,NM_001289480,24057,,NM_013709,ENSMUSG00000020669,Sh3yl1,Ray|YSC84,Sh3 domain YSC-like 1,protein-coding
2503,chr7,29019893,29020326,+,0,NA,"exon (NM_009109, exon 91 of 106)","exon (NM_009109, exon 91 of 106)",37255,NM_008279,26411,,NM_008279,ENSMUSG00000037337,Map4k1,Hpk1|mHPK1,mitogen-activated protein kinase kinase kinase kinase 1,protein-coding
630,chr12,81026989,81027346,+,0,NA,"intron (NM_022316, intron 1 of 12)",CpG,359,NM_001146217,64075,,NM_022316,ENSMUSG00000021136,Smoc1,2600002F22Rik|SRG,SPARC related modular calcium binding 1,protein-coding
931,chr14,76504120,76504416,+,0,NA,promoter-TSS (NM_001310647),promoter-TSS (NM_001310647),42,NM_001310647,21807,,NM_009366,ENSMUSG00000022010,Tsc22d1,Egr5|Gm19597|TSC-22|Tgfb1i4|Tsc|Tsc22,"TSC22 domain family, member 1",protein-coding
194,chr1,193152774,193153650,+,0,NA,promoter-TSS (NM_016851),promoter-TSS (NM_016851),100,NM_016851,54139,,NM_016851,ENSMUSG00000026638,Irf6,E230028I05Rik|mirf6,interferon regulatory factor 6,protein-coding
2366,chr6,83456724,83457053,+,0,NA,promoter-TSS (NM_001347313),promoter-TSS (NM_001347313),-496,NM_001347313,194388,,NM_183138,ENSMUSG00000034832,Tet3,B430006D22Rik|D230004J03Rik,tet methylcytosine dioxygenase 3,protein-coding
408,chr11,72266101,72266500,+,0,NA,promoter-TSS (NR_045922),promoter-TSS (NR_045922),304,NM_001004148,237831,,NM_001004148,ENSMUSG00000020805,Slc13a5,Indy|NaC2/NaCT|Nact|mINDY,"solute carrier family 13 (sodium-dependent citrate transporter), member 5",protein-coding
1688,chr2,155517997,155518291,+,0,NA,"exon (NM_019811, exon 1 of 18)","exon (NM_019811, exon 1 of 18)",101,NM_019811,60525,,NM_019811,ENSMUSG00000027605,Acss2,1110017C11Rik|ACAS|ACS|Acas1|Acas2|AceCS1|Acs1|aceCS,acyl-CoA synthetase short-chain family member 2,protein-coding
1344,chr18,38993211,38993630,+,0,NA,"5' UTR (NM_175164, exon 1 of 23)","5' UTR (NM_175164, exon 1 of 23)",267,NM_001374831,71302,,NM_175164,ENSMUSG00000036452,Arhgap26,1810044B20Rik|2610010G17Rik|4933432P15Rik|mKIAA0621,Rho GTPase activating protein 26,protein-coding
1661,chr2,143862271,143863160,+,0,NA,"exon (NM_001291061, exon 1 of 8)","exon (NM_001291061, exon 1 of 8)",458,NM_001291061,12075,,NM_009751,ENSMUSG00000027420,Bfsp1,CP95,"beaded filament structural protein 1, in lens-CP94",protein-coding
235,chr10,58497702,58498400,+,0,NA,"exon (NM_001162956, exon 1 of 16)","exon (NM_001162956, exon 1 of 16)",114,NM_001162956,76138,,NM_001162956,ENSMUSG00000038010,Ccdc138,6230424H07Rik,coiled-coil domain containing 138,protein-coding
624,chr12,74803996,74804342,+,0,NA,Intergenic,GSAT_MM|Satellite|Satellite,373163,NM_172805,238271,,NM_172805,ENSMUSG00000034402,Kcnh5,Eag2,"potassium voltage-gated channel, subfamily H (eag-related), member 5",protein-coding
696,chr13,3359217,3359671,+,0,NA,Intergenic,CpG,-118788,NR_015522,76937,,NR_015522,ENSMUSG00000097709,2810429I04Rik,1700024F13Rik,RIKEN cDNA 2810429I04 gene,ncRNA
347,chr11,49712065,49712380,+,0,NA,"intron (NM_001363356, intron 1 of 11)",CpG,500,NM_212484,104625,,NM_212484,ENSMUSG00000020362,Cnot6,CCR4,"CCR4-NOT transcription complex, subunit 6",protein-coding
2632,chr7,131409930,131410573,+,0,NA,promoter-TSS (NM_025826),promoter-TSS (NM_025826),227,NM_175115,67143,,NM_175115,ENSMUSG00000040167,Ikzf5,2610034F18Rik|PEGASUS|Zfpn1a5,IKAROS family zinc finger 5,protein-coding
2351,chr6,55117470,55117981,+,0,NA,"exon (NM_001288619, exon 1 of 12)","exon (NM_001288619, exon 1 of 12)",188,NM_001288619,12922,,NM_009953,ENSMUSG00000003476,Crhr2,CRF-R2|CRFR2alpha|CRFR2beta|Crfr2,corticotropin releasing hormone receptor 2,protein-coding
1149,chr16,91406141,91406455,+,0,NA,promoter-TSS (NM_008349),promoter-TSS (NM_008349),63,NM_008349,16155,,NM_008349,ENSMUSG00000022969,Il10rb,6620401D04Rik|CRF2-4|Crfb4|D16H21S58|D21S58h|IL-10R2|Il10r2,"interleukin 10 receptor, beta",protein-coding
25,JH584304.1,106645,106956,+,0,NA,NA,NA,NA,NA,,,,,,,,
1958,chr4,59548581,59549326,+,0,NA,"intron (NM_144904, intron 1 of 14)",CpG,411,NM_178164,230257,,NM_144904,ENSMUSG00000028382,Ptbp3,5830471K22Rik|Rod1,polypyrimidine tract binding protein 3,protein-coding
3143,chrX,163957862,163958247,+,0,NA,"intron (NM_009453, intron 1 of 10)","intron (NM_009453, intron 1 of 10)",612,NM_009453,22184,,NM_009453,ENSMUSG00000031370,Zrsr2,35kDa|5031411E02Rik|A230052C13Rik|U2af1-rs2|URP,"zinc finger (CCCH type), RNA binding motif and serine/arginine rich 2",protein-coding
1825,chr3,94757714,94758024,+,0,NA,Intergenic,CpG,28613,NM_001293727,70737,,NM_001037711,ENSMUSG00000068876,Cgn,6330408J11Rik,cingulin,protein-coding
775,chr13,74528691,74530608,+,0,NA,Intergenic,(CACAG)n|Simple_repeat|Simple_repeat,-35688,NM_001374752,235956,,NM_146231,ENSMUSG00000069208,Zfp825,-,zinc finger protein 825,protein-coding
1534,chr2,32362616,32363262,+,0,NA,promoter-TSS (NM_001252538),promoter-TSS (NM_001252538),-71,NM_001252536,68379,,NM_028412,ENSMUSG00000039205,Ciz1,0610038H21Rik|2900056O04Rik|LSFR1|ZNF356,CDKN1A interacting zinc finger protein 1,protein-coding
3023,chr9,107666615,107667293,+,0,NA,"intron (NM_001199218, intron 1 of 15)","intron (NM_001199218, intron 1 of 15)",445,NM_001199217,76257,,NM_023805,ENSMUSG00000010064,Slc38a3,0610012J02Rik|D9Ucla2|Nat1|Slc38-3|Sn1|Snat3|mNAT,"solute carrier family 38, member 3",protein-coding
323,chr11,17159333,17159659,+,0,NA,"5' UTR (NM_024459, exon 1 of 6)","5' UTR (NM_024459, exon 1 of 6)",198,NM_024459,19058,,NM_024459,ENSMUSG00000033953,Ppp3r1,CaNB1|Cnb1|MCIP1,"protein phosphatase 3, regulatory subunit B, alpha isoform (calcineurin B, type I)",protein-coding
2157,chr5,31092645,31093633,+,0,NA,"intron (NM_001347323, intron 2 of 8)",CpG,388,NM_011773,22784,,NM_011773,ENSMUSG00000029151,Slc30a3,Znt3,"solute carrier family 30 (zinc transporter), member 3",protein-coding
731,chr13,40728324,40728832,+,0,NA,"exon (NM_011547, exon 2 of 7)","exon (NM_011547, exon 2 of 7)",770,NR_125899,102633805,,NR_125899,ENSMUSG00000097752,Gm26688,Tfap2a-as1,"predicted gene, 26688",ncRNA
2564,chr7,79617486,79617809,+,0,NA,promoter-TSS (NM_019799),promoter-TSS (NM_019799),10,NM_019799,56315,,NM_019799,ENSMUSG00000030549,Rhcg,-,Rhesus blood group-associated C glycoprotein,protein-coding
2594,chr7,101817945,101818957,+,0,NA,"5' UTR (NM_008887, exon 1 of 3)","5' UTR (NM_008887, exon 1 of 3)",138,NM_008887,11859,,NM_008887,ENSMUSG00000007946,Phox2a,Arix|Phox2|Pmx2|Pmx2a|Px2a,paired-like homeobox 2a,protein-coding
924,chr14,70554694,70554984,+,0,NA,"5' UTR (NM_001379479, exon 1 of 19)","5' UTR (NM_001379479, exon 1 of 19)",605,NM_001379479,15460,,NM_021877,ENSMUSG00000022096,Hr,ALUNC|bldy|hr|rh-bmh,lysine demethylase and nuclear receptor corepressor,protein-coding
1979,chr4,88794005,88794376,+,0,NA,promoter-TSS (NM_001161609).5,promoter-TSS (NM_001161609).5,-297,NM_001161609,545654,,NM_001161609,ENSMUSG00000095101,Gm13285,If1ha7|limitin,predicted gene 13285,protein-coding
1119,chr16,37384440,37384664,+,0,NA,"intron (NM_001114612, intron 1 of 26)",CpG,406,NM_172440,207227,,NM_172440,ENSMUSG00000022829,Stxbp5l,9430094L02|A830015P08Rik|LLGL4|T2dm1|t2md1|tomosyn-2,syntaxin binding protein 5-like,protein-coding
2145,chr5,24474539,24475029,+,0,NA,"intron (NM_001359881, intron 1 of 15)",CpG,22607,NM_139153,213990,,NM_139153,ENSMUSG00000023353,Agap3,AGAP-3|Centg3|Crag|Crag.|MRIP-1|cnt-g3,"ArfGAP with GTPase domain, ankyrin repeat and PH domain 3",protein-coding
1397,chr19,3767858,3768513,+,0,NA,"5' UTR (NM_001167886, exon 2 of 11)","5' UTR (NM_001167886, exon 2 of 11)",296,NM_001379680,225888,,NM_144871,ENSMUSG00000045098,Kmt5b,C630029K18Rik|Suv4-20h1|Suv420h1,lysine methyltransferase 5B,protein-coding
2036,chr4,124657853,124659030,+,0,NA,promoter-TSS (NR_168006),promoter-TSS (NR_168006),795,NM_011141,18991,,NM_011141,ENSMUSG00000090125,Pou3f1,Oct-6|Oct6|Otf-6|Otf6|Scip|Test1|Tst-1|Tst1,"POU domain, class 3, transcription factor 1",protein-coding
2693,chr8,35375704,35376829,+,0,NA,promoter-TSS (NM_001364452),promoter-TSS (NM_001364452),-396,NM_001364452,244416,,NM_177741,ENSMUSG00000046794,Ppp1r3b,6430576E21|GL|PTG,"protein phosphatase 1, regulatory subunit 3B",protein-coding
1739,chr3,5435744,5436268,+,0,NA,Intergenic,L1Md_T|LINE|L1,79327,NR_166469,78039,,NR_166469,ENSMUSG00000093557,4930555M17Rik,-,RIKEN cDNA 4930555M17 gene,ncRNA
2228,chr5,110979173,110979433,+,0,NA,"intron (NM_001267622, intron 2 of 22)",CpG,-24841,NR_030482,735278,,NR_030482,ENSMUSG00000076163,Mir701,Mirn701|mir-701|mmu-mir-701,microRNA 701,ncRNA
2509,chr7,30634755,30635088,+,0,NA,"exon (NM_007959, exon 4 of 6)","exon (NM_007959, exon 4 of 6)",931,NM_007959,14008,,NM_007959,ENSMUSG00000006311,Etv2,Etsrp71,ets variant 2,protein-coding
1935,chr4,41568987,41569308,+,0,NA,promoter-TSS (NM_175138),promoter-TSS (NM_175138),391,NM_001377103,71901,,NM_027993,ENSMUSG00000028439,Fam219a,2310028H24Rik,"family with sequence similarity 219, member A",protein-coding
2834,chr8,123582777,123583430,+,0,NA,Intergenic,Intergenic,-17016,NR_046127,100861480,,NR_046127,ENSMUSG00000119748,Gm25018,Rn5s10,"predicted gene, 25018",rRNA
1845,chr3,107036354,107037219,+,0,NA,"exon (NM_008418, exon 1 of 1)","exon (NM_008418, exon 1 of 1)",624,NM_008418,16491,,NM_008418,ENSMUSG00000047959,Kcna3,Kca1-3|Kv1.3|Mk-3,"potassium voltage-gated channel, shaker-related subfamily, member 3",protein-coding
3100,chrX,94233942,94235619,+,0,NA,promoter-TSS (NM_001039060),promoter-TSS (NM_001039060),-150,NM_001039061,236904,,NM_153165,ENSMUSG00000043929,Klhl15,6330500C13Rik,kelch-like 15,protein-coding
2918,chr9,43238803,43239993,+,0,NA,"exon (NM_178644, exon 1 of 4)","exon (NM_178644, exon 1 of 4)",418,NM_178644,102644,,NM_178644,ENSMUSG00000032014,Oaf,D130038B21Rik|D9Ucla1,out at first homolog,protein-coding
1284,chr17,79714013,79714073,+,0,NA,"exon (NM_009994, exon 2 of 3)","exon (NM_009994, exon 2 of 3)",1018,NM_009994,13078,,NM_009994,ENSMUSG00000024087,Cyp1b1,CP1B|CYPIB1|P4501b1,"cytochrome P450, family 1, subfamily b, polypeptide 1",protein-coding
2897,chr9,21248213,21248729,+,0,NA,promoter-TSS (NM_053190),promoter-TSS (NM_053190),-28,NM_053190,94226,,NM_053190,ENSMUSG00000045087,S1pr5,Edg8|S1P5|lpB4,sphingosine-1-phosphate receptor 5,protein-coding
2735,chr8,78434999,78435692,+,0,NA,"exon (NM_138944, exon 2 of 2)","exon (NM_138944, exon 2 of 2)",1302,NM_138944,18997,,NM_138944,ENSMUSG00000031688,Pou4f2,Brn-3.2|Brn-3b|Brn3b|Pou4f-rs1|mBrn3-3R,"POU domain, class 4, transcription factor 2",protein-coding
1953,chr4,50861885,50862182,+,0,NA,Intergenic,L1Md_A|LINE|L1,-354645,NM_001162865,74914,,NM_001162865,ENSMUSG00000039555,Cylc2,4930488P18Rik,"cylicin, basic protein of sperm head cytoskeleton 2",protein-coding
2544,chr7,55962117,55962419,+,0,NA,promoter-TSS (NR_015495),promoter-TSS (NR_015495),225,NM_001256130,93790,,NM_023647,ENSMUSG00000030452,Nipa2,2600017P10Rik|3830408P04Rik,non imprinted in Prader-Willi/Angelman syndrome 2 homolog (human),protein-coding
1858,chr3,116423662,116423983,+,0,NA,"5' UTR (NM_001173553, exon 1 of 14)","5' UTR (NM_001173553, exon 1 of 14)",210,NM_001080818,229776,,NM_001080818,ENSMUSG00000033502,Cdc14a,A830059A17Rik|CDC14A2|CDC14a1|Cdc14,CDC14 cell division cycle 14A,protein-coding
1347,chr18,43003354,43003898,+,0,NA,"intron (NM_028392, intron 1 of 8)",L1Md_Gf|LINE|L1,55845,NM_028392,72930,,NM_027531,ENSMUSG00000024500,Ppp2r2b,2900026H06Rik|6330404L05Rik|E130009M08Rik|PP2A-PR55B|PR55-BETA|SCA12,"protein phosphatase 2, regulatory subunit B, beta",protein-coding
1018,chr15,81811015,81811313,+,0,NA,promoter-TSS (NM_017376),promoter-TSS (NM_017376),-250,NM_017376,21685,,NM_017376,ENSMUSG00000022389,Tef,2310028D20Rik,thyrotroph embryonic factor,protein-coding
489,chr11,100413563,100415966,+,0,NA,promoter-TSS (NM_010221),promoter-TSS (NM_010221),-48,NM_001378981,66180,,NM_176830,ENSMUSG00000006931,P3h4,1110036O03Rik|Leprel4|Sc65,prolyl 3-hydroxylase family member 4 (non-enzymatic),protein-coding
612,chr12,63691996,63692138,+,0,NA,Intergenic,L1Md_T|LINE|L1,782831,NM_001163271,623046,,NM_001163271,ENSMUSG00000043060,Fscb,EG623046,fibrous sheath CABYR binding protein,protein-coding
1406,chr19,5366740,5367297,+,0,NA,promoter-TSS (NM_001286608),promoter-TSS (NM_001286608),-142,NM_011793,23825,,NM_011793,ENSMUSG00000024844,Banf1,Baf|Bcrp1|L2bp1/Baf,BAF nuclear assembly factor 1,protein-coding
78,chr1,61638996,61639516,+,0,NA,"exon (NM_001081050, exon 1 of 23)","exon (NM_001081050, exon 1 of 23)",432,NM_001081050,72823,,NM_001081050,ENSMUSG00000052062,Pard3b,1810008K04Rik|2010002N16Rik|2810455B10Rik|Als2cr19|PAR3B|PAR3L|PAR3beta,par-3 family cell polarity regulator beta,protein-coding
3040,chr9,114978637,114979261,+,0,NA,"exon (NM_148958, exon 1 of 12)","exon (NM_148958, exon 1 of 12)",464,NM_148958,74486,,NM_148958,ENSMUSG00000040875,Osbpl10,4933433D06Rik|C820004B04Rik|OPR-10|ORP-10,oxysterol binding protein-like 10,protein-coding
990,chr15,60353709,60354144,+,0,NA,Intergenic,L1Md_T|LINE|L1,-337308,NM_027668,71088,,NM_027668,ENSMUSG00000071749,4933412E24Rik,-,RIKEN cDNA 4933412E24 gene,protein-coding
1631,chr2,119237119,119238312,+,0,NA,"5' UTR (NM_016907, exon 2 of 11)","5' UTR (NM_016907, exon 2 of 11)",355,NM_016907,20732,,NM_016907,ENSMUSG00000027315,Spint1,HAI-1,"serine protease inhibitor, Kunitz type 1",protein-coding
1256,chr17,47737097,47738161,+,0,NA,promoter-TSS (NM_001161723),promoter-TSS (NM_001161723),-302,NM_001161723,21425,,NM_011549,ENSMUSG00000023990,Tfeb,Tcfeb|bHLHe35,transcription factor EB,protein-coding
2073,chr4,134102610,134102885,+,0,NA,"intron (NM_026257, intron 1 of 14)",CpG,164,NR_045571,67586,,NM_026257,ENSMUSG00000012126,Ubxn11,4930506L07Rik|D4Bwg1540e|Soc|Soci|Ubxd5,UBX domain protein 11,protein-coding
662,chr12,102878135,102878445,+,0,NA,"non-coding (NR_165048, exon 1 of 12)","non-coding (NR_165048, exon 1 of 12)",152,NR_165048,238386,,NM_172806,ENSMUSG00000041702,Btbd7,5730507E09Rik|8030448M07|E130118E17Rik|FUP1|mKIAA1525,BTB domain containing 7,protein-coding
3073,chrX,13845693,13846049,+,0,NA,"intron (NR_037311, intron 4 of 4)","intron (NR_037311, intron 4 of 4)",685,NM_001284504,12361,,NM_009806,ENSMUSG00000031012,Cask,DXPri1|DXRib1|LIN-2|Pals3|mLin-2,calcium/calmodulin dependent serine protein kinase,protein-coding
668,chr12,107915649,107915891,+,0,NA,"exon (NM_001286343, exon 2 of 2)","exon (NM_001286343, exon 2 of 2)",87644,NM_001286343,58208,,NM_021399,ENSMUSG00000048251,Bcl11b,9130430L19Rik|B630002E05Rik|BCL-11B|Ctip2|Rit1,B cell leukemia/lymphoma 11B,protein-coding
2757,chr8,89025609,89026135,+,0,NA,Intergenic,CpG,1137,NR_106190,102465899,,NR_106190,ENSMUSG00000099078,Mir8110,Gm27571|mmu-mir-8110,microRNA 8110,ncRNA
3050,chr9,121641970,121642907,+,0,NA,promoter-TSS (NM_011703),promoter-TSS (NM_011703),-278,NM_011703,22354,,NM_011703,ENSMUSG00000032528,Vipr1,VIP-R1|VPAC1,vasoactive intestinal peptide receptor 1,protein-coding
2825,chr8,123567469,123568221,+,0,NA,Intergenic,Intergenic,-1758,NR_046127,100861480,,NR_046127,ENSMUSG00000119748,Gm25018,Rn5s10,"predicted gene, 25018",rRNA
214,chr10,39732204,39732818,+,0,NA,promoter-TSS (NR_038037),promoter-TSS (NR_038037),351,NM_011264,19714,,NM_011264,ENSMUSG00000019841,Rev3l,Rev|Rev3|Sez4,"REV3 like, DNA directed polymerase zeta catalytic subunit",protein-coding
1573,chr2,72980574,72981011,+,0,NA,promoter-TSS (NM_001018042),promoter-TSS (NM_001018042),-346,NM_001018042,20687,,NM_011450,ENSMUSG00000027109,Sp3,D130027J01Rik,trans-acting transcription factor 3,protein-coding
2255,chr5,127876409,127876780,+,0,NA,"intron (NM_172885, intron 4 of 8)",L1Md_T|LINE|L1,244332,NM_177005,319804,,NM_177005,ENSMUSG00000049971,Glt1d1,5730455A04Rik,glycosyltransferase 1 domain containing 1,protein-coding
1654,chr2,131545896,131546487,+,0,NA,"exon (NM_013460, exon 2 of 2)","exon (NM_013460, exon 2 of 2)",16306,NM_013460,11550,,NM_013460,ENSMUSG00000027335,Adra1d,Adra-1|Adra1|Adra1a|Gpcr8|Spr8|[a]1d|alpha1D-AR,"adrenergic receptor, alpha 1d",protein-coding
1700,chr2,163339304,163340043,+,0,NA,"exon (NM_021566, exon 4 of 6)","exon (NM_021566, exon 4 of 6)",58300,NM_021566,59091,,NM_021566,ENSMUSG00000017817,Jph2,1110002E14Rik|JP-2|Jp2,junctophilin 2,protein-coding
1456,chr19,42431525,42431858,+,0,NA,promoter-TSS (NM_001356589),promoter-TSS (NM_001356589),97,NM_001356589,72832,,NM_145123,ENSMUSG00000042401,Crtac1,2810454P21Rik|Crtac1B|Lotus,cartilage acidic protein 1,protein-coding
1629,chr2,118702807,118703775,+,0,NA,"exon (NM_001081971, exon 1 of 1)","exon (NM_001081971, exon 1 of 1)",672,NM_001081971,383787,,NM_001081971,ENSMUSG00000078137,Ankrd63,Gm1337,ankyrin repeat domain 63,protein-coding
457,chr11,94629617,94630106,+,0,NA,promoter-TSS (NM_133807),promoter-TSS (NM_133807),84,NM_133807,98238,,NM_133807,ENSMUSG00000020869,Lrrc59,-,leucine rich repeat containing 59,protein-coding
527,chr11,115153521,115154500,+,0,NA,promoter-TSS (NM_021411),promoter-TSS (NM_021411),-168,NM_021411,58222,,NM_021411,ENSMUSG00000020732,Rab37,B230331O03Rik|B230354I04Rik,"RAB37, member RAS oncogene family",protein-coding
1120,chr16,37868443,37869087,+,0,NA,"exon (NM_177093, exon 1 of 4)","exon (NM_177093, exon 1 of 4)",365,NM_177093,320184,,NM_177093,ENSMUSG00000034158,Lrrc58,1810012N18Rik|C330018J07Rik,leucine rich repeat containing 58,protein-coding
1017,chr15,81693523,81694899,+,0,NA,"exon (NM_001164320, exon 3 of 6)","exon (NM_001164320, exon 3 of 6)",3076,NM_001164320,214685,,NM_001164320,ENSMUSG00000063765,Chadl,D930017K21Rik,chondroadherin-like,protein-coding
2131,chr5,3341119,3341569,+,0,NA,"intron (NR_168898, intron 1 of 3)",CpG,908,NR_168895,102640405,,NR_168894,,Cdk6os1,Gm36470,"cyclin dependent kinase 6, opposite strand transcript 1",ncRNA
1198,chr17,25875546,25876177,+,0,NA,"intron (NM_026686, intron 1 of 5)","intron (NM_026686, intron 1 of 5)",361,NM_026686,68347,,NM_026686,ENSMUSG00000025731,Mettl26,0610011F06Rik,methyltransferase like 26,protein-coding
1776,chr3,56182644,56184083,+,0,NA,"5' UTR (NM_030595, exon 1 of 58)","5' UTR (NM_030595, exon 1 of 58)",338,NM_030595,26422,,NM_030595,ENSMUSG00000027799,Nbea,Lyst2|mKIAA1544,neurobeachin,protein-coding
2003,chr4,108460105,108460514,+,0,NA,"intron (NM_175472, intron 2 of 30)",CpG,301,NM_001379665,230594,,NM_175472,ENSMUSG00000034610,Tut4,6030404K05Rik|9230115F04Rik|PPAPD3|Tent3a|Zcchc11|mKIAA0191,terminal uridylyl transferase 4,protein-coding
2755,chr8,88137716,88138546,+,0,NA,promoter-TSS (NR_106039),promoter-TSS (NR_106039),-75,NR_106039,102465649,,NR_106039,ENSMUSG00000099080,Mir7071,Gm27623|mmu-mir-7071,microRNA 7071,ncRNA
2291,chr6,8259088,8259827,+,0,NA,promoter-TSS (NM_026632),promoter-TSS (NM_026632),169,NM_001302353,100036521,,NM_001302353,ENSMUSG00000089862,Umad1,Gm16039,UMAP1-MVP12 associated (UMA) domain containing 1,protein-coding
581,chr12,28649454,28649768,+,0,NA,promoter-TSS (NM_001286865),promoter-TSS (NM_001286865),9,NM_011275,19819,,NM_011275,ENSMUSG00000020630,Rnaseh1,-,ribonuclease H1,protein-coding
1695,chr2,158614393,158614738,+,0,NA,"exon (NM_009508, exon 2 of 2)","exon (NM_009508, exon 2 of 2)",3807,NM_009508,22348,,NM_009508,ENSMUSG00000037771,Slc32a1,VGAT|Viaat,"solute carrier family 32 (GABA vesicular transporter), member 1",protein-coding
1926,chr4,21678184,21680131,+,0,NA,"exon (NM_001080771, exon 4 of 4)","exon (NM_001080771, exon 4 of 4)",6806,NM_001080771,230025,,NM_001080771,ENSMUSG00000040478,Prdm13,-,PR domain containing 13,protein-coding
2022,chr4,117926586,117926944,+,0,NA,"exon (NM_001284193, exon 5 of 5)","exon (NM_001284193, exon 5 of 5)",2998,NM_001284191,11876,,NM_009711,ENSMUSG00000028539,Artn,neublastin,artemin,protein-coding
1930,chr4,33923951,33924856,+,0,NA,promoter-TSS (NM_007726),promoter-TSS (NM_007726),139,NM_001355020,12801,,NM_007726,ENSMUSG00000044288,Cnr1,CB-R|CB1|CB1A|CB1B|CB1R,cannabinoid receptor 1,protein-coding
3060,chr9,123528852,123529356,+,0,NA,promoter-TSS (NM_030692),promoter-TSS (NM_030692),-649,NM_001357485,83493,,NM_030692,ENSMUSG00000025240,Sacm1l,SAC1|Sac1p|mKIAA0851,SAC1 suppressor of actin mutations 1-like (yeast),protein-coding
1645,chr2,127362835,127363732,+,0,NA,"5' UTR (NM_009633, exon 1 of 1)","5' UTR (NM_009633, exon 1 of 1)",104,NM_009633,11552,,NM_009633,ENSMUSG00000058620,Adra2b,Adra-2b|[a]2B|a2b-AR|alpha2-C2|alpha2B,"adrenergic receptor, alpha 2b",protein-coding
430,chr11,78188570,78189556,+,0,NA,"5' UTR (NM_033475, exon 1 of 10)","5' UTR (NM_033475, exon 1 of 10)",315,NM_033475,19376,,NM_033475,ENSMUSG00000002059,Rab34,Narr|Rah|Rah1,"RAB34, member RAS oncogene family",protein-coding
2061,chr4,132639036,132639530,+,0,NA,"intron (NM_211357, intron 1 of 14)",CpG,237,NM_210071,14050,,NM_010166,ENSMUSG00000028886,Eya3,-,EYA transcriptional coactivator and phosphatase 3,protein-coding
930,chr14,76414879,76415186,+,0,NA,promoter-TSS (NM_001310646),promoter-TSS (NM_001310646),71,NM_001310646,21807,,NM_009366,ENSMUSG00000022010,Tsc22d1,Egr5|Gm19597|TSC-22|Tgfb1i4|Tsc|Tsc22,"TSC22 domain family, member 1",protein-coding
1173,chr17,6270495,6271080,+,0,NA,"intron (NM_001033178, intron 1 of 16)",CpG,317,NM_001033178,77106,,NM_001033178,ENSMUSG00000038141,Tmem181a,5930418K15Rik|Gpr178|Tmem181|mKIAA1423,transmembrane protein 181A,protein-coding
431,chr11,79145854,79146837,+,0,NA,"5' UTR (NM_013571, exon 1 of 18)","5' UTR (NM_013571, exon 1 of 18)",128,NM_013571,16706,,NM_013571,ENSMUSG00000018334,Ksr1,B-KSR1|D11Bhm183e|D11Bhm184e|Ksr|RSU2|hb|mKSR1,kinase suppressor of ras 1,protein-coding
1437,chr19,29521995,29522952,+,0,NA,promoter-TSS (NR_015567),promoter-TSS (NR_015567),191,NM_001081319,226089,,NM_177641,ENSMUSG00000038658,Ric1,C030046E11Rik|C130057E09Rik|Kiaa1432,RAB6A GEF complex partner 1,protein-coding
2717,chr8,69901437,69901734,+,0,NA,promoter-TSS (NM_032004),promoter-TSS (NM_032004),435,NM_001382215,67184,,NM_023312,ENSMUSG00000036199,Ndufa13,2700054G14Rik|CDA016|CGI-39|CI-B16.6|GRIM-19|Grim19,NADH:ubiquinone oxidoreductase subunit A13,protein-coding
2532,chr7,45405975,45407047,+,0,NA,"exon (NM_010596, exon 1 of 2)","exon (NM_010596, exon 1 of 2)",551,NM_010596,16495,,NM_010596,ENSMUSG00000038201,Kcna7,Kv1.7,"potassium voltage-gated channel, shaker-related subfamily, member 7",protein-coding
2425,chr6,125313711,125314006,+,0,NA,promoter-TSS (NM_010736),promoter-TSS (NM_010736),27,NM_010736,17000,,NM_010736,ENSMUSG00000030339,Ltbr,LTbetaR|Ltar|TNF-R-III|TNFCR|TNFR-RP|TNFR2-RP|TNFRrp|Tnfbr|Tnfrsf3,lymphotoxin B receptor,protein-coding
2922,chr9,44407040,44407468,+,0,NA,promoter-TSS (NM_024266),promoter-TSS (NM_024266),294,NM_021789,60409,,NM_021789,ENSMUSG00000032112,Trappc4,1500017G03Rik|HSPC172|PTD009|Sbd|Sbdn|Sdcbp2|TRS23,trafficking protein particle complex 4,protein-coding
462,chr11,95830552,95831471,+,0,NA,"exon (NM_153104, exon 3 of 3)","exon (NM_153104, exon 3 of 3)",6511,NM_153104,237928,,NM_153104,ENSMUSG00000050860,Phospho1,D11Moh36|Phospo1,"phosphatase, orphan 1",protein-coding
1294,chr17,86167927,86168788,+,0,NA,promoter-TSS (NR_165800),promoter-TSS (NR_165800),572,NM_011104,18754,,NM_011104,ENSMUSG00000045038,Prkce,5830406C15Rik|PKC[e]|PKCepsilon|Pkce,"protein kinase C, epsilon",protein-coding
2740,chr8,83331929,83332579,+,0,NA,promoter-TSS (NR_168721),promoter-TSS (NR_168721),232,NM_178736,244548,,NM_178736,ENSMUSG00000035151,Elmod2,9830169G11Rik,ELMO/CED-12 domain containing 2,protein-coding
1799,chr3,84479758,84480503,+,0,NA,promoter-TSS (NM_001205355),promoter-TSS (NM_001205355),309,NM_001033301,229474,,NM_001033301,ENSMUSG00000041842,Fhdc1,6330505N24Rik|Gm126,FH2 domain containing 1,protein-coding
1022,chr15,82211884,82212720,+,0,NA,"exon (NM_001207021, exon 1 of 4)","exon (NM_001207021, exon 1 of 4)",513,NM_001207021,435145,,NM_001207021,ENSMUSG00000096883,Shisa8,Orf26|ckamp39,shisa family member 8,protein-coding
2107,chr4,148558517,148558882,+,0,NA,promoter-TSS (NM_001355489),promoter-TSS (NM_001355489),-14,NM_001355489,50912,,NM_016699,ENSMUSG00000017264,Exosc10,PM-Scl|PM/Scl-100|Pmscl2|RRP6|p2|p3|p4,exosome component 10,protein-coding
2486,chr7,27227960,27228650,+,0,NA,"exon (NM_181593, exon 1 of 7)","exon (NM_181593, exon 1 of 7)",312,NM_181593,233011,,NM_181593,ENSMUSG00000003752,Itpkc,9130023N17Rik|IP3K C,"inositol 1,4,5-trisphosphate 3-kinase C",protein-coding
3015,chr9,101074563,101075158,+,0,NA,promoter-TSS (NM_001100451),promoter-TSS (NM_001100451),98,NM_001100451,77853,,NM_001100451,ENSMUSG00000066415,Msl2,E130103E02Rik|Msl2l1|Rnf184,MSL complex subunit 2,protein-coding
1515,chr2,28183988,28184645,+,0,NA,Intergenic,(CCCTAA)n|Simple_repeat|Simple_repeat,-8777,NM_001038613,56177,,NM_019498,ENSMUSG00000026833,Olfm1,AMY|Noe1|OlfA|Pancortin|Pancortin3,olfactomedin 1,protein-coding
1743,chr3,14886255,14887104,+,0,NA,"5' UTR (NM_001357334, exon 2 of 8)","5' UTR (NM_001357334, exon 2 of 8)",391,NM_009801,12349,,NM_009801,ENSMUSG00000027562,Car2,CAII|Ca2|Car-2|Ltw-5|Lvtw-5,carbonic anhydrase 2,protein-coding
429,chr11,77931135,77931457,+,0,NA,"intron (NM_001291225, intron 1 of 15)",CpG,457,NM_021286,20370,,NM_021286,ENSMUSG00000000632,Sez6,BSRP-C|D11Bhm177e|sez-6,seizure related gene 6,protein-coding
1955,chr4,55530115,55530501,+,0,NA,"exon (NM_010637, exon 3 of 5)","exon (NM_010637, exon 3 of 5)",2167,NM_010637,16600,,NM_010637,ENSMUSG00000003032,Klf4,EZF|Gklf|Zie,Kruppel-like transcription factor 4 (gut),protein-coding
1894,chr3,144569443,144570172,+,0,NA,promoter-TSS (NM_053102),promoter-TSS (NM_053102),409,NM_001355234,23908,,NM_011828,ENSMUSG00000040151,Hs2st1,2OST|Hs2st|mKIAA0448,heparan sulfate 2-O-sulfotransferase 1,protein-coding
3098,chrX,77398182,77398321,+,0,NA,Intergenic,L1Md_T|LINE|L1,-112976,NM_020601,21372,,NM_020601,ENSMUSG00000025246,Tbl1x,5330429M20|Tbl1,transducin (beta)-like 1 X-linked,protein-coding
2290,chr6,6859930,6860314,+,0,NA,"intron (NR_155496, intron 1 of 1)","intron (NR_155496, intron 1 of 1)",1561,NR_155495,320038,,NR_015388,,Dlx6os1,A230055N17Rik|Dlx6as1|Evf-1|Evf-2|Evf1|Evf1/2|Evf2|Shhrs,"distal-less homeobox 6, opposite strand 1",ncRNA
1710,chr2,165111867,165112910,+,0,NA,"exon (NM_174988, exon 12 of 12)","exon (NM_174988, exon 12 of 12)",-21638,NR_033448,72211,,NR_033448,ENSMUSG00000078935,1700025C18Rik,-,RIKEN cDNA 1700025C18 gene,ncRNA
2039,chr4,124906299,124906576,+,0,NA,"intron (NM_001256432, intron 8 of 16)","intron (NM_001256432, intron 8 of 16)",-11655,NR_040651,73628,,NR_040651,ENSMUSG00000085263,1700125G02Rik,-,RIKEN cDNA 1700125G02 gene,ncRNA
1132,chr16,73736386,73736870,+,0,NA,Intergenic,L1Md_T|LINE|L1,605439,NR_030464,751561,,NR_030464,ENSMUSG00000104758,Mir691,Mirn691|mir-691|mmu-mir-691,microRNA 691,ncRNA
2763,chr8,93810563,93811126,+,0,NA,promoter-TSS (NM_001113384),promoter-TSS (NM_001113384),6,NM_001113384,14681,,NM_010308,ENSMUSG00000031748,Gnao1,Galphao|Gnao|Hg1g|alphaO,"guanine nucleotide binding protein, alpha O",protein-coding
989,chr15,59647700,59648115,+,0,NA,promoter-TSS (NM_144549),promoter-TSS (NM_144549),-747,NM_144549,211770,,NM_144549,ENSMUSG00000032501,Trib1,A530090O15Rik|TRB-1|Trb1,tribbles pseudokinase 1,protein-coding
2994,chr9,86879886,86880252,+,0,NA,"intron (NM_001357770, intron 1 of 29)",CpG,380,NM_001357772,20616,,NM_013669,ENSMUSG00000033419,Snap91,91kDa|AP180|F1-20|mKIAA0656,synaptosomal-associated protein 91,protein-coding
2040,chr4,124986188,124987139,+,0,NA,"5' UTR (NM_138683, exon 1 of 6)","5' UTR (NM_138683, exon 1 of 6)",233,NM_138683,192199,,NM_138683,ENSMUSG00000028871,Rspo1,R-spondin|Rspondin,R-spondin 1,protein-coding
1720,chr2,173659091,173659575,+,0,NA,promoter-TSS (NM_024436),promoter-TSS (NM_024436),206,NR_027957,100043911,,NM_001033179,ENSMUSG00000121504,Ppp4r1l-ps,1700007P14Rik|5830403E09Rik|C030010B13Rik|Ppp4r1l,"protein phosphatase 4, regulatory subunit 1-like, pseudogene",pseudo
3141,chrX,162829051,162829351,+,0,NA,"intron (NM_178935, intron 1 of 9)",CpG,253,NM_001290778,353170,,NM_178935,ENSMUSG00000038344,Txlng,4932441K18Rik|Fiat|Lrp,taxilin gamma,protein-coding
2627,chr7,128010135,128010530,+,0,NA,"exon (NM_001079932, exon 6 of 6)","exon (NM_001079932, exon 6 of 6)",5954,NM_001079932,434246,,NM_001079932,ENSMUSG00000042828,Trim72,MG53,tripartite motif-containing 72,protein-coding
667,chr12,105870373,105870664,+,0,NA,Intergenic,Intergenic,-28898,NR_166752,100503099,,NR_166752,ENSMUSG00000113835,Gm19554,-,"predicted gene, 19554",ncRNA
1289,chr17,84512155,84512433,+,0,NA,"intron (NM_001357986, intron 1 of 29)",CpG,399,NM_001357986,213556,,NM_177606,ENSMUSG00000040852,Plekhh2,E030001K05|mKIAA2028,"pleckstrin homology domain containing, family H (with MyTH4 domain) member 2",protein-coding
857,chr14,30625332,30626791,+,0,NA,"5' UTR (NM_011103, exon 1 of 18)","5' UTR (NM_011103, exon 1 of 18)",147,NM_011103,18753,,NM_011103,ENSMUSG00000021948,Prkcd,D14Ertd420e|PKC[d]|PKCdelta|Pkcd,"protein kinase C, delta",protein-coding
2323,chr6,38636452,38637155,+,0,NA,"exon (NM_001033171, exon 1 of 5)","exon (NM_001033171, exon 1 of 5)",436,NM_001033171,74253,,NM_001033171,ENSMUSG00000071537,Klrg2,2310020F24Rik,"killer cell lectin-like receptor subfamily G, member 2",protein-coding
1509,chr2,25546683,25547071,+,0,NA,promoter-TSS (NM_009422),promoter-TSS (NM_009422),63,NM_009422,22030,,NM_009422,ENSMUSG00000026942,Traf2,-,TNF receptor-associated factor 2,protein-coding
1243,chr17,36231241,36231576,+,0,NA,Intergenic,CpG,26438,NM_026308,67676,,NM_026308,ENSMUSG00000024446,Rpp21,0610037N01Rik,ribonuclease P 21 subunit,protein-coding
1035,chr15,89180520,89180793,+,0,NA,"intron (NM_138749, intron 1 of 37)",CpG,132,NM_001284506,140570,,NM_138749,ENSMUSG00000036606,Plxnb2,Debt|plexin-B2,plexin B2,protein-coding
1551,chr2,46729794,46730300,+,0,NA,Intergenic,L1Md_T|LINE|L1,-287142,NR_166211,102633065,,NR_166211,ENSMUSG00000086644,Gm13470,-,predicted gene 13470,ncRNA
885,chr14,51065156,51065992,+,0,NA,Intergenic,Intergenic,5868,NM_207558,404319,,NM_207558,ENSMUSG00000035932,Or6s1,GA_x5J8B7W5WBF-6267395-6266441|GA_x6K02T2PMLR-6808276-6807281|MOR103-18|Olfr750,olfactory receptor family 6 subfamily S member 1,protein-coding
1305,chr18,6135606,6136034,+,0,NA,"5' UTR (NM_001039692, exon 1 of 19)","5' UTR (NM_001039692, exon 1 of 19)",278,NM_029277,75415,,NM_029277,ENSMUSG00000041225,Arhgap12,2810011M08Rik,Rho GTPase activating protein 12,protein-coding
1964,chr4,63494557,63496186,+,0,NA,"5' UTR (NM_001276371, exon 1 of 4)","5' UTR (NM_001276371, exon 1 of 4)",620,NM_028640,73750,,NM_028640,ENSMUSG00000039137,Whrn,1110035G07Rik|C430046P22Rik|Dfnb31|Ush2d|wi,whirlin,protein-coding
1523,chr2,30828274,30828677,+,0,NA,promoter-TSS (NM_133346),promoter-TSS (NM_133346),-175,NM_133346,72323,,NM_133346,ENSMUSG00000039483,Asb6,2510004M11Rik,ankyrin repeat and SOCS box-containing 6,protein-coding
2197,chr5,73255460,73257233,+,0,NA,"intron (NM_028194, intron 1 of 62)",CpG,272,NM_028194,72313,,NM_028194,ENSMUSG00000070733,Fryl,2010313D22Rik|2310004H21Rik|2510002A14Rik|9030227G01Rik|mKIAA0826,FRY like transcription coactivator,protein-coding
882,chr14,47568057,47568447,+,0,NA,"exon (NM_172599, exon 1 of 10)","exon (NM_172599, exon 1 of 10)",182,NM_172599,100504663,,NM_172599,ENSMUSG00000037526,Atg14,4832427M01|Atg14L|D14Ertd114e|D14Ertd436e,autophagy related 14,protein-coding
2647,chr7,140036178,140036842,+,0,NA,promoter-TSS (NM_001286011),promoter-TSS (NM_001286011),119,NM_027201,69752,,NM_027201,ENSMUSG00000025470,Zfp511,2410004P19Rik|Znf511,zinc finger protein 511,protein-coding
1135,chr16,78350335,78351072,+,0,NA,"intron (NM_009988, intron 7 of 7)",L1Md_T|LINE|L1,26054,NR_002700,654432,,NR_002700,,Gm7334,EG654432,B-cell translocation gene 3 pseudogene,pseudo
701,chr13,12257114,12257439,+,0,NA,"intron (NM_001081128, intron 1 of 32)","intron (NM_001081128, intron 1 of 32)",837,NM_001081128,238505,,NM_001081128,ENSMUSG00000021311,Mtr,D830038K18Rik|MS,5-methyltetrahydrofolate-homocysteine methyltransferase,protein-coding
1804,chr3,87174428,87174967,+,0,NA,promoter-TSS (NM_001170985),promoter-TSS (NM_001170985),-160,NM_001170985,170643,,NM_130867,ENSMUSG00000041734,Kirrel1,6720469N11Rik|Kirrel|Neph1,kirre like nephrin family adhesion molecule 1,protein-coding
2137,chr5,15934887,15935602,+,0,NA,"intron (NM_001110845, intron 1 of 38)",CpG,553,NM_009784,12293,,NM_009784,ENSMUSG00000040118,Cacna2d1,Ca(v)alpha2delta1|Cacna2|Cchl2a,"calcium channel, voltage-dependent, alpha2/delta subunit 1",protein-coding
829,chr14,5501272,5502161,+,0,NA,"exon (NM_001379607, exon 1 of 5)","exon (NM_001379607, exon 1 of 5)",418,NM_001379607,100041735,,NM_001256885,ENSMUSG00000095295,Gm3488,100041747|Gm3494,"predicted gene, 3488",protein-coding
202,chr10,18845124,18845442,+,0,NA,"exon (NM_022032, exon 1 of 3)","exon (NM_022032, exon 1 of 3)",212,NM_022032,64058,,NM_022032,ENSMUSG00000019851,Perp,1110017A08Rik|KCP1|KRTCAP1|PIGPC1|THW,"PERP, TP53 apoptosis effector",protein-coding
743,chr13,49420816,49422093,+,0,NA,promoter-TSS (NM_001276399),promoter-TSS (NM_001276399),-160,NM_001276399,75678,,NM_199056,ENSMUSG00000021385,Ippk,1810043M15Rik|InsP6,"inositol 1,3,4,5,6-pentakisphosphate 2-kinase",protein-coding
756,chr13,55209788,55210047,+,0,NA,"intron (NM_008739, intron 1 of 22)","intron (NM_008739, intron 1 of 22)",135,NM_008739,18193,,NM_008739,ENSMUSG00000021488,Nsd1,KMT3B,nuclear receptor-binding SET-domain protein 1,protein-coding
1706,chr2,164407796,164408481,+,0,NA,"intron (NM_009036, intron 5 of 11)","intron (NM_009036, intron 5 of 11)",-2978,NM_001252563,17183,,NM_013592,ENSMUSG00000016995,Matn4,matrilin-4,matrilin 4,protein-coding
944,chr14,106337831,106339001,+,0,NA,Intergenic,L1Md_T|LINE|L1,148104,NR_045938,73631,,NR_045938,ENSMUSG00000099794,1700128A07Rik,-,RIKEN cDNA 1700128A07 gene,ncRNA
523,chr11,108424983,108425853,+,0,NA,"intron (NM_001373899, intron 1 of 26)",CpG,152,NM_001373899,76380,,NM_029586,ENSMUSG00000020728,Cep112,1700001M19Rik|1700029K01Rik|8430407H02Rik|Ccdc46|Macoco,centrosomal protein 112,protein-coding
308,chr10,130412401,130413019,+,0,NA,Intergenic,Intergenic,16902,NM_001102602,623734,,NM_001102602,ENSMUSG00000092048,Vmn2r85,EG623734,"vomeronasal 2, receptor 85",protein-coding
1419,chr19,8966686,8967001,+,0,NA,promoter-TSS (NM_026007),promoter-TSS (NM_026007),-198,NM_026007,67160,,NM_026007,ENSMUSG00000071644,Eef1g,2610301D06Rik|EF1G,eukaryotic translation elongation factor 1 gamma,protein-coding
2887,chr9,13826859,13827281,+,0,NA,promoter-TSS (NM_026665),promoter-TSS (NM_026665),-17,NR_037622,74360,,NM_026665,ENSMUSG00000031922,Cep57,3110002L15Rik|4921510P06Rik|4931428M20Rik|Tsp57|mKIAA0092,centrosomal protein 57,protein-coding
945,chr14,111675483,111676065,+,0,NA,promoter-TSS (NM_001378770),promoter-TSS (NM_001378770),-253,NM_001378770,75409,,NM_029273,ENSMUSG00000033214,Slitrk5,2610019D03Rik,"SLIT and NTRK-like family, member 5",protein-coding
1571,chr2,70476149,70476749,+,0,NA,"exon (NM_022435, exon 2 of 2)","exon (NM_022435, exon 2 of 2)",1526,NM_022435,64406,,NM_022435,ENSMUSG00000075304,Sp5,-,trans-acting transcription factor 5,protein-coding
681,chr12,111275112,111275128,+,0,NA,"intron (NM_033603, intron 7 of 11)",CpG-3529,4024,NM_033603,93835,,NM_033603,ENSMUSG00000021278,Amn,-,amnionless,protein-coding
2179,chr5,57719039,57720211,+,0,NA,"exon (NM_001122758, exon 1 of 3)","exon (NM_001122758, exon 1 of 3)",1544,NM_018764,54216,,NM_018764,ENSMUSG00000029108,Pcdh7,-,protocadherin 7,protein-coding
2233,chr5,113800189,113800491,+,0,NA,promoter-TSS (NM_146162),promoter-TSS (NM_146162),56,NM_146162,231633,,NM_146162,ENSMUSG00000054675,Tmem119,obif,transmembrane protein 119,protein-coding
2024,chr4,119539209,119540373,+,0,NA,"5' UTR (NM_001290696, exon 1 of 12)","5' UTR (NM_001290696, exon 1 of 12)",130,NM_001290696,230700,,NM_172699,ENSMUSG00000032998,Foxj3,C330039G02Rik|Fhd6,forkhead box J3,protein-coding
846,chr14,20737222,20737507,+,0,NA,"exon (NM_001039138, exon 19 of 20)","exon (NM_001039138, exon 19 of 20)",-2802,NM_010811,17423,,NM_010811,ENSMUSG00000039308,Ndst2,Mndns|NDST-2,N-deacetylase/N-sulfotransferase (heparan glucosaminyl) 2,protein-coding
2206,chr5,88564597,88565571,+,0,NA,promoter-TSS (NM_001289775),promoter-TSS (NM_001289775),44,NM_001289774,52822,,NM_027530,ENSMUSG00000029291,Rufy3,2810428M05Rik|6330416M07Rik|D5Bwg0860e|Ripx|Rpipx,RUN and FYVE domain containing 3,protein-coding
948,chr14,118089015,118089552,+,0,NA,Intergenic,Intergenic,-37037,NM_010024,13190,,NM_010024,ENSMUSG00000022129,Dct,DT|TRP-2|TRP2|Tyrp-2|Tyrp2|slaty|slt,dopachrome tautomerase,protein-coding
410,chr11,72488746,72489277,+,0,NA,"intron (NM_153060, intron 1 of 12)",CpG,909,NM_153060,216892,,NM_153060,ENSMUSG00000040447,Spns2,-,"SPNS lysolipid transporter 2, sphingosine-1-phosphate",protein-coding
1844,chr3,105687813,105688129,+,0,NA,promoter-TSS (NM_017397),promoter-TSS (NM_017397),-400,NM_017397,53975,,NM_017397,ENSMUSG00000027905,Ddx20,GEMIN3|dp103,DEAD box helicase 20,protein-coding
2485,chr7,25686793,25688131,+,0,NA,TTS (NM_001362154),TTS (NM_001362154),460,NM_011577,21803,,NM_011577,ENSMUSG00000002603,Tgfb1,TGF-beta1|TGFbeta1|Tgfb|Tgfb-1,"transforming growth factor, beta 1",protein-coding
2337,chr6,48444083,48444382,+,0,NA,"intron (NM_020589, intron 1 of 4)","intron (NM_020589, intron 1 of 4)",858,NM_001085415,68910,,NM_020589,ENSMUSG00000068551,Zfp467,1190001I08Rik|EZI|MNCb-3350|Znf467,zinc finger protein 467,protein-coding
1587,chr2,75977685,75978258,+,0,NA,"exon (NM_001081228, exon 1 of 1)","exon (NM_001081228, exon 1 of 1)",208,NM_001081228,620631,,NM_001081228,ENSMUSG00000075272,Ift70a2,Ttc30a2,intraflagellar transport 70A2,protein-coding
760,chr13,56134830,56135784,+,0,NA,"intron (NM_001159515, intron 1 of 8)",CpG,243,NM_001159514,26914,,NM_012015,ENSMUSG00000015937,Macroh2a1,H2AF12M|H2afy|mH2a1,macroH2A.1 histone,protein-coding
1701,chr2,163375528,163376342,+,0,NA,"exon (NM_021566, exon 2 of 6)","exon (NM_021566, exon 2 of 6)",22038,NM_021566,59091,,NM_021566,ENSMUSG00000017817,Jph2,1110002E14Rik|JP-2|Jp2,junctophilin 2,protein-coding
1238,chr17,35425571,35425825,+,0,NA,"exon (NM_001368741, exon 3 of 7)","exon (NM_001368741, exon 3 of 7)",848,NM_001368742,110557,,NM_207648,ENSMUSG00000073409,H2-Q6,0610037M15Rik|H-2Q6|H2-K1|Qa-6|Qa6,"histocompatibility 2, Q region locus 6",protein-coding
2019,chr4,116840152,116840606,+,0,NA,Intergenic,Intergenic,-18871,NM_146256,242642,,NM_146256,ENSMUSG00000043155,Hpdl,A830048M07Rik|Gloxd1,4-hydroxyphenylpyruvate dioxygenase-like,protein-coding
876,chr14,46387579,46388232,+,0,NA,"non-coding (NR_166854, exon 1 of 2)","non-coding (NR_166854, exon 1 of 2)",427,NR_166854,102638002,,NR_166853,ENSMUSG00000086746,Gm15222,-,predicted gene 15222,ncRNA
742,chr13,49341198,49342180,+,0,NA,"exon (NM_029791, exon 1 of 8)","exon (NM_029791, exon 1 of 8)",140,NM_001039179,76895,,NM_029791,ENSMUSG00000037933,Bicd2,-,BICD cargo adaptor 2,protein-coding
2294,chr6,8777832,8778384,+,0,NA,"5' UTR (NM_010492, exon 1 of 14)","5' UTR (NM_010492, exon 1 of 14)",376,NM_010492,15893,,NM_010492,ENSMUSG00000062995,Ica1,69kDa|ICA69,islet cell autoantigen 1,protein-coding
1525,chr2,30952958,30953478,+,0,NA,"exon (NM_133673, exon 1 of 5)","exon (NM_133673, exon 1 of 5)",217,NM_133673,30934,,NM_133673,ENSMUSG00000026848,Tor1b,2610016F05Rik|DQ1|torsinB,"torsin family 1, member B",protein-coding
2207,chr5,89883257,89883605,+,0,NA,promoter-TSS (NM_001081401),promoter-TSS (NM_001081401),-97,NM_177872,330119,,NM_177872,ENSMUSG00000043635,Adamts3,1100001H14Rik|6330442E02Rik,ADAM metallopeptidase with thrombospondin type 1 motif 3,protein-coding
1971,chr4,73295527,73296270,+,0,NA,Intergenic,L1Md_T|LINE|L1,109174,NM_001013393,433719,,NM_001013393,ENSMUSG00000066137,Msantd5f6,Gm11487,Myb/SANT DNA binding domain containing 5 family member 6,protein-coding
2935,chr9,52035538,52035811,+,0,NA,"intron (NR_023357, intron 1 of 2)",G-rich|Low_complexity|Low_complexity,-11476,NM_001104616,19684,,NM_009041,ENSMUSG00000032050,Rdx,-,radixin,protein-coding
1569,chr2,69647067,69647652,+,0,NA,"intron (NM_001362706, intron 1 of 10)",CpG,188,NM_001362706,72569,,NM_028284,ENSMUSG00000063145,Bbs5,1700049I01Rik|2700023J09Rik,Bardet-Biedl syndrome 5,protein-coding
2341,chr6,51432765,51433568,+,0,NA,"exon (NM_010903, exon 1 of 4)","exon (NM_010903, exon 1 of 4)",497,NM_010903,18025,,NM_010903,ENSMUSG00000029832,Nfe2l3,Nrf3,"nuclear factor, erythroid derived 2, like 3",protein-coding
1046,chr15,98762738,98763242,+,0,NA,promoter-TSS (NM_001355510),promoter-TSS (NM_001355510),2,NM_001355510,11842,,NM_007478,ENSMUSG00000051853,Arf3,5430400P17Rik,ADP-ribosylation factor 3,protein-coding
203,chr10,19849675,19850276,+,0,NA,"intron (NM_029529, intron 1 of 1)","intron (NM_029529, intron 1 of 1)",1484,NM_029529,76157,,NM_029529,ENSMUSG00000050473,Slc35d3,6230421J19Rik|Frcl1,"solute carrier family 35, member D3",protein-coding
868,chr14,35205950,35206134,+,0,NA,"intron (NM_008166, intron 4 of 15)",L1Md_T|LINE|L1,311433,NR_029774,723847,,NR_029774,ENSMUSG00000065481,Mir346,Mirn346|mir-346|mmu-mir-346,microRNA 346,ncRNA
1665,chr2,146834649,146834879,+,0,NA,Intergenic,CpG,-21116,NM_001033298,228730,,NM_001033298,ENSMUSG00000074749,Kiz,Gm114|Ncrna00153|Plk1s1,kizuna centrosomal protein,protein-coding
394,chr11,69965309,69966800,+,0,NA,"exon (NM_001193619, exon 2 of 5)","exon (NM_001193619, exon 2 of 5)",633,NM_016887,53624,,NM_016887,ENSMUSG00000018569,Cldn7,-,claudin 7,protein-coding
1292,chr17,85688282,85689045,+,0,NA,promoter-TSS (NM_011380),promoter-TSS (NM_011380),-409,NM_011380,20472,,NM_011380,ENSMUSG00000024134,Six2,-,sine oculis-related homeobox 2,protein-coding
2397,chr6,112652869,112653458,+,0,NA,"intron (NM_001381933, intron 10 of 12)",L1Md_T|LINE|L1,43485,NM_001381931,58186,,NM_021385,ENSMUSG00000030254,Rad18,2810024C04Rik|Rad18sc,RAD18 E3 ubiquitin protein ligase,protein-coding
1157,chr16,94327863,94328708,+,0,NA,promoter-TSS (NM_133229),promoter-TSS (NM_133229),-137,NM_133229,170765,,NM_133229,ENSMUSG00000022941,Ripply3,Dscr6,ripply transcriptional repressor 3,protein-coding
445,chr11,86807367,86807617,+,0,NA,"exon (NM_026191, exon 1 of 18)","exon (NM_026191, exon 1 of 18)",168,NM_026191,67487,,NM_026191,ENSMUSG00000018425,Dhx40,2410016C14Rik|ARG147|DDX40|PAD,DEAH-box helicase 40,protein-coding
1372,chr18,63386171,63387402,+,0,NA,"5' UTR (NM_001039485, exon 1 of 54)","5' UTR (NM_001039485, exon 1 of 54)",397,NM_001039485,667742,,NM_172629,ENSMUSG00000041482,Piezo2,5930434P17|9030411M15Rik|9430028L06Rik|Fam38b|Fam38b2,piezo-type mechanosensitive ion channel component 2,protein-coding
1106,chr16,20611092,20611689,+,0,NA,promoter-TSS (NM_177941),promoter-TSS (NM_177941),-211,NM_177940,110599584,,NM_177940,ENSMUSG00000115293,Eef1ece2,Eef1akmt4|Eef1akmt4-ece2|Gm49333,Eef1akmt4-endothelin converting enzyme 2 readthrough,protein-coding
1071,chr15,102936824,102937602,+,0,NA,"exon (NM_010463, exon 1 of 2)","exon (NM_010463, exon 1 of 2)",387,NM_010463,15421,,NM_010463,ENSMUSG00000050328,Hoxc12,Hox-3.8,homeobox C12,protein-coding
1612,chr2,102451862,102452183,+,0,NA,promoter-TSS (NM_010218),promoter-TSS (NM_010218),-230,NM_010218,14221,,NM_010218,ENSMUSG00000075012,Fjx1,-,four jointed box 1,protein-coding
164,chr1,171044331,171044610,+,0,NA,Intergenic,Intergenic,14924,NM_001356511,14131,,NM_010188,ENSMUSG00000059498,Fcgr3,CD16,"Fc receptor, IgG, low affinity III",protein-coding
1898,chr3,145987680,145989017,+,0,NA,"exon (NM_001166064, exon 1 of 7)","exon (NM_001166064, exon 1 of 7)",478,NM_001166064,214804,,NM_001166064,ENSMUSG00000036863,Syde2,C430017H16Rik,"synapse defective 1, Rho GTPase, homolog 2 (C. elegans)",protein-coding
2813,chr8,123545212,123546279,+,0,NA,promoter-TSS (NR_046147),promoter-TSS (NR_046147),-49,NR_046140,100861488,,NR_046140,ENSMUSG00000119493,Gm26391,Rn5s17,"predicted gene, 26391",rRNA
2436,chr6,141362303,141362752,+,0,NA,"intron (NM_018779, intron 1 of 15)",L1Md_T|LINE|L1,21974,NR_033555,100093700,,NR_033555,ENSMUSG00000107456,Gm10400,-,predicted gene 10400,ncRNA
388,chr11,69399711,69400343,+,0,NA,"exon (NM_001017426, exon 23 of 24)","exon (NM_001017426, exon 23 of 24)",-1793,NM_025915,67020,,NM_025915,ENSMUSG00000045377,Tmem88,2600017H02Rik,transmembrane protein 88,protein-coding
2414,chr6,121183811,121184417,+,0,NA,"non-coding (NR_130903, exon 1 of 7)","non-coding (NR_130903, exon 1 of 7)",447,NM_028730,74043,,NM_028730,ENSMUSG00000067825,Pex26,4632428M11Rik,peroxisomal biogenesis factor 26,protein-coding
2223,chr5,107437887,107438232,+,0,NA,"exon (NM_001378266, exon 1 of 18)","exon (NM_001378266, exon 1 of 18)",129,NM_001378266,100503185,,NM_001007574,ENSMUSG00000111375,Btbd8,A830010M20Rik|AI849226|EG627196|Gm16115|mKIAA1107,BTB domain containing 8,protein-coding
614,chr12,69197029,69198309,+,0,NA,"exon (NM_027269, exon 1 of 3)","exon (NM_027269, exon 1 of 3)",458,NR_033222,414085,,NR_033222,ENSMUSG00000097061,9330151L19Rik,-,RIKEN cDNA 9330151L19 gene,ncRNA
477,chr11,97534694,97535224,+,0,NA,"exon (NM_018873, exon 8 of 20)","exon (NM_018873, exon 8 of 20)",-34619,NM_001289118,100141474,,NM_001289118,,4933428G20Rik,-,RIKEN cDNA 4933428G20 gene,ncRNA
1889,chr3,139205713,139205953,+,0,NA,promoter-TSS (NM_198659),promoter-TSS (NM_198659),-60,NM_198659,381476,,NM_198659,ENSMUSG00000047940,Stpg2,B930007M17Rik|Gm1017,sperm tail PG rich repeat containing 2,protein-coding
2181,chr5,63968509,63968817,+,0,NA,"exon (NM_145923, exon 1 of 7)","exon (NM_145923, exon 1 of 7)",234,NM_145923,100532,,NM_145923,ENSMUSG00000047881,Rell1,-,RELT-like 1,protein-coding
2530,chr7,45240604,45241318,+,0,NA,"5' UTR (NM_001324535, exon 1 of 13)","5' UTR (NM_001324535, exon 1 of 13)",208,NM_001324535,381884,,NM_001324535,ENSMUSG00000094152,Slc6a16,Gm1084,"solute carrier family 6, member 16",protein-coding
2522,chr7,44360323,44360510,+,0,NA,"intron (NM_027049, intron 5 of 5)",CpG,14614,NM_027049,69349,,NM_027049,ENSMUSG00000008028,1700008O03Rik,-,RIKEN cDNA 1700008O03 gene,protein-coding
127,chr1,127677816,127678141,+,0,NA,promoter-TSS (NM_028135),promoter-TSS (NM_028135),43,NM_028135,72160,,NM_028135,ENSMUSG00000026347,Tmem163,2610024A01Rik|A-cre|Act-Cre|SV31|Tg(ACTB-cre)2Mrt|actin-cre|cre<actin>,transmembrane protein 163,protein-coding
1376,chr18,65937780,65938595,+,0,NA,"exon (NM_013833, exon 2 of 3)","exon (NM_013833, exon 2 of 3)",902,NM_013833,19434,,NM_013833,ENSMUSG00000024518,Rax,7530406A22Rik|E130303K03Rik|Rx|ey-1|ey1,retina and anterior neural fold homeobox,protein-coding
2020,chr4,117484573,117484831,+,0,NA,"intron (NM_025739, intron 2 of 14)",CpG,12350,NM_025739,66743,,NM_025739,ENSMUSG00000028677,Rnf220,4732477A13|4931406I20Rik|5730503K05Rik,ring finger protein 220,protein-coding
1153,chr16,92698736,92699122,+,0,NA,"intron (NM_001111021, intron 2 of 7)","intron (NM_001111021, intron 2 of 7)",-1600,NM_001111023,12394,,NM_009821,ENSMUSG00000022952,Runx1,AML1|CBF-alpha-2|Cbfa2|Pebp2a2|Pebpa2b,runt related transcription factor 1,protein-coding
1309,chr18,9449251,9450255,+,0,NA,"5' UTR (NM_026484, exon 1 of 10)","5' UTR (NM_026484, exon 1 of 10)",401,NM_026484,67974,,NM_026484,ENSMUSG00000024286,Ccny,1700025H17Rik|3110050L10Rik|4631402G10Rik|5730405I09Rik,cyclin Y,protein-coding
2543,chr7,49636079,49637028,+,0,NA,"exon (NM_001005232, exon 1 of 4)","exon (NM_001005232, exon 1 of 4)",282,NM_001005232,13172,,NM_001005232,ENSMUSG00000030507,Dbx1,Dbx,developing brain homeobox 1,protein-coding
1029,chr15,85671014,85672006,+,0,NA,Intergenic,CpG,-32263,NR_110483,102800312,,NR_110483,,Lncppara,Lincppara|Mirlet7bhg|linc-Ppara,long noncoding RNA near Ppara,ncRNA
870,chr14,38542376,38542829,+,0,NA,"intron (NM_008734, intron 3 of 9)",L1Md_T|LINE|L1,-355700,NR_045713,75170,,NR_045713,ENSMUSG00000093528,Nrg3os,4930529F24Rik,"neuregulin 3, opposite strand",ncRNA
1058,chr15,99474321,99474595,+,0,NA,"exon (NM_029236, exon 1 of 2)","exon (NM_029236, exon 1 of 2)",272,NM_029236,75284,,NM_029236,ENSMUSG00000037525,Bcdin3d,4930556P03Rik,BCDIN3 domain containing,protein-coding
2658,chr7,143503098,143503393,+,0,NA,promoter-TSS (NM_009434),promoter-TSS (NM_009434),-721,NM_009434,22113,,NM_009434,ENSMUSG00000010760,Phlda2,Ipl|Tssc3,"pleckstrin homology like domain, family A, member 2",protein-coding
1233,chr17,35065372,35066101,+,0,NA,TTS (NR_001462),TTS (NR_001462),448,NM_001191012,106722,,NM_001033221,ENSMUSG00000073414,Mpig6b,C6orf25|G6b|Ng31,megakaryocyte and platelet inhibitory receptor G6b,protein-coding
1983,chr4,89687960,89688984,+,0,NA,"exon (NM_175647, exon 1 of 2)","exon (NM_175647, exon 1 of 2)",274,NM_175647,242523,,NM_175647,ENSMUSG00000043753,Dmrta1,Dmrt4,doublesex and mab-3 related transcription factor like family A1,protein-coding
1146,chr16,90143379,90144186,+,0,NA,"non-coding (NR_033476, exon 1 of 1)","non-coding (NR_033476, exon 1 of 1)",1545,NR_033476,100038709,,NR_033476,,Gm10789,-,predicted gene 10789,ncRNA
1601,chr2,91182564,91182994,+,0,NA,"intron (NM_001177719, intron 1 of 34)",CpG,268,NM_001177719,228355,,NM_145527,ENSMUSG00000040687,Madd,9630059K23Rik|IG20|Rab3GEP|RabGEF,MAP-kinase activating death domain,protein-coding
558,chr12,3806131,3806610,+,0,NA,promoter-TSS (NM_007872),promoter-TSS (NM_007872),-610,NM_007872,13435,,NM_007872,ENSMUSG00000020661,Dnmt3a,MmuIIIA,DNA methyltransferase 3A,protein-coding
3103,chrX,97604454,97605031,+,0,NA,Intergenic,L1Md_T|LINE|L1,-227533,NM_001161433,245527,,NM_175540,ENSMUSG00000034457,Eda2r,9430060M22Rik|TNFRSF27|Xedar,ectodysplasin A2 receptor,protein-coding
2900,chr9,22050982,22052242,+,0,NA,"5' UTR (NM_010487, exon 1 of 7)","5' UTR (NM_010487, exon 1 of 7)",411,NM_010487,15571,,NM_010487,ENSMUSG00000003410,Elavl3,2600009P04Rik|Huc|PLE21|mHuC,ELAV like RNA binding protein 3,protein-coding
1789,chr3,66634271,66635111,+,0,NA,Intergenic,L1Md_T|LINE|L1,-337854,NM_145820,72789,,NM_028357,ENSMUSG00000027831,Veph1,2810471M23Rik|Veph,ventricular zone expressed PH domain-containing 1,protein-coding
2072,chr4,133813230,133814676,+,0,NA,Intergenic,CpG,-2526,NR_168140,105247182,,NR_166714,,Gm12974,-,predicted gene 12974,ncRNA
1718,chr2,170130346,170131128,+,0,NA,"intron (NM_001159683, intron 2 of 6)",CpG,483,NM_001033299,228913,,NM_001033299,ENSMUSG00000052056,Zfp217,4933431C08Rik|Gm562|ZABC1|Znf217,zinc finger protein 217,protein-coding
2680,chr8,23411647,23411910,+,0,NA,"5' UTR (NM_013834, exon 1 of 3)","5' UTR (NM_013834, exon 1 of 3)",276,NM_013834,20377,,NM_013834,ENSMUSG00000031548,Sfrp1,2210415K03Rik|sFRP-1,secreted frizzled-related protein 1,protein-coding
2633,chr7,131487704,131488706,+,0,NA,Intergenic,L1Md_T|LINE|L1,-54758,NM_008257,15373,,NM_008257,ENSMUSG00000040148,Hmx3,Nkx-5.1|Nkx5-1|Nkx5.1,H6 homeobox 3,protein-coding
2513,chr7,35119377,35120019,+,0,NA,"exon (NM_007678, exon 1 of 1)","exon (NM_007678, exon 1 of 1)",405,NM_001287515,12606,,NM_007678,ENSMUSG00000034957,Cebpa,C/ebpalpha|CBF-A|Cebp,CCAAT/enhancer binding protein alpha,protein-coding
2025,chr4,120267704,120269279,+,0,NA,"exon (NM_194060, exon 2 of 2)","exon (NM_194060, exon 2 of 2)",18770,NM_194060,329934,,NM_194060,ENSMUSG00000052135,Foxo6,-,forkhead box O6,protein-coding
1163,chr16,97763282,97763974,+,0,NA,"exon (NM_023663, exon 1 of 8)","exon (NM_023663, exon 1 of 8)",151,NM_023663,72388,,NM_023663,ENSMUSG00000005251,Ripk4,2310069J12Rik|ANKK2|Ankrd3|DIk|PKK|RIP4,receptor-interacting serine-threonine kinase 4,protein-coding
1466,chr19,46328535,46328891,+,0,NA,"exon (NM_001378773, exon 2 of 4)","exon (NM_001378773, exon 2 of 4)",526,NM_001378773,68431,,NM_133694,ENSMUSG00000025226,Fbxl15,0710008C12Rik|Fbxo37,F-box and leucine-rich repeat protein 15,protein-coding
1255,chr17,47468253,47468792,+,0,NA,"exon (NM_145489, exon 4 of 5)","exon (NM_145489, exon 4 of 5)",-31147,NM_029296,75462,,NM_029296,ENSMUSG00000047150,Cimip3,1700001C19Rik,ciliary microtubule inner protein 3,protein-coding
1492,chr2,13793154,13793458,+,0,NA,"intron (NM_145838, intron 1 of 7)",CpG,214,NM_145838,241230,,NM_145838,ENSMUSG00000003418,St8sia6,1700007J08Rik|ST8SiaVI|Siat8f,"ST8 alpha-N-acetyl-neuraminide alpha-2,8-sialyltransferase 6",protein-coding
2355,chr6,58831451,58832107,+,0,NA,"5' UTR (NM_001361967, exon 1 of 23)","5' UTR (NM_001361967, exon 1 of 23)",314,NM_001361966,73998,,NM_028705,ENSMUSG00000029804,Herc3,5730409F18Rik|mKIAA0032,hect domain and RLD 3,protein-coding
512,chr11,103333701,103333995,+,0,NA,"exon (NM_001205236, exon 14 of 18)","exon (NM_001205236, exon 14 of 18)",10854,NM_133715,544817,,NM_133715,ENSMUSG00000034255,Arhgap27,2310069I04Rik|5730442P18Rik|Gm21552|Sh3d20,Rho GTPase activating protein 27,protein-coding
1363,chr18,58659529,58659892,+,0,NA,"exon (NM_025478, exon 1 of 5)","exon (NM_025478, exon 1 of 5)",228,NM_025478,66307,,NM_025478,ENSMUSG00000024601,Isoc1,2610034N03Rik,isochorismatase domain containing 1,protein-coding
42,chr1,21078736,21079236,+,0,NA,"intron (NM_177409, intron 1 of 10)",CpG,239,NM_177409,170829,,NM_177409,ENSMUSG00000041779,Tram2,C330003D03Rik,translocating chain-associating membrane protein 2,protein-coding
1874,chr3,127633681,127634240,+,0,NA,"exon (NM_009718, exon 2 of 2)","exon (NM_009718, exon 2 of 2)",824,NM_009718,11924,,NM_009718,ENSMUSG00000027967,Neurog2,Atoh4|Math4A|bHLHa8|ngn-2|ngn2,neurogenin 2,protein-coding
2106,chr4,148271326,148272100,+,0,NA,"non-coding (NR_149755, exon 2 of 21)","non-coding (NR_149755, exon 2 of 21)",16252,NM_001083342,242748,,NM_001083342,ENSMUSG00000041544,Disp3,G630052C06Rik|Ptchd2|RNDEu-2,dispatched RND transporter family member 3,protein-coding
976,chr15,38299570,38299905,+,0,NA,"5' UTR (NM_001357677, exon 1 of 4)","5' UTR (NM_001357677, exon 1 of 4)",163,NM_001357677,21847,,NM_013692,ENSMUSG00000037465,Klf10,EGR[a]|Egral|Gdnfif|TIEG-1|Tieg|Tieg1|mGIF,Kruppel-like transcription factor 10,protein-coding
1807,chr3,87794610,87795319,+,0,NA,"exon (NM_001033124, exon 1 of 17)","exon (NM_001033124, exon 1 of 17)",198,NM_001033124,18211,,NM_001033124,ENSMUSG00000028072,Ntrk1,Tkr|TrkA|trk,"neurotrophic tyrosine kinase, receptor, type 1",protein-coding
1113,chr16,32877340,32878273,+,0,NA,promoter-TSS (NM_027226),promoter-TSS (NM_027226),22,NM_001159349,69823,,NM_027226,ENSMUSG00000022800,Fyttd1,2010005M05Rik|3830411L18Rik|3830421F13Rik|4933423A17Rik,forty-two-three domain containing 1,protein-coding
1325,chr18,31760005,31760240,+,0,NA,promoter-TSS (NM_001242430),promoter-TSS (NM_001242430),298,NM_153515,225339,,NM_153515,ENSMUSG00000041915,Ammecr1l,5430429D03Rik|E230022H04Rik,AMME chromosomal region gene 1-like,protein-coding
105,chr1,91366321,91366915,+,0,NA,"exon (NM_173395, exon 1 of 8)","exon (NM_173395, exon 1 of 8)",188,NM_173395,227358,,NM_173395,ENSMUSG00000047443,Erfe,4832406C22|Fam132b|myonectin,erythroferrone,protein-coding
1740,chr3,9251156,9251822,+,0,NA,"exon (NM_177660, exon 1 of 6)","exon (NM_177660, exon 1 of 6)",922,NM_177660,229055,,NM_177660,ENSMUSG00000069114,Zbtb10,4832414A18|RINZF,zinc finger and BTB domain containing 10,protein-coding
2300,chr6,23838679,23839918,+,0,NA,"5' UTR (NM_001252109, exon 1 of 5)","5' UTR (NM_001252109, exon 1 of 5)",123,NM_001252109,320405,,NM_153163,ENSMUSG00000017978,Cadps2,A230044C21Rik|Caps-2|Caps2|Cpd2,Ca2+-dependent activator protein for secretion 2,protein-coding
591,chr12,47585135,47585444,+,0,NA,Intergenic,L1Md_T|LINE|L1,-766522,NM_021361,664883,,NM_021361,ENSMUSG00000021047,Nova1,9430099M15Rik|G630039L02|Nova-1,NOVA alternative splicing regulator 1,protein-coding
2166,chr5,34660138,34661475,+,0,NA,promoter-TSS (NM_029278),promoter-TSS (NM_029278),427,NM_019497,14772,,NM_019497,ENSMUSG00000052783,Grk4,A830025H08Rik|GRK|Gprk2l|Gprk4,G protein-coupled receptor kinase 4,protein-coding
1,GL456211.1,44107,45071,+,0,NA,NA,NA,NA,NA,,,,,,,,
1635,chr2,120849646,120850642,+,0,NA,promoter-TSS (NR_038350),promoter-TSS (NR_038350),274,NM_001024856,140810,,NM_080788,ENSMUSG00000090100,Ttbk2,2610507N02Rik|B930008N24Rik|TTK|Ttbk|Ttbk1|mKIAA0847,tau tubulin kinase 2,protein-coding
928,chr14,75754204,75754673,+,0,NA,promoter-TSS (NM_177381),promoter-TSS (NM_177381),55,NM_177381,338337,,NM_177381,ENSMUSG00000034893,Cog3,E430004N23,component of oligomeric golgi complex 3,protein-coding
2302,chr6,29388178,29388518,+,0,NA,Intergenic,Intergenic,-7835,NM_007538,12057,,NM_007538,ENSMUSG00000058831,Opn1sw,Bcp,"opsin 1 (cone pigments), short-wave-sensitive (color blindness, tritan)",protein-coding
769,chr13,64274377,64274875,+,0,NA,"exon (NM_172587, exon 1 of 14)","exon (NM_172587, exon 1 of 14)",362,NM_172587,218294,,NM_172587,ENSMUSG00000033102,Cdc14b,2810432N10Rik|A530086E13Rik|CDC14B3|Cdc14B1,CDC14 cell division cycle 14B,protein-coding
1975,chr4,85514157,85514545,+,0,NA,Intergenic,CpG,308895,NM_019535,20404,,NM_019535,ENSMUSG00000028488,Sh3gl2,9530001L19Rik|B930049H17Rik|EEN-B1|EEN1|SH3PA|Sh3d2a,SH3-domain GRB2-like 2,protein-coding
2645,chr7,139940823,139941138,+,0,NA,"3' UTR (NM_177261, exon 31 of 31)","3' UTR (NM_177261, exon 31 of 31)",-2876,NM_009482,22286,,NM_009482,ENSMUSG00000047751,Utf1,-,undifferentiated embryonic cell transcription factor 1,protein-coding
1379,chr18,67933188,67933459,+,0,NA,"5' UTR (NM_172631, exon 1 of 6)","5' UTR (NM_172631, exon 1 of 6)",150,NM_172631,52662,,NM_172631,ENSMUSG00000024544,Ldlrad4,8230401C20Rik|A430083H02|A430108L08Rik|C18orf1|D18Ertd653e|D330030L18Rik,low density lipoprotein receptor class A domain containing 4,protein-coding
2916,chr9,41156987,41157660,+,0,NA,"exon (NM_176860, exon 1 of 14)","exon (NM_176860, exon 1 of 14)",739,NM_176860,72828,,NM_176860,ENSMUSG00000032020,Ubash3b,2810457I06Rik|STS-1|TULA-2|p70,"ubiquitin associated and SH3 domain containing, B",protein-coding
2723,chr8,71465231,71465633,+,0,NA,"exon (NM_053162, exon 2 of 2)","exon (NM_053162, exon 2 of 2)",506,NM_053162,94065,,NM_053162,ENSMUSG00000034880,Mrpl34,0610007O17Rik|D8Bwg1484e,mitochondrial ribosomal protein L34,protein-coding
1045,chr15,97246865,97247112,+,0,NA,promoter-TSS (NM_172293),promoter-TSS (NM_172293),-119,NM_172293,239647,,NM_172293,ENSMUSG00000044250,Pced1b,Fam113b,PC-esterase domain containing 1B,protein-coding
81,chr1,63273659,63273996,+,0,NA,"intron (NM_001267872, intron 1 of 5)",CpG,558,NM_028673,73884,,NM_028673,ENSMUSG00000027520,Zdbf2,4930431J08Rik|9330107J05Rik,"zinc finger, DBF-type containing 2",protein-coding
1356,chr18,52528381,52529824,+,0,NA,"exon (NM_010728, exon 1 of 7)","exon (NM_010728, exon 1 of 7)",619,NM_001286181,16948,,NM_010728,ENSMUSG00000024529,Lox,TSC-160|rrg,lysyl oxidase,protein-coding
1545,chr2,35660814,35662045,+,0,NA,"intron (NM_001290641, intron 2 of 15)",CpG,-30565,NM_001001602,69601,,NM_001001602,ENSMUSG00000026883,Dab2ip,2310011D08Rik|Aip1|mKIAA1743,disabled 2 interacting protein,protein-coding
1712,chr2,166713325,166713618,+,0,NA,"intron (NM_177782, intron 1 of 39)","intron (NM_177782, intron 1 of 39)",361,NM_177782,277360,,NM_177782,ENSMUSG00000039621,Prex1,G630042G04|P-REX1|Setd6,"phosphatidylinositol-3,4,5-trisphosphate-dependent Rac exchange factor 1",protein-coding
2667,chr8,13104773,13106279,+,0,NA,promoter-TSS (NM_146207),promoter-TSS (NM_146207),-97,NM_146207,99375,,NM_146207,ENSMUSG00000031446,Cul4a,2810470J21Rik,cullin 4A,protein-coding
2130,chr4,156356882,156357260,+,0,NA,Intergenic,Intergenic,25945,NM_009485,22300,,NM_009485,,Vmn2r123,V2r1,"vomeronasal 2, receptor 123",protein-coding
1409,chr19,5756857,5757214,+,0,NA,"intron (NM_008520, intron 24 of 27)",CpG,14384,NR_155264,78891,,NM_023912,ENSMUSG00000024941,Scyl1,2810011O19Rik|Ntkl|mdf|mfd|p105,SCY1-like 1 (S. cerevisiae),protein-coding
1131,chr16,60606057,60606508,+,0,NA,promoter-TSS (NM_007938),promoter-TSS (NM_007938),-751,NM_007938,13840,,NM_007938,ENSMUSG00000055540,Epha6,EHK-2|Ehk2|Hek12|m-ehk2,Eph receptor A6,protein-coding
2613,chr7,119793785,119794212,+,0,NA,promoter-TSS (NM_027698),promoter-TSS (NM_027698),60,NM_027698,71151,,NM_027698,ENSMUSG00000030929,Eri2,4933424N09Rik|Exod1|mKIAA1504,exoribonuclease 2,protein-coding
2649,chr7,141467492,141467809,+,0,NA,"non-coding (NR_152219, exon 1 of 2)","non-coding (NR_152219, exon 1 of 2)",121,NR_152219,100126795,,NR_152219,ENSMUSG00000073787,Gm10575,-,predicted gene 10575,ncRNA
1239,chr17,35439242,35439805,+,0,NA,"exon (NM_001198561, exon 2 of 5)","exon (NM_001198561, exon 2 of 5)",356,NM_001201460,110558,,NM_001201460,,H2-Q9,H-2Q9|Ped|Qa-2|Qa-9|Qa9,"histocompatibility 2, Q region locus 9",protein-coding
3037,chr9,113708006,113708315,+,0,NA,promoter-TSS (NM_001164677),promoter-TSS (NM_001164677),99,NM_001164678,18571,,NM_011052,ENSMUSG00000032504,Pdcd6ip,Aip1|Alix|Eig2|mKIAA1375,programmed cell death 6 interacting protein,protein-coding
1308,chr18,7693002,7693373,+,0,NA,Intergenic,CpG,-66324,NM_001081287,75739,,NM_001081287,ENSMUSG00000057440,Mpp7,1110068J02Rik|2810038M04Rik|5430426E14Rik|Gm955,"membrane protein, palmitoylated 7 (MAGUK p55 subfamily member 7)",protein-coding
1903,chr3,157566797,157567809,+,0,NA,"exon (NM_011196, exon 1 of 3)","exon (NM_011196, exon 1 of 3)",427,NM_011196,19218,,NM_011196,ENSMUSG00000040016,Ptger3,EP3|Pgerep3|Ptgerep3,prostaglandin E receptor 3 (subtype EP3),protein-coding
2606,chr7,114254230,114254783,+,0,NA,"intron (NM_033370, intron 1 of 21)",CpG,174,NM_033370,70349,,NM_033370,ENSMUSG00000030754,Copb1,2610019B04Rik,"coatomer protein complex, subunit beta 1",protein-coding
2113,chr4,152125570,152126014,+,0,NA,"intron (NM_019585, intron 2 of 4)",CpG,3133,NM_019585,56226,,NM_019585,ENSMUSG00000028943,Espn,je,espin,protein-coding
821,chr13,119487815,119488407,+,0,NA,promoter-TSS (NM_001177666),promoter-TSS (NM_001177666),25,NM_001039244,633640,,NM_001039244,ENSMUSG00000074634,Tmem267,EG633640|Gm7120,transmembrane protein 267,protein-coding
2112,chr4,152086516,152086787,+,0,NA,promoter-TSS (NR_104381),promoter-TSS (NR_104381),-191,NM_001374783,269608,,NM_001004156,ENSMUSG00000039713,Plekhg5,Syx,"pleckstrin homology domain containing, family G (with RhoGef domain) member 5",protein-coding
2154,chr5,30622362,30622658,+,0,NA,"exon (NM_010608, exon 2 of 2)","exon (NM_010608, exon 2 of 2)",-25426,NR_049199,100885838,,NR_049199,ENSMUSG00000093710,Mir5625,Gm23930|mmu-mir-5625,microRNA 5625,ncRNA
1070,chr15,102921055,102922200,+,0,NA,"exon (NM_010464, exon 1 of 2)","exon (NM_010464, exon 1 of 2)",496,NM_010464,15422,,NM_010464,ENSMUSG00000001655,Hoxc13,N,homeobox C13,protein-coding
2872,chr9,3014775,3015434,+,0,NA,Intergenic,GSAT_MM|Satellite|Satellite,23639,NR_039546,100628572,,NR_039546,ENSMUSG00000106183,Mir101c,mir-101c|mmu-mir-101c,microRNA 101c,ncRNA
585,chr12,31949527,31950127,+,0,NA,"intron (NM_177993, intron 1 of 8)",CpG,418,NM_001361928,73389,,NM_153198,ENSMUSG00000002996,Hbp1,1700058O05Rik|C330012F01Rik,high mobility group box transcription factor 1,protein-coding
1199,chr17,25951321,25952101,+,0,NA,"non-coding (NR_152187, exon 1 of 7)","non-coding (NR_152187, exon 1 of 7)",239,NR_152187,240054,,NR_152187,ENSMUSG00000097405,D630044L22Rik,-,RIKEN cDNA gene D630044L22 gene,ncRNA
1097,chr16,17914224,17915161,+,0,NA,"intron (NM_029469, intron 1 of 2)",CpG-5570,335,NM_029469,195333,,NM_029469,ENSMUSG00000022738,Gsc2,4930568H22Rik|GSC-2|Gscl,goosecoid homebox 2,protein-coding
2185,chr5,67426677,67427165,+,0,NA,"intron (NM_001164806, intron 1 of 4)",CpG,878,NM_001164806,666938,,NM_001164806,ENSMUSG00000092060,Bend4,D330027G24Rik|EG666938,BEN domain containing 4,protein-coding
3064,chr9,124256396,124257831,+,0,NA,Intergenic,Intergenic,55581,NM_001243118,630836,,NM_001243117,ENSMUSG00000074829,2010315B03Rik,-,RIKEN cDNA 2010315B03 gene,protein-coding
209,chr10,31608272,31609787,+,0,NA,"exon (NM_001146349, exon 1 of 6)","exon (NM_001146349, exon 1 of 6)",696,NM_001146349,268291,,NM_001146349,ENSMUSG00000063760,Rnf217,Ibrdc1,ring finger protein 217,protein-coding
707,chr13,13860898,13861178,+,0,NA,Intergenic,Intergenic,76731,NM_010317,14706,,NM_010317,ENSMUSG00000021303,Gng4,Hg3c,"guanine nucleotide binding protein (G protein), gamma 4",protein-coding
1247,chr17,44734976,44735560,+,0,NA,"exon (NM_001145920, exon 1 of 7)","exon (NM_001145920, exon 1 of 7)",908,NM_001271630,12393,,NM_009820,ENSMUSG00000039153,Runx2,AML3|CBF-alpha-1|Cbf|Cbfa-1|Cbfa1|LS3|Osf2|PEBP2aA|Pebp2a1|Pebpa2a,runt related transcription factor 2,protein-coding
2052,chr4,129287365,129287855,+,0,NA,promoter-TSS (NM_023485),promoter-TSS (NM_023485),-11,NM_023485,68828,,NM_023485,ENSMUSG00000001333,Sync,1110057H03Rik|SNIP4,syncoilin,protein-coding
1369,chr18,61035650,61036357,+,0,NA,"exon (NM_009880, exon 1 of 3)","exon (NM_009880, exon 1 of 3)",196,NM_009880,12590,,NM_009880,ENSMUSG00000024619,Cdx1,Cdx|Cdx-1,caudal type homeobox 1,protein-coding
2781,chr8,107096027,107096608,+,0,NA,promoter-TSS (NR_106043),promoter-TSS (NR_106043),-211,NR_106043,102465652,,NR_106043,ENSMUSG00000098671,Mir7075,Gm27821|mmu-mir-7075,microRNA 7075,ncRNA
1028,chr15,85625560,85626394,+,0,NA,Intergenic,CpG,-44156,NM_009528,22422,,NM_009528,ENSMUSG00000022382,Wnt7b,Wnt-7b,"wingless-type MMTV integration site family, member 7B",protein-coding
316,chr11,6064973,6065449,+,0,NA,"intron (NM_001174054, intron 1 of 20)",CpG,537,NM_001174053,12323,,NM_007595,ENSMUSG00000057897,Camk2b,CaMKII,"calcium/calmodulin-dependent protein kinase II, beta",protein-coding
1984,chr4,90979804,90980496,+,0,NA,Intergenic,L1Md_T|LINE|L1,391890,NM_001374238,15569,,NM_010486,ENSMUSG00000008489,Elavl2,Hub|mel-N1,ELAV like RNA binding protein 1,protein-coding
522,chr11,107914695,107915149,+,0,NA,"5' UTR (NM_001199301, exon 1 of 6)","5' UTR (NM_001199301, exon 1 of 6)",133,NM_001199301,140723,,NM_080644,ENSMUSG00000040373,Cacng5,-,"calcium channel, voltage-dependent, gamma subunit 5",protein-coding
2936,chr9,53610123,53610469,+,0,NA,promoter-TSS (NM_144784),promoter-TSS (NM_144784),54,NM_144784,110446,,NM_144784,ENSMUSG00000032047,Acat1,6330585C21Rik|Acat,acetyl-Coenzyme A acetyltransferase 1,protein-coding
2676,chr8,21811825,21812166,+,0,NA,Intergenic,(TGGA)n|Simple_repeat|Simple_repeat,-11544,NM_199067,387334,,NM_199067,ENSMUSG00000058568,Defb50,BD-50|Pbd1|mBD-50,defensin beta 50,protein-coding
2192,chr5,72580246,72581067,+,0,NA,TTS (NR_163693),TTS (NR_163693),428,NM_174877,317755,,NM_174877,ENSMUSG00000063935,Zar1,-,zygote arrest 1,protein-coding
476,chr11,97500462,97500771,+,0,NA,promoter-TSS (NM_001289118),promoter-TSS (NM_001289118),-276,NM_001289118,100141474,,NM_001289118,,4933428G20Rik,-,RIKEN cDNA 4933428G20 gene,ncRNA
1318,chr18,21299408,21299756,+,0,NA,"intron (NM_001033445, intron 1 of 5)",CpG,557,NM_001033445,381126,,NM_001033445,ENSMUSG00000042680,Garem1,Fam59a|Garem|Gm944|mKIAA4238,GRB2 associated regulator of MAPK1 subtype 1,protein-coding
2007,chr4,109280240,109281137,+,0,NA,"intron (NM_007943, intron 1 of 24)",CpG,413,NM_007943,13858,,NM_007943,ENSMUSG00000028552,Eps15,2410112D09Rik,epidermal growth factor receptor pathway substrate 15,protein-coding
2706,chr8,57182884,57183194,+,0,NA,Intergenic,L1Md_T|LINE|L1,137820,NR_154048,102636514,,NR_110474,ENSMUSG00000100510,Hand2os1,Gm28063|Hand2-as1|Uph,"Hand2, opposite strand 1",ncRNA
307,chr10,128909961,128910844,+,0,NA,"5' UTR (NM_007653, exon 2 of 8)","5' UTR (NM_007653, exon 2 of 8)",536,NM_007653,12512,,NM_007653,ENSMUSG00000025351,Cd63,ME491|Tspan30,CD63 antigen,protein-coding
864,chr14,33319837,33320755,+,0,NA,"intron (NM_153800, intron 4 of 10)",CpG,90728,NM_001310452,26419,,NM_016700,ENSMUSG00000021936,Mapk8,JNK|JNK1|Prkm8|SAPK1,mitogen-activated protein kinase 8,protein-coding
1673,chr2,150688330,150689104,+,0,NA,"exon (NM_054068, exon 1 of 5)","exon (NM_054068, exon 1 of 5)",420,NM_054068,114889,,NM_054068,ENSMUSG00000033080,Vsx1,CHX10-like,visual system homeobox 1,protein-coding
1121,chr16,38089564,38090000,+,0,NA,promoter-TSS (NR_033221),promoter-TSS (NR_033221),-522,NR_033221,414072,,NR_033221,,BC031361,-,cDNA sequence BC031361,ncRNA
808,chr13,110394528,110395125,+,0,NA,promoter-TSS (NM_152804),promoter-TSS (NM_152804),-218,NM_152804,20620,,NM_152804,ENSMUSG00000021701,Plk2,Snk,polo like kinase 2,protein-coding
1143,chr16,86950958,86951534,+,0,NA,Intergenic,L1Md_T|LINE|L1,134337,NR_169090,102635233,,NR_169089,ENSMUSG00000116810,Gm32624,-,"predicted gene, 32624",ncRNA
566,chr12,8499318,8499875,+,0,NA,"exon (NM_007483, exon 1 of 1)","exon (NM_007483, exon 1 of 1)",413,NM_007483,11852,,NM_007483,ENSMUSG00000054364,Rhob,Arh6|Arhb,ras homolog family member B,protein-coding
142,chr1,136050634,136051607,+,0,NA,"exon (NM_001270609, exon 1 of 1)","exon (NM_001270609, exon 1 of 1)",316,NM_001270609,226439,,NM_001270609,ENSMUSG00000097918,Ascl5,AmeloD|Ascl5-ps|Gm197|bHLHa47,achaete-scute family bHLH transcription factor 5,protein-coding
960,chr15,11904432,11905448,+,0,NA,"exon (NM_008728, exon 1 of 8)","exon (NM_008728, exon 1 of 8)",734,NM_001039181,18162,,NM_008728,ENSMUSG00000022206,Npr3,ANP-C|ANPR-C|EF-2|NPR-C|lgj|stri,natriuretic peptide receptor 3,protein-coding
2972,chr9,69099722,69100175,+,0,NA,"intron (NM_013646, intron 1 of 10)",(CTGTG)n|Simple_repeat|Simple_repeat,-189893,NM_001289916,19883,,NM_013646,ENSMUSG00000032238,Rora,9530021D13Rik|Nr1f1|ROR1|ROR2|ROR3|nmf267|sg|staggerer|tmgc26,RAR-related orphan receptor alpha,protein-coding
1408,chr19,5725863,5726411,+,0,NA,"5' UTR (NM_001114595, exon 1 of 18)","5' UTR (NM_001114595, exon 1 of 18)",142,NM_001381901,114601,,NM_053252,ENSMUSG00000024937,Ehbp1l1,G430002G23Rik,EH domain binding protein 1-like 1,protein-coding
2622,chr7,126808777,126809302,+,0,NA,Intergenic,CpG,-7846,NM_026884,68952,,NM_026884,ENSMUSG00000058966,Tlcd3b,1500016O10Rik|A330104J06Rik|Fam57b,TLC domain containing 3B,protein-coding
1779,chr3,57847073,57847398,+,0,NA,"intron (NM_019410, intron 1 of 2)",CpG,522,NM_019410,18645,,NM_019410,ENSMUSG00000027805,Pfn2,Pfn,profilin 2,protein-coding
1544,chr2,35581720,35582124,+,0,NA,promoter-TSS (NM_001290637),promoter-TSS (NM_001290637),-918,NM_001290637,69601,,NM_001001602,ENSMUSG00000026883,Dab2ip,2310011D08Rik|Aip1|mKIAA1743,disabled 2 interacting protein,protein-coding
230,chr10,50894748,50895713,+,0,NA,promoter-TSS (NM_011376),promoter-TSS (NM_011376),-421,NM_011376,20464,,NM_011376,ENSMUSG00000019913,Sim1,bHLHe14|mSIM1,single-minded family bHLH transcription factor 1,protein-coding
206,chr10,24223526,24223842,+,0,NA,"exon (NM_021509, exon 1 of 12)","exon (NM_021509, exon 1 of 12)",167,NM_021509,59012,,NM_021509,ENSMUSG00000020000,Moxd1,3230402N08Rik|MNCb-5203,"monooxygenase, DBH-like 1",protein-coding
999,chr15,75981707,75982049,+,0,NA,"exon (NM_146059, exon 1 of 2)","exon (NM_146059, exon 1 of 2)",407,NM_146059,223648,,NM_146059,ENSMUSG00000098176,Ccdc166,2410075B13Rik,coiled-coil domain containing 166,protein-coding
1393,chr18,84588696,84589859,+,0,NA,"intron (NM_001033341, intron 1 of 8)","intron (NM_001033341, intron 1 of 8)",227,NM_001033341,240476,,NM_001033341,ENSMUSG00000048410,Zfp407,6430585N13Rik|Gm333|Gm334|Gm948|ZNF407,zinc finger protein 407,protein-coding
309,chr11,3101335,3101620,+,0,NA,Intergenic,GSAT_MM|Satellite|Satellite,-22525,NR_003517,236604,,NM_001004146,ENSMUSG00000121500,Pisd-ps1,-,"phosphatidylserine decarboxylase, pseudogene 1",pseudo
1392,chr18,82406600,82406737,+,0,NA,"5' UTR (NM_008082, exon 1 of 3)","5' UTR (NM_008082, exon 1 of 3)",109,NM_008082,14427,,NM_008082,ENSMUSG00000024553,Galr1,Galnr1,galanin receptor 1,protein-coding
350,chr11,51289605,51289978,+,0,NA,promoter-TSS (NM_153393),promoter-TSS (NM_153393),-129,NM_153393,237759,,NM_153393,ENSMUSG00000063564,Col23a1,2810458L13Rik,"collagen, type XXIII, alpha 1",protein-coding
244,chr10,78244805,78245147,+,0,NA,promoter-TSS (NM_001081055),promoter-TSS (NM_001081055),-331,NM_001081055,216131,,NM_001081055,ENSMUSG00000000374,Trappc10,B230307C21Rik|Gm870|Tmem1|b2b2416Clo|b2b2613Clo,trafficking protein particle complex 10,protein-coding
1748,chr3,22076055,22076537,+,0,NA,promoter-TSS (NM_030732),promoter-TSS (NM_030732),-356,NM_030732,81004,,NM_030732,ENSMUSG00000027630,Tbl1xr1,8030499H02Rik|A630076E03Rik|C21|C230089I12Rik|DC42|Ira1|TBLR1,transducin (beta)-like 1X-linked receptor 1,protein-coding
915,chr14,67233473,67233976,+,0,NA,promoter-TSS (NM_001360202),promoter-TSS (NM_001360202),432,NM_010095,13592,,NM_010095,ENSMUSG00000022053,Ebf2,D14Ggc1e|EBF-2|Mmot1|O/E-3|OE-3,early B cell factor 2,protein-coding
322,chr11,16752206,16752664,+,0,NA,"5' UTR (NM_007912, exon 1 of 16)","5' UTR (NM_007912, exon 1 of 16)",232,NM_007912,13649,,NM_007912,ENSMUSG00000020122,Egfr,9030024J15Rik|Erbb|Errb1|Errp|Wa5|wa-2|wa2,epidermal growth factor receptor,protein-coding
291,chr10,120898550,120898991,+,0,NA,"intron (NM_177092, intron 1 of 6)",CpG,201,NM_177092,320183,,NM_177092,ENSMUSG00000051236,Msrb3,D430026P16Rik|I-8-23|MsrB2,methionine sulfoxide reductase B3,protein-coding
1187,chr17,23771196,23771717,+,0,NA,"5' UTR (NM_001357994, exon 1 of 8)","5' UTR (NM_001357994, exon 1 of 8)",135,NM_153791,224613,,NM_153791,ENSMUSG00000040097,Flywch1,E030034P13Rik|mKIAA1552,FLYWCH-type zinc finger 1,protein-coding
1846,chr3,107458387,107458812,+,0,NA,"exon (NM_145922, exon 1 of 4)","exon (NM_145922, exon 1 of 4)",299,NM_145922,99738,,NM_145922,ENSMUSG00000027895,Kcnc4,KSHIIIC|Kcr2-4|Kv3.4,"potassium voltage gated channel, Shaw-related subfamily, member 4",protein-coding
2390,chr6,100670744,100671185,+,0,NA,"exon (NM_181590, exon 1 of 11)","exon (NM_181590, exon 1 of 11)",193,NM_181590,72171,,NM_181590,ENSMUSG00000035378,Shq1,2810403P18Rik|Grim-1,SHQ1 homolog (S. cerevisiae),protein-coding
1496,chr2,18694303,18694907,+,0,NA,Intergenic,CpG,-4417,NM_001001334,381350,,NM_001001334,ENSMUSG00000037708,Spag6,Spag6l,sperm associated antigen 6,protein-coding
1401,chr19,4397720,4398890,+,0,NA,Intergenic,CpG,-1228,NM_001001984,225876,,NM_001001984,ENSMUSG00000054611,Kdm2a,100043628|5530401A10Rik|Cxxc8|Fbl11|Fbl7|Fbxl11|Gm4560|Jhdm1|Jhdm1a|lalina,lysine (K)-specific demethylase 2A,protein-coding
3048,chr9,119588943,119589282,+,0,NA,Intergenic,Intergenic,-10096,NM_021544,20271,,NM_021544,ENSMUSG00000032511,Scn5a,Nav1.5|Nav1.5c|SkM1|SkM2|mH1,"sodium channel, voltage-gated, type V, alpha",protein-coding
1445,chr19,35904303,35904607,+,0,NA,"intron (NR_152130, intron 2 of 4)",L1Md_T|LINE|L1,20123,NR_152130,329056,,NR_152130,ENSMUSG00000094707,A830019P07Rik,-,RIKEN cDNA A830019P07 gene,ncRNA
1594,chr2,84678434,84678746,+,0,NA,promoter-TSS (NM_001290751),promoter-TSS (NM_001290751),188,NM_025885,381379,,NM_025885,ENSMUSG00000027080,Med19,2410018M14Rik|3110040A13Rik|LCMR1,mediator complex subunit 19,protein-coding
2317,chr6,34780470,34780970,+,0,NA,"5' UTR (NM_001289658, exon 1 of 4)","5' UTR (NM_001289658, exon 1 of 4)",288,NM_178630,76223,,NM_178630,ENSMUSG00000038836,Agbl3,2900053G10Rik|4930431N21Rik|6530406M24Rik|CCP3,ATP/GTP binding protein-like 3,protein-coding
2526,chr7,44632781,44633484,+,0,NA,"intron (NM_001271540, intron 18 of 41)","intron (NM_001271540, intron 18 of 41)",32371,NM_001271538,71960,,NM_028021,ENSMUSG00000030739,Myh14,2400004E04Rik|II-C|NHMCII|NMHC II-C,"myosin, heavy polypeptide 14",protein-coding
2584,chr7,90864585,90864940,+,0,NA,Intergenic,L1Md_T|LINE|L1,-226024,NM_011807,23859,,NM_011807,ENSMUSG00000052572,Dlg2,A330103J02Rik|B230218P12Rik|B330007M19Rik|Dlgh2|Gm1197|Gm21505|PSD93,discs large MAGUK scaffold protein 2,protein-coding
1057,chr15,99393257,99393631,+,0,NA,"intron (NM_001171035, intron 1 of 9)",CpG,225,NM_001171035,110213,,NM_026669,ENSMUSG00000023010,Tmbim6,5031406P05Rik|Bi1|Tegt,transmembrane BAX inhibitor motif containing 6,protein-coding
1087,chr16,13940863,13941318,+,0,NA,"intron (NM_001289561, intron 1 of 3)",CpG,425,NM_033564,93734,,NM_033564,ENSMUSG00000022679,Mpv17l,M-LP,"Mpv17 transgene, kidney disease mutant-like",protein-coding
2534,chr7,45628586,45629595,+,0,NA,"intron (NM_028544, intron 3 of 11)","intron (NM_028544, intron 3 of 11)",1553,NM_028544,69903,,NM_027253,ENSMUSG00000044562,Rasip1,1110025D03Rik|2610025P08Rik|Rain,Ras interacting protein 1,protein-coding
1444,chr19,34878103,34879064,+,0,NA,promoter-TSS (NM_023792),promoter-TSS (NM_023792),-666,NM_023792,75735,,NM_023792,ENSMUSG00000033610,Pank1,Pank|Pank1b,pantothenate kinase 1,protein-coding
2686,chr8,27174072,27174715,+,0,NA,"exon (NM_001080813, exon 1 of 6)","exon (NM_001080813, exon 1 of 6)",253,NM_001080813,75767,,NM_029423,ENSMUSG00000031488,Rab11fip1,2010200K21Rik|4833414G05Rik|Rcp,RAB11 family interacting protein 1 (class I),protein-coding
1078,chr16,8671508,8672092,+,0,NA,"intron (NM_025821, intron 1 of 3)",CpG,353,NM_025821,52502,,NM_025821,ENSMUSG00000008393,Carhsp1,1200011K09Rik|Crhsp-24|D16Ertd465e,calcium regulated heat stable protein 1,protein-coding
1714,chr2,167188026,167189657,+,0,NA,promoter-TSS (NM_008420),promoter-TSS (NM_008420),-23,NM_008420,16500,,NM_008420,ENSMUSG00000050556,Kcnb1,Kcr1-1|Kv2.1|Shab,"potassium voltage gated channel, Shab-related subfamily, member 1",protein-coding
940,chr14,100285398,100285985,+,0,NA,Intergenic,CpG,-135895,NM_010636,16597,,NM_010636,ENSMUSG00000072294,Klf12,2700063E05Rik|AP-2rep|B130052C06Rik|D530033K05Rik,Kruppel-like transcription factor 12,protein-coding
1098,chr16,18498753,18499223,+,0,NA,"intron (NM_023120, intron 1 of 7)",CpG,117,NR_104347,13972,,NM_023120,ENSMUSG00000000884,Gnb1l,ESTM55|Gm16314|Me49f07|Rtl10|Wdr14|Wdvcf,"guanine nucleotide binding protein (G protein), beta polypeptide 1-like",protein-coding
1004,chr15,76925119,76925707,+,0,NA,promoter-TSS (NM_001168276),promoter-TSS (NM_001168276),35,NM_001168276,239546,,NM_172817,ENSMUSG00000054967,Zfp647,6030449J21|Es492|Znf250,zinc finger protein 647,protein-coding
1538,chr2,33639434,33640698,+,0,NA,"intron (NM_010725, intron 1 of 7)",CpG-8017,1032,NM_010725,16917,,NM_010725,ENSMUSG00000038765,Lmx1b,Icst|LMX1.1|LMX1.2,LIM homeobox transcription factor 1 beta,protein-coding
2267,chr5,135957639,135958210,+,0,NA,Intergenic,Intergenic,16552,NM_001160366,109267,,NM_001160366,ENSMUSG00000029699,Ssc4d,C330016E03Rik|S4D-SRCRB|SRCRB-S4D|Srcrb4d,"scavenger receptor cysteine rich family, 4 domains",protein-coding
412,chr11,72795472,72795779,+,0,NA,promoter-TSS (NM_001045536),promoter-TSS (NM_001045536),214,NM_001024926,192986,,NM_001024926,ENSMUSG00000057778,Cyb5d2,9330151E16Rik|Gm2,cytochrome b5 domain containing 2,protein-coding
957,chr15,6873935,6874603,+,0,NA,promoter-TSS (NM_011019),promoter-TSS (NM_011019),44,NM_011019,18414,,NM_011019,ENSMUSG00000022146,Osmr,OSMRB,oncostatin M receptor,protein-coding
1963,chr4,63171200,63171455,+,0,NA,"exon (NM_001317352, exon 4 of 19)","exon (NM_001317352, exon 4 of 19)",804,NM_001317352,16552,,NM_010616,ENSMUSG00000028357,Kif12,-,kinesin family member 12,protein-coding
1230,chr17,34970311,34971859,+,0,NA,"exon (NM_010479, exon 1 of 1)","exon (NM_010479, exon 1 of 1)",1071,NM_010479,193740,,NM_010479,ENSMUSG00000091971,Hspa1a,Hsp70-3|Hsp70.3|Hsp72|hsp68|hsp70A1,heat shock protein 1A,protein-coding
375,chr11,61683888,61684684,+,0,NA,promoter-TSS (NM_178618),promoter-TSS (NM_178618),-124,NM_178618,69640,,NM_178618,ENSMUSG00000042377,Fam83g,2310040C09Rik|wly,"family with sequence similarity 83, member G",protein-coding
1988,chr4,99193878,99194610,+,0,NA,promoter-TSS (NM_001145967),promoter-TSS (NM_001145967),97,NM_001145967,242557,,NM_175029,ENSMUSG00000028550,Atg4c,Apg4-C|Apg4c|Atg4cl|Autl1,"autophagy related 4C, cysteine peptidase",protein-coding
453,chr11,88999388,88999944,+,0,NA,"exon (NM_009546, exon 1 of 9)","exon (NM_009546, exon 1 of 9)",263,NM_009546,217069,,NM_009546,ENSMUSG00000000275,Trim25,EFP|Zfp147,tripartite motif-containing 25,protein-coding
1708,chr2,164461038,164461665,+,0,NA,"5' UTR (NM_025575, exon 2 of 4)","5' UTR (NM_025575, exon 2 of 4)",380,NM_025575,66460,,NM_025575,ENSMUSG00000045503,Sys1,2610042O14Rik,SYS1 Golgi-localized integral membrane protein homolog (S. cerevisiae),protein-coding
219,chr10,42275349,42275867,+,0,NA,"intron (NM_001376967, intron 1 of 3)",CpG-1005,1087,NM_001376967,56484,,NM_019740,ENSMUSG00000048756,Foxo3,1110048B16Rik|2010203A17Rik|FKHRL1|Fkhr2|Foxo3a,forkhead box O3,protein-coding
3011,chr9,98856467,98856977,+,0,NA,"exon (NM_001134661, exon 1 of 1)","exon (NM_001134661, exon 1 of 1)",131,NM_001134661,623186,,NM_001134661,ENSMUSG00000063058,Prr23a2,EG623186|Gm6406,"proline rich 23A, member 2",protein-coding
440,chr11,83440159,83440466,+,0,NA,TTS (NM_080453),TTS (NM_080453),2618,NM_025492,66330,,NM_025492,ENSMUSG00000035085,1700020L24Rik,-,RIKEN cDNA 1700020L24 gene,protein-coding
1361,chr18,57132801,57133152,+,0,NA,promoter-TSS (NM_001001979),promoter-TSS (NM_001001979),-114,NM_001001979,70417,,NM_001001979,ENSMUSG00000024593,Megf10,3000002B06Rik|Gm331,multiple EGF-like-domains 10,protein-coding
2307,chr6,29916999,29917597,+,0,NA,"intron (NR_104576, intron 1 of 20)",CpG,285,NM_177204,320609,,NM_177204,ENSMUSG00000039629,Strip2,D330017J20Rik|Fam40b|Myoscape,striatin interacting protein 2,protein-coding
1685,chr2,153642780,153643267,+,0,NA,Intergenic,Intergenic,-6426,NM_001271746,13436,,NM_010068,ENSMUSG00000027478,Dnmt3b,MmuIIIB,DNA methyltransferase 3B,protein-coding
783,chr13,84348239,84348940,+,0,NA,Intergenic,Intergenic,126293,NM_001361911,72745,,NM_175187,ENSMUSG00000035762,Tmem161b,2810446P07Rik,transmembrane protein 161B,protein-coding
278,chr10,108332193,108332625,+,0,NA,"intron (NM_054056, intron 1 of 6)",CpG,220,NM_054056,114774,,NM_054056,ENSMUSG00000035873,Pawr,2310001G03Rik|PAR4|Par-4,"PRKC, apoptosis, WT1, regulator",protein-coding
725,chr13,35740174,35741290,+,0,NA,promoter-TSS (NM_001378942),promoter-TSS (NM_001378942),-670,NM_001123386,12593,,NM_009881,ENSMUSG00000059288,Cdyl,-,"chromodomain protein, Y chromosome-like",protein-coding
1224,chr17,34024503,34024913,+,0,NA,promoter-TSS (NM_009066),promoter-TSS (NM_009066),-28,NM_009066,19763,,NM_009066,ENSMUSG00000024325,Ring1,Ring1A,ring finger protein 1,protein-coding
11,JH584304.1,77742,79457,+,0,NA,NA,NA,NA,NA,,,,,,,,
2463,chr7,13029559,13029862,+,0,NA,"exon (NM_011588, exon 13 of 17)","exon (NM_011588, exon 13 of 17)",5067,NR_153796,68953,,NM_026885,ENSMUSG00000033916,Chmp2a,1500016L11Rik|mVps2,charged multivesicular body protein 2A,protein-coding
64,chr1,52232381,52233058,+,0,NA,"exon (NM_001081081, exon 1 of 18)","exon (NM_001081081, exon 1 of 18)",513,NM_001113383,14660,,NM_001081081,ENSMUSG00000026103,Gls,6330442B14|B230365M23Rik,glutaminase,protein-coding
2340,chr6,50596245,50596721,+,0,NA,"5' UTR (NM_027564, exon 1 of 10)","5' UTR (NM_027564, exon 1 of 10)",107,NM_027564,70821,,NM_027564,ENSMUSG00000029828,Spmip4,4921507P07Rik|TISP74,sperm microtubule inner protein 4,protein-coding
261,chr10,83533493,83533941,+,0,NA,"intron (NM_153543, intron 1 of 22)","intron (NM_153543, intron 1 of 22)",423,NM_153543,216188,,NM_153543,ENSMUSG00000020256,Aldh1l2,D330038I09Rik|mtFDH,"aldehyde dehydrogenase 1 family, member L2",protein-coding
956,chr14,124801606,124802161,+,0,NA,Intergenic,(TTAGGG)n|Simple_repeat|Simple_repeat,-124756,NM_207667,14169,,NM_010201,ENSMUSG00000025551,Fgf14,FGF-14|FHF-4|Fgf1b|Fhf4|Tg(tetO-MAPT*P301L)4510Kha|mFHF-4(1B),fibroblast growth factor 14,protein-coding
2656,chr7,143459278,143461583,+,0,NA,"exon (NM_001161624, exon 2 of 4)","exon (NM_001161624, exon 2 of 4)",620,NM_001354981,12577,,NM_009876,ENSMUSG00000037664,Cdkn1c,CDKI|Kip2|p57(kip2)|p57Kip2,cyclin dependent kinase inhibitor 1C,protein-coding
2287,chr5,151655317,151655638,+,0,NA,Intergenic,L1Md_T|LINE|L1,-4269,NM_027009,69263,,NM_027009,ENSMUSG00000033970,Rfc3,2810416I22Rik|38kDa|Recc3,replication factor C (activator 1) 3,protein-coding
601,chr12,55230401,55230730,+,0,NA,"5' UTR (NM_001100109, exon 1 of 16).2","5' UTR (NM_001100109, exon 1 of 16).2",188,NM_001100110,100101806,,NM_001100110,ENSMUSG00000079108,Srp54c,E330029E12Rik,signal recognition particle 54C,protein-coding
3136,chrX,146040682,146040982,+,0,NA,Intergenic,IAPEz-int|LTR|ERVK,-553193,NM_153319,27494,,NM_153319,ENSMUSG00000041688,Amot,CAG-2|D0Kist1|Sii6,angiomotin,protein-coding
1586,chr2,75937975,75938561,+,0,NA,"exon (NM_028235, exon 1 of 1)","exon (NM_028235, exon 1 of 1)",194,NM_028235,72421,,NM_028235,ENSMUSG00000075273,Ift70b,2510042P03Rik|Tcc30b|Ttc30b,intraflagellar transport 70B,protein-coding
2798,chr8,120535784,120536076,+,0,NA,promoter-TSS (NM_001145897),promoter-TSS (NM_001145897),73,NM_001145897,382034,,NM_198671,ENSMUSG00000031822,Gse1,2210013I18Rik|mKIAA0182,"genetic suppressor element 1, coiled-coil protein",protein-coding
1641,chr2,125247603,125248182,+,0,NA,"exon (NM_001159646, exon 2 of 7)","exon (NM_001159646, exon 2 of 7)",377,NM_023595,110074,,NM_023595,ENSMUSG00000027203,Dut,5031412I06Rik|5133400F09Rik|D2Bwg0749e|Dutp|dUTPase,deoxyuridine triphosphatase,protein-coding
482,chr11,98150081,98150401,+,0,NA,promoter-TSS (NM_028149),promoter-TSS (NM_028149),-625,NM_028149,72194,,NM_028149,ENSMUSG00000020883,Fbxl20,2610511F20Rik|4632423N09Rik|Fbl2|Scr|mKIAA4147,F-box and leucine-rich repeat protein 20,protein-coding
2791,chr8,116993193,116993492,+,0,NA,"exon (NM_026572, exon 1 of 5)","exon (NM_026572, exon 1 of 5)",156,NR_157137,68133,,NM_026572,ENSMUSG00000034424,Gcsh,1100001L02Rik|5730591C18Rik,glycine cleavage system protein H (aminomethyl carrier),protein-coding
2205,chr5,76931406,76931519,+,0,NA,"intron (NM_172146, intron 1 of 10)",RLTR4_MM-int|LTR|ERV1,-19840,NM_001356971,67054,,NM_025939,ENSMUSG00000029247,Paics,2610511I09Rik|ADE2H1|AIRC|PAIS,"phosphoribosylaminoimidazole carboxylase, phosphoribosylaminoribosylaminoimidazole, succinocarboxamide synthetase",protein-coding
1033,chr15,88890730,88890999,+,0,NA,Intergenic,CpG,28670,NM_145478,223775,,NM_145478,ENSMUSG00000035828,Pim3,Kid1,proviral integration site 3,protein-coding
583,chr12,30584061,30584432,+,0,NA,promoter-TSS (NM_172049),promoter-TSS (NM_172049),-197,NM_172049,211986,,NM_172049,ENSMUSG00000043061,Tmem18,-,transmembrane protein 18,protein-coding
1150,chr16,92465603,92466197,+,0,NA,"exon (NM_001081549, exon 1 of 4)","exon (NM_001081549, exon 1 of 4)",269,NM_001081549,54720,,NM_019466,ENSMUSG00000022951,Rcan1,Adapt78|CALP1L|CSP1|DSC1|Dscr1|MCIP1|RCN1,regulator of calcineurin 1,protein-coding
2499,chr7,28378998,28379240,+,0,NA,"intron (NM_011756, intron 1 of 1)",CpG,109,NM_011756,22695,,NM_011756,ENSMUSG00000044786,Zfp36,Gos24|Nup475|TIS11D|TISII|Tis11|Ttp|Zfp-36,zinc finger protein 36,protein-coding
1565,chr2,61815656,61816231,+,0,NA,Intergenic,CpG,11490,NM_009322,21375,,NM_009322,ENSMUSG00000035033,Tbr1,-,T-box brain transcription factor 1,protein-coding
2339,chr6,50565978,50566910,+,0,NA,promoter-TSS (NR_015581),promoter-TSS (NR_015581),125,NM_007808,13063,,NM_007808,ENSMUSG00000063694,Cycs,-,"cytochrome c, somatic",protein-coding
1800,chr3,84582349,84582695,+,0,NA,"non-coding (NR_164319, exon 1 of 1)","non-coding (NR_164319, exon 1 of 1)",103,NM_001293801,99889,,NM_001081093,ENSMUSG00000074513,Arfip1,2310030I10Rik|Arfaptin|D3Ertd598e,ADP-ribosylation factor interacting protein 1,protein-coding
1275,chr17,71002154,71002686,+,0,NA,"5' UTR (NM_026064, exon 1 of 4)","5' UTR (NM_026064, exon 1 of 4)",113,NM_026064,67268,,NM_026064,ENSMUSG00000024048,Myl12a,2900073G15Rik,"myosin, light chain 12A, regulatory, non-sarcomeric",protein-coding
1617,chr2,105132825,105133223,+,0,NA,"exon (NM_144783, exon 2 of 10)","exon (NM_144783, exon 2 of 10)",6495,NM_144783,22431,,NM_144783,ENSMUSG00000016458,Wt1,D630046I19Rik|Wt-1,WT1 transcription factor,protein-coding
2729,chr8,71602163,71603006,+,0,NA,"exon (NM_001166213, exon 7 of 15)","exon (NM_001166213, exon 7 of 15)",4876,NM_001384129,100037278,,NM_001166213,ENSMUSG00000043243,Niban3,Bcnp1|Fam129c,niban apoptosis regulator 3,protein-coding
376,chr11,62538748,62539038,+,0,NA,"exon (NM_028448, exon 1 of 5)","exon (NM_028448, exon 1 of 5)",368,NM_028448,73139,,NM_028448,ENSMUSG00000018509,Cenpv,3110013H01Rik|Prr6,centromere protein V,protein-coding
2838,chr8,123589457,123590363,+,0,NA,Intergenic,Intergenic,-23823,NR_046127,100861480,,NR_046127,ENSMUSG00000119748,Gm25018,Rn5s10,"predicted gene, 25018",rRNA
2214,chr5,97989151,97989479,+,0,NA,"intron (NM_133738, intron 7 of 16)",L1Md_T|LINE|L1,41702,NM_133738,71914,,NM_133738,ENSMUSG00000029338,Antxr2,2310046B19Rik|CMG-2|CMG2|cI-35,anthrax toxin receptor 2,protein-coding
695,chr13,3358310,3358406,+,0,NA,Intergenic,CpG,-119874,NR_015522,76937,,NR_015522,ENSMUSG00000097709,2810429I04Rik,1700024F13Rik,RIKEN cDNA 2810429I04 gene,ncRNA
751,chr13,54737840,54738506,+,0,NA,"exon (NM_001316710, exon 2 of 2)","exon (NM_001316710, exon 2 of 2)",11701,NM_001316710,26913,,NM_012014,ENSMUSG00000069227,Gprin1,GRIN1|Z16,G protein-regulated inducer of neurite outgrowth 1,protein-coding
3039,chr9,114390158,114390908,+,0,NA,"exon (NM_019922, exon 1 of 7)","exon (NM_019922, exon 1 of 7)",179,NM_019922,56693,,NM_019922,ENSMUSG00000032431,Crtap,5730529N23Rik|CASP|Leprel3|P3h5,cartilage associated protein,protein-coding
15,JH584304.1,85471,86033,+,0,NA,NA,NA,NA,NA,,,,,,,,
2819,chr8,123555524,123556461,+,0,NA,promoter-TSS (NR_046152).4,promoter-TSS (NR_046152).4,-111,NR_046154,100861501,,NR_046154,ENSMUSG00000118870,Gm22291,Rn5s30,"predicted gene, 22291",rRNA
2701,chr8,47288622,47289011,+,0,NA,"5' UTR (NM_001286376, exon 1 of 5)","5' UTR (NM_001286376, exon 1 of 5)",586,NM_001363119,71069,,NM_175162,ENSMUSG00000038143,Stox2,4933409N07Rik|mKIAA1392,storkhead box 2,protein-coding
1441,chr19,32388092,32388546,+,0,NA,promoter-TSS (NR_033198),promoter-TSS (NR_033198),193,NM_144792,208449,,NM_144792,ENSMUSG00000040451,Sgms1,9530058O11Rik|Mob|Sms1|Sor1|Tmem23,sphingomyelin synthase 1,protein-coding
2974,chr9,70656412,70657288,+,0,NA,"exon (NM_172772, exon 1 of 9)","exon (NM_172772, exon 1 of 9)",297,NM_001374686,235461,,NM_172772,ENSMUSG00000042444,Mindy2,B230380D07Rik|Fam63b|mKIAA1164,MINDY lysine 48 deubiquitinase 2,protein-coding
988,chr15,58889316,58889818,+,0,NA,TTS (NM_175151),TTS (NM_175151),338,NM_175226,75841,,NM_175226,ENSMUSG00000037075,Rnf139,4930555P18Rik,ring finger protein 139,protein-coding
1753,chr3,30968569,30969316,+,0,NA,"intron (NM_001165956, intron 1 of 15)",CpG,473,NM_001165954,241915,,NM_153421,ENSMUSG00000037652,Phc3,E030046K01Rik|Edr3|Hph3,polyhomeotic 3,protein-coding
2869,chr9,3009326,3010081,+,0,NA,Intergenic,GSAT_MM|Satellite|Satellite,29040,NR_039546,100628572,,NR_039546,ENSMUSG00000106183,Mir101c,mir-101c|mmu-mir-101c,microRNA 101c,ncRNA
817,chr13,114458769,114459132,+,0,NA,promoter-TSS (NM_008046),promoter-TSS (NM_008046),1,NM_001301375,14313,,NM_008046,ENSMUSG00000021765,Fst,FS,follistatin,protein-coding
409,chr11,72411352,72411714,+,0,NA,"exon (NM_177776, exon 1 of 8)","exon (NM_177776, exon 1 of 8)",180,NM_177776,276829,,NM_177776,ENSMUSG00000045667,Smtnl2,D130058I21Rik,smoothelin-like 2,protein-coding
1864,chr3,121542828,121543173,+,0,NA,Intergenic,Intergenic,-10656,NM_145394,213603,,NM_145394,ENSMUSG00000039865,Slc44a3,-,"solute carrier family 44, member 3",protein-coding
70,chr1,55406020,55406660,+,0,NA,"5' UTR (NM_001114663, exon 1 of 6)","5' UTR (NM_001114663, exon 1 of 6)",394,NM_001114663,227120,,NM_001114663,ENSMUSG00000038349,Plcl1,C230017K02Rik|PLC-L|PLC-L1|PLCE|PLCL|PLDL1|PRIP|PRIP-1,phospholipase C-like 1,protein-coding
881,chr14,47472380,47472760,+,0,NA,promoter-TSS (NM_030236),promoter-TSS (NM_030236),9,NR_027414,78938,,NM_030236,ENSMUSG00000037536,Fbxo34,2900057B08Rik|5830426G16Rik,F-box protein 34,protein-coding
1222,chr17,33978371,33978628,+,0,NA,"non-coding (NR_004446, exon 2 of 6)","non-coding (NR_004446, exon 2 of 6)",292,NR_004446,630499,,NM_001081015,ENSMUSG00000121503,H2-K2,EG630499|Gm7035|H-2K1|H-2K1K|H-2K2|H2-K1,"histocompatibility 2, K region locus 2",pseudo
2759,chr8,91070261,91070668,+,0,NA,"intron (NM_011250, intron 1 of 21)",CpG,407,NM_011250,19651,,NM_011250,ENSMUSG00000031666,Rbl2,PRB2|RBR-2|Rb2|p130,RB transcriptional corepressor like 2,protein-coding
3163,chrY,90785804,90786186,+,0,NA,"intron (NR_137282, intron 1 of 2)",CpG,553,NR_137282,170942,,NM_133362,,Erdr1x,Erdr1|Gm21887|Gm55594|edr,erythroid differentiation regulator 1 x,protein-coding
1519,chr2,30048806,30049180,+,0,NA,promoter-TSS (NM_001008498),promoter-TSS (NM_001008498),-114,NM_001008498,71820,,NM_001008498,ENSMUSG00000039715,Dync2i2,3200002I06Rik|Wdr34,dynein 2 intermediate chain 2,protein-coding
1940,chr4,44167883,44168326,+,0,NA,promoter-TSS (NM_001355181),promoter-TSS (NM_001355181),-158,NM_001379578,73469,,NM_175201,ENSMUSG00000035696,Rnf38,1700065B19Rik|2610202O07Rik|Oip1,ring finger protein 38,protein-coding
460,chr11,95514071,95514711,+,0,NA,"5' UTR (NM_130858, exon 1 of 2)","5' UTR (NM_130858, exon 1 of 2)",174,NM_130858,104079,,NM_130858,ENSMUSG00000046719,Nxph3,-,neurexophilin 3,protein-coding
793,chr13,94095902,94096112,+,0,NA,"intron (NM_172589, intron 1 of 3)",(TTC)n|Simple_repeat|Simple_repeat,38211,NM_172589,218454,,NM_172589,ENSMUSG00000045312,Lhfpl2,6030465B15|mKIAA0206|vgim,lipoma HMGIC fusion partner-like 2,protein-coding
300,chr10,127189086,127189448,+,0,NA,promoter-TSS (NM_001358557),promoter-TSS (NM_001358557),-495,NM_001358557,52666,,NM_028027,ENSMUSG00000019467,Arhgef25,2410008H17Rik|D10Ertd610e|GEFT,Rho guanine nucleotide exchange factor 25,protein-coding
3095,chrX,72274462,72275297,+,0,NA,promoter-TSS (NM_017369),promoter-TSS (NM_017369),-158,NM_017369,14404,,NM_017369,ENSMUSG00000031340,Gabre,-,"gamma-aminobutyric acid (GABA) A receptor, subunit epsilon",protein-coding
2853,chr8,123614981,123615838,+,0,NA,Intergenic,Intergenic,-38520,NM_133955,69581,,NM_133955,ENSMUSG00000039960,Rhou,2310026M05Rik|Arhu|CDC42L1|G28K|WRCH-1|WRCH1|mG28K,ras homolog family member U,protein-coding
434,chr11,79704029,79704574,+,0,NA,Intergenic,CpG,-7668,NR_029579,387188,,NR_029579,ENSMUSG00000065395,Mir193a,Mir193|Mirn193|mir-193a|mmu-mir-193|mmu-mir-193a,microRNA 193a,ncRNA
2920,chr9,44134604,44135111,+,0,NA,promoter-TSS (NR_152189),promoter-TSS (NR_152189),199,NM_001359530,84004,,NM_023061,ENSMUSG00000032135,Mcam,1-gicerin|CD146|CD149|Muc18|s-endo|s-gicerin,melanoma cell adhesion molecule,protein-coding
2276,chr5,142820036,142820424,+,0,NA,Intergenic,Intergenic,-2568,NM_178242,231861,,NM_178242,ENSMUSG00000039477,Tnrc18,EG381742|Zfp469,trinucleotide repeat containing 18,protein-coding
2524,chr7,44462038,44462466,+,0,NA,"exon (NM_198250, exon 3 of 3)","exon (NM_198250, exon 3 of 3)",-3183,NM_026690,68352,,NM_026690,ENSMUSG00000038704,Aspdh,0610012D14Rik,aspartate dehydrogenase domain containing,protein-coding
2963,chr9,64811422,64811820,+,0,NA,"intron (NM_001162917, intron 2 of 34)",CpG-15087,610,NM_001162917,102442,,NM_176935,ENSMUSG00000053641,Dennd4a,F730015K02Rik,DENN domain containing 4A,protein-coding
889,chr14,54464185,54464887,+,0,NA,"5' UTR (NM_022993, exon 1 of 7)","5' UTR (NM_022993, exon 1 of 7)",389,NM_022993,65107,,NM_022993,ENSMUSG00000022175,Lrp10,Lrp9,low-density lipoprotein receptor-related protein 10,protein-coding
111,chr1,93685561,93686079,+,0,NA,"5' UTR (NM_016778, exon 1 of 5)","5' UTR (NM_016778, exon 1 of 5)",245,NM_016778,51800,,NM_016778,ENSMUSG00000026278,Bok,matador|mtd,BCL2-related ovarian killer,protein-coding
221,chr10,42678763,42679444,+,0,NA,"exon (NM_172416, exon 1 of 6)","exon (NM_172416, exon 1 of 6)",187,NM_172416,14628,,NM_172416,ENSMUSG00000038280,Ostm1,1200002H13Rik|HSPC019|gl,osteopetrosis associated transmembrane protein 1,protein-coding
2938,chr9,54501252,54501483,+,0,NA,"exon (NM_172771, exon 1 of 44)","exon (NM_172771, exon 1 of 44)",259,NM_172771,235380,,NM_172771,ENSMUSG00000041268,Dmxl2,6330586A12|6430411K14Rik|E130119P06Rik|mKIAA0856,Dmx-like 2,protein-coding
1524,chr2,30845180,30845641,+,0,NA,promoter-TSS (NM_009116),promoter-TSS (NM_009116),43,NM_009116,20204,,NM_009116,ENSMUSG00000039476,Prrx2,Prx2|S8,paired related homeobox 2,protein-coding
594,chr12,50648883,50648909,+,0,NA,"exon (NM_001382815, exon 1 of 3)","exon (NM_001382815, exon 1 of 3)",353,NM_001382814,18760,,NM_008858,ENSMUSG00000002688,Prkd1,PKD|PKD1|Pkcm|Prkcm|nPKC-D1|nPKC-mu,protein kinase D1,protein-coding
3001,chr9,93019936,93020992,+,0,NA,Intergenic,L1Md_T|LINE|L1,-14731,NR_040756,78349,,NR_040756,ENSMUSG00000100294,1700034K08Rik,-,RIKEN cDNA 1700034K08 gene,ncRNA
3160,chrY,89857793,89858197,+,0,NA,Intergenic,polypurine|Low_complexity|Low_complexity,-140188,NR_164189,100041631,,NR_164189,,Gm20879,-,"predicted gene, 20879",pseudo
1698,chr2,161109311,161109669,+,0,NA,promoter-TSS (NR_126509),promoter-TSS (NR_126509),-404,NM_173368,71389,,NM_173368,ENSMUSG00000057133,Chd6,5430439G14Rik|6330406J24Rik|CHD-6,chromodomain helicase DNA binding protein 6,protein-coding
2161,chr5,33695221,33695719,+,0,NA,Intergenic,CpG,-26254,NM_008010,14184,,NM_008010,ENSMUSG00000054252,Fgfr3,CD333|FR3|Fgfr-3|Flg-2|HBGFR|Mfr3|sam3,fibroblast growth factor receptor 3,protein-coding
3084,chrX,48345456,48345781,+,0,NA,"intron (NM_178782, intron 2 of 14)",CpG,4260,NM_178782,320376,,NM_178782,ENSMUSG00000036959,Bcorl1,6720425J07Rik|B930011H20Rik,BCL6 co-repressor-like 1,protein-coding
1560,chr2,57114386,57114865,+,0,NA,"intron (NM_001139509, intron 1 of 7)",CpG,413,NM_013613,18227,,NM_013613,ENSMUSG00000026826,Nr4a2,HZF-3|NOT|Nurr1|RNR-1|TINOR|TINUR,"nuclear receptor subfamily 4, group A, member 2",protein-coding
815,chr13,113617489,113618591,+,0,NA,"exon (NM_130796, exon 1 of 2)","exon (NM_130796, exon 1 of 2)",524,NM_130796,170625,,NM_130796,ENSMUSG00000042364,Snx18,Snag1,sorting nexin 18,protein-coding
1969,chr4,70535174,70535722,+,0,NA,promoter-TSS (NM_172694),promoter-TSS (NM_172694),-520,NM_172694,230316,,NM_172694,ENSMUSG00000039270,Megf9,4933405H16Rik|9630025C07|Egfl5|mKIAA0818,multiple EGF-like-domains 9,protein-coding
2056,chr4,129640767,129641063,+,0,NA,promoter-TSS (NM_001005506),promoter-TSS (NM_001005506),-110,NM_001005506,109658,,NM_001005506,ENSMUSG00000053841,Txlna,2600010N21Rik|Il14|Txln,taxilin alpha,protein-coding
1322,chr18,25486811,25487514,+,0,NA,"intron (NM_001362310, intron 11 of 12)",C-rich|Low_complexity|Low_complexity,192586,NM_001362337,108013,,NM_133195,ENSMUSG00000024268,Celf4,A230070D14Rik|BRUNOL-4|Brul4|Brunol4|C130060B05Rik,"CUGBP, Elav-like family member 4",protein-coding
720,chr13,31807355,31809123,+,0,NA,"exon (NM_008592, exon 1 of 1)","exon (NM_008592, exon 1 of 1)",1593,NM_008592,17300,,NM_008592,ENSMUSG00000050295,Foxc1,FREAC3|Fkh1|Mf1|Mf4|ch|fkh-1|frkhda,forkhead box C1,protein-coding
1677,chr2,152092901,152094111,+,0,NA,"exon (NM_001160410, exon 2 of 2)","exon (NM_001160410, exon 2 of 2)",11977,NM_001160410,545474,,NM_001160410,ENSMUSG00000060257,Scrt2,-,scratch family zinc finger 2,protein-coding
3154,chrY,11857761,11858497,+,0,NA,Intergenic,(TTC)n|Simple_repeat|Simple_repeat,-523860,NM_001199332,100041550,,NM_001199332,ENSMUSG00000095520,Gm20877,-,"predicted gene, 20877",protein-coding
483,chr11,98348843,98349237,+,0,NA,promoter-TSS (NM_001313970),promoter-TSS (NM_001313970),634,NM_144828,19049,,NM_144828,ENSMUSG00000061718,Ppp1r1b,DARPP-32|Darpp32,"protein phosphatase 1, regulatory inhibitor subunit 1B",protein-coding
1905,chr4,3090562,3090988,+,0,NA,Intergenic,GSAT_MM|Satellite|Satellite,-81308,NM_001167534,100312470,,NM_001167534,ENSMUSG00000115072,Vmn1r2,Gm11776,vomeronasal 1 receptor 2,protein-coding
2926,chr9,45906526,45906920,+,0,NA,promoter-TSS (NM_001361114),promoter-TSS (NM_001361114),154,NR_104055,18554,,NM_008794,ENSMUSG00000035382,Pcsk7,PC7|SPC7,proprotein convertase subtilisin/kexin type 7,protein-coding
762,chr13,56295826,56296731,+,0,NA,"5' UTR (NM_019568, exon 1 of 4)","5' UTR (NM_019568, exon 1 of 4)",273,NM_019568,57266,,NM_019568,ENSMUSG00000021508,Cxcl14,1110031L23Rik|1200006I23Rik|BMAC|BRAK|KS1|Kec|MIP-2g|MIP2gamma|NJAC|Scyb14|bolekine,C-X-C motif chemokine ligand 14,protein-coding
729,chr13,38345239,38346611,+,0,NA,"5' UTR (NM_007556, exon 1 of 7)","5' UTR (NM_007556, exon 1 of 7)",209,NM_007556,12161,,NM_007556,ENSMUSG00000039004,Bmp6,D13Wsu115e|Vgr1,bone morphogenetic protein 6,protein-coding
2753,chr8,84979846,84980762,+,0,NA,Intergenic,CpG,-1556,NM_008416,16477,,NM_008416,ENSMUSG00000052837,Junb,-,jun B proto-oncogene,protein-coding
2845,chr8,123601133,123602354,+,0,NA,Intergenic,(CTCG)n|Simple_repeat|Simple_repeat,-35656,NR_046127,100861480,,NR_046127,ENSMUSG00000119748,Gm25018,Rn5s10,"predicted gene, 25018",rRNA
3119,chrX,112600556,112601623,+,0,NA,"intron (NM_001381900, intron 1 of 7)",CpG,359,NM_001381900,245595,,NM_177747,ENSMUSG00000025529,Zfp711,2810409C01Rik|A230078I01Rik|Znf711,zinc finger protein 711,protein-coding
2095,chr4,143350030,143350542,+,0,NA,"exon (NM_001162983, exon 1 of 2)","exon (NM_001162983, exon 1 of 2)",536,NM_001162983,242735,,NM_001162983,ENSMUSG00000028584,Lrrc38,A230053A07Rik,leucine rich repeat containing 38,protein-coding
97,chr1,86525828,86526297,+,0,NA,promoter-TSS (NM_008972),promoter-TSS (NM_008972),-495,NM_008972,19231,,NM_008972,ENSMUSG00000026238,Ptma,Thym,prothymosin alpha,protein-coding
535,chr11,115974490,115975279,+,0,NA,"5' UTR (NM_133663, exon 1 of 39)","5' UTR (NM_133663, exon 1 of 39)",159,NM_133663,192897,,NM_133663,ENSMUSG00000020758,Itgb4,C230078O20|CD104,integrin beta 4,protein-coding
554,chr11,120783772,120784175,+,0,NA,promoter-TSS (NM_001177874),promoter-TSS (NM_001177874),231,NM_009053,19719,,NM_009053,ENSMUSG00000025158,Rfng,-,RFNG O-fucosylpeptide 3-beta-N-acetylglucosaminyltransferase,protein-coding
721,chr13,31810679,31811620,+,0,NA,TTS (NM_008592),TTS (NM_008592),4503,NM_008592,17300,,NM_008592,ENSMUSG00000050295,Foxc1,FREAC3|Fkh1|Mf1|Mf4|ch|fkh-1|frkhda,forkhead box C1,protein-coding
1357,chr18,52768426,52769012,+,0,NA,"intron (NM_001199154, intron 1 of 10)",CpG,575,NM_001199154,67847,,NM_026408,ENSMUSG00000024534,Sncaip,2810407O15Rik|4933427B05Rik|SYPH1,"synuclein, alpha interacting protein (synphilin)",protein-coding
1228,chr17,34679773,34680546,+,0,NA,"intron (NM_031176, intron 5 of 32)",CpG,9624,NM_031176,81877,,NM_031176,ENSMUSG00000033327,Tnxb,Tn-mhc|Tnx,tenascin XB,protein-coding
1643,chr2,127270275,127270613,+,0,NA,"non-coding (NR_156114, exon 1 of 7)","non-coding (NR_156114, exon 1 of 7)",215,NM_139308,99138,,NM_139308,ENSMUSG00000027367,Stard7,-,StAR related lipid transfer domain containing 7,protein-coding
2402,chr6,113624065,113624613,+,0,NA,"exon (NM_009507, exon 1 of 3)","exon (NM_009507, exon 1 of 3)",345,NM_009507,22346,,NM_009507,ENSMUSG00000033933,Vhl,Vhlh|pVHL,von Hippel-Lindau tumor suppressor,protein-coding
1572,chr2,71117901,71118392,+,0,NA,promoter-TSS (NM_028593),promoter-TSS (NM_028593),92,NM_028593,73649,,NM_028593,ENSMUSG00000027015,Cybrd1,2210407P13Rik|Dcytb,cytochrome b reductase 1,protein-coding
2005,chr4,108834207,108834803,+,0,NA,promoter-TSS (NM_025334),promoter-TSS (NM_025334),-173,NM_025334,66073,,NM_025334,ENSMUSG00000028567,Txndc12,0610040B21Rik|ERp16|ERp19,thioredoxin domain containing 12 (endoplasmic reticulum),protein-coding
9,JH584304.1,74984,75496,+,0,NA,NA,NA,NA,NA,,,,,,,,
2558,chr7,73740289,73740844,+,0,NA,"exon (NM_001162532, exon 1 of 3)","exon (NM_001162532, exon 1 of 3)",259,NM_001162532,100038347,,NM_001162532,ENSMUSG00000078670,Fam174b,-,"family with sequence similarity 174, member B",protein-coding
806,chr13,107891348,107891540,+,0,NA,Intergenic,CpG-4160,-1380,NM_145456,67263,,NM_145456,ENSMUSG00000032846,Zswim6,2900036G02Rik|mKIAA1577,zinc finger SWIM-type containing 6,protein-coding
26,JH584304.1,107370,107721,+,0,NA,NA,NA,NA,NA,,,,,,,,
2149,chr5,28071409,28071926,+,0,NA,"exon (NM_153526, exon 1 of 5)","exon (NM_153526, exon 1 of 5)",255,NM_153526,231070,,NM_153526,ENSMUSG00000045294,Insig1,1810013C12Rik|Insig-1,insulin induced gene 1,protein-coding
2650,chr7,141475287,141476465,+,0,NA,promoter-TSS (NM_001252588),promoter-TSS (NM_001252588),-504,NM_001252588,64540,,NM_053082,ENSMUSG00000025511,Tspan4,D130042I01Rik|NAG-2|Tm4sf7|Tspan-4,tetraspanin 4,protein-coding
374,chr11,61493450,61494194,+,0,NA,"exon (NM_011841, exon 2 of 7)","exon (NM_011841, exon 2 of 7)",439,NM_001361989,23939,,NM_011841,ENSMUSG00000001034,Mapk7,BMK-1|BMK1|ERK-5|ERK5|Erk5-T|PRKM7|b2b2346Clo,mitogen-activated protein kinase 7,protein-coding
2520,chr7,44246681,44247491,+,0,NA,"intron (NM_025880, intron 1 of 5)",CpG,364,NM_025880,668661,,NM_025880,ENSMUSG00000045411,2410002F23Rik,-,RIKEN cDNA 2410002F23 gene,protein-coding
3148,chrY,140580,144004,+,0,NA,Intergenic,(TAGA)n|Simple_repeat|Simple_repeat,-63858,NR_126545,69438,,NR_126545,ENSMUSG00000101796,1700020D14Rik,Gm29277,RIKEN cDNA 1700020D14 gene,ncRNA
2403,chr6,113697448,113698064,+,0,NA,"exon (NM_001347356, exon 2 of 8)","exon (NM_001347356, exon 2 of 8)",706,NM_001033463,381801,,NM_001033463,ENSMUSG00000056952,Tatdn2,mKIAA0218,TatD DNase domain containing 2,protein-coding
2310,chr6,30175669,30176096,+,0,NA,promoter-TSS (NR_038124),promoter-TSS (NR_038124),-741,NR_038124,100463519,,NR_038124,,BB283400,Rncr4,expressed sequence BB283400,ncRNA
461,chr11,95520939,95521677,+,0,NA,Intergenic,Intergenic,-6743,NM_130858,104079,,NM_130858,ENSMUSG00000046719,Nxph3,-,neurexophilin 3,protein-coding
1332,chr18,35498451,35498928,+,0,NA,"intron (NM_030749, intron 1 of 9)",CpG,236,NM_030749,81500,,NM_030749,ENSMUSG00000024357,Sil1,1810057E01Rik|wz,SIL1 nucleotide exchange factor,protein-coding
728,chr13,38151049,38152235,+,0,NA,"exon (NM_023842, exon 1 of 24)","exon (NM_023842, exon 1 of 24)",348,NM_023842,109620,,NM_023842,ENSMUSG00000054889,Dsp,2300002E22Rik|5730453H04Rik|DP|rul,desmoplakin,protein-coding
2462,chr7,13024959,13025717,+,0,NA,"exon (NM_011588, exon 2 of 17)","exon (NM_011588, exon 2 of 17)",1186,NM_011588,21849,,NM_011588,ENSMUSG00000005566,Trim28,KAP-1|KRIP-1|MommeD9|Tif1b|Tif1beta,tripartite motif-containing 28,protein-coding
1280,chr17,74295327,74295983,+,0,NA,promoter-TSS (NM_133771),promoter-TSS (NM_133771),-792,NM_133771,76890,,NM_133771,ENSMUSG00000058704,Memo1,0610016J10Rik|D930048L02Rik,mediator of cell motility 1,protein-coding
2246,chr5,121948654,121949038,+,0,NA,"intron (NM_007804, intron 2 of 22)",CpG,98979,NM_007804,13048,,NM_007804,ENSMUSG00000042589,Cux2,1700051K22Rik|Cutl2|Cux-2,cut-like homeobox 2,protein-coding
2372,chr6,85513070,85513534,+,0,NA,"exon (NM_020596, exon 1 of 2)","exon (NM_020596, exon 1 of 2)",287,NM_020596,13656,,NM_020596,ENSMUSG00000071341,Egr4,NGF1-C|NGFI-C|NGFIC|pAT133,early growth response 4,protein-coding
690,chr12,112999996,113000402,+,0,NA,"exon (NM_028193, exon 1 of 18)","exon (NM_028193, exon 1 of 18)",422,NM_028193,72308,,NM_028193,ENSMUSG00000011158,Brf1,2510002F24Rik|GTF3B|TAF3C|TAFIII90|TFIIIB90|mTFIIIB90,"BRF1, RNA polymerase III transcription initiation factor 90 kDa subunit",protein-coding
1757,chr3,35130879,35131183,+,0,NA,Intergenic,L1Md_T|LINE|L1,-208380,NR_105799,102466155,,NR_105799,ENSMUSG00000098862,Mir6378,Gm27706|mmu-mir-6378,microRNA 6378,ncRNA
1117,chr16,35659942,35660651,+,0,NA,"exon (NM_013661, exon 16 of 22)","exon (NM_013661, exon 16 of 22)",109074,NM_153550,224132,,NM_153550,ENSMUSG00000022848,Slc49a4,Dirc2|RCC4,solute carrier family 49 member 4,protein-coding
2428,chr6,127153164,127153295,+,0,NA,"intron (NR_040275, intron 1 of 1)","intron (NR_040275, intron 1 of 1)",-2181,NM_009829,12444,,NM_009829,ENSMUSG00000000184,Ccnd2,2600016F06Rik|Vin-1|Vin1|cD2,cyclin D2,protein-coding
2577,chr7,81991562,81992233,+,0,NA,"intron (NM_007562, intron 1 of 4)",CpG,402,NM_007562,12173,,NM_007562,ENSMUSG00000025105,Bnc1,Bnc,basonuclin zinc finger protein 1,protein-coding
642,chr12,84875438,84876874,+,0,NA,"non-coding (NR_028577, exon 1 of 1)","non-coding (NR_028577, exon 1 of 1)",335,NM_013589,16997,,NM_013589,ENSMUSG00000002020,Ltbp2,-,latent transforming growth factor beta binding protein 2,protein-coding
713,chr13,21468084,21468523,+,0,NA,"exon (NM_025719, exon 1 of 1)","exon (NM_025719, exon 1 of 1)",198,NM_025719,66707,,NM_025719,ENSMUSG00000059395,Nkapl,4921504I05Rik,NFKB activating protein-like,protein-coding
1818,chr3,89912816,89913306,+,0,NA,"5' UTR (NM_001310676, exon 1 of 10)","5' UTR (NM_001310676, exon 1 of 10)",135,NM_010559,16194,,NM_010559,ENSMUSG00000027947,Il6ra,CD126|IL-6R|IL-6R-alpha|IL-6RA|Il6r,"interleukin 6 receptor, alpha",protein-coding
1203,chr17,27056978,27057754,+,0,NA,promoter-TSS (NM_080553),promoter-TSS (NM_080553),62,NM_080553,16440,,NM_080553,ENSMUSG00000042644,Itpr3,IP3R 3|Ip3r3|Itpr-3|tf,"inositol 1,4,5-triphosphate receptor 3",protein-coding
1494,chr2,18688328,18689611,+,0,NA,Intergenic,CpG,-10053,NM_001001334,381350,,NM_001001334,ENSMUSG00000037708,Spag6,Spag6l,sperm associated antigen 6,protein-coding
1416,chr19,7417028,7417666,+,0,NA,promoter-TSS (NM_175381),promoter-TSS (NM_175381),-278,NM_175381,108899,,NM_175381,ENSMUSG00000053080,Zfta,2700081O15Rik,zinc finger translocation associated,protein-coding
2491,chr7,27402720,27403030,+,0,NA,"exon (NM_032610, exon 17 of 36)","exon (NM_032610, exon 17 of 36)",-6322,NM_001199236,80297,,NM_032610,ENSMUSG00000011751,Sptbn4,1700022P15Rik|5830426A08Rik|ROSA62|SpbIV|Spnb4|dyn|lnd|nmf261|nmf379|qv,"spectrin beta, non-erythrocytic 4",protein-coding
623,chr12,73584876,73585455,+,0,NA,"exon (NM_008856, exon 1 of 14)","exon (NM_008856, exon 1 of 14)",369,NM_008856,18755,,NM_008856,ENSMUSG00000021108,Prkch,Pkch,"protein kinase C, eta",protein-coding
2599,chr7,105787032,105787969,+,0,NA,promoter-TSS (NM_001162943),promoter-TSS (NM_001162943),50,NM_001162943,233651,,NM_001162943,ENSMUSG00000036862,Dchs1,3110041P15Rik|C130033F22Rik|CDH25|FIB1|Gm165|PCDH16,dachsous cadherin related 1,protein-coding
372,chr11,61342276,61343218,+,0,NA,TTS (NM_026183),TTS (NM_026183),113,NM_001033542,380701,,NM_001033542,ENSMUSG00000069855,Slc47a2,4933429E10Rik,"solute carrier family 47, member 2",protein-coding
1921,chr4,14929898,14931198,+,0,NA,promoter-TSS (NM_001243100),promoter-TSS (NM_001243100),-93,NM_001243100,100038514,,NM_001243100,ENSMUSG00000086587,Gm11837,-,predicted gene 11837,protein-coding
2942,chr9,55026406,55026629,+,0,NA,promoter-TSS (NM_145129),promoter-TSS (NM_145129),45,NM_145129,110834,,NM_145129,ENSMUSG00000032303,Chrna3,(a)3|A730007P14Rik|Acra-3|Acra3,"cholinergic receptor, nicotinic, alpha polypeptide 3",protein-coding
2751,chr8,84872358,84873055,+,0,NA,"exon (NM_001168246, exon 2 of 5)","exon (NM_001168246, exon 2 of 5)",448,NM_001168244,71846,,NM_027954,ENSMUSG00000003824,Syce2,1700013H19Rik|Cesc1,synaptonemal complex central element protein 2,protein-coding
922,chr14,70289129,70289377,+,0,NA,"5' UTR (NM_008915, exon 1 of 14)","5' UTR (NM_008915, exon 1 of 14)",244,NM_001360229,19057,,NM_008915,ENSMUSG00000022092,Ppp3cc,Calnc|PP2BA gamma,"protein phosphatase 3, catalytic subunit, gamma isoform",protein-coding
1258,chr17,47833945,47834708,+,0,NA,"5' UTR (NM_001109973, exon 1 of 5)","5' UTR (NM_001109973, exon 1 of 5)",365,NM_001109973,17240,,NM_010783,ENSMUSG00000032717,Mdfi,I-mf|I-mfa,MyoD family inhibitor,protein-coding
1468,chr19,46762095,46762686,+,0,NA,"exon (NM_033569, exon 1 of 8)","exon (NM_033569, exon 1 of 8)",781,NM_033569,94219,,NM_033569,ENSMUSG00000064105,Cnnm2,Acdp2|Clp2,cyclin M2,protein-coding
2631,chr7,130935842,130937076,+,0,NA,"exon (NM_019564, exon 1 of 9)","exon (NM_019564, exon 1 of 9)",256,NM_019564,56213,,NM_019564,ENSMUSG00000006205,Htra1,HTRA|L56|Prss11|RSPP11,HtrA serine peptidase 1,protein-coding
1907,chr4,4138317,4138934,+,0,NA,promoter-TSS (NM_001002927),promoter-TSS (NM_001002927),-180,NM_001002927,18619,,NM_001002927,ENSMUSG00000045573,Penk,ENK|PPA|Penk1,preproenkephalin,protein-coding
1213,chr17,29716515,29717077,+,0,NA,"intron (NM_026782, intron 1 of 3)","intron (NM_026782, intron 1 of 3)",221,NM_001163741,68597,,NM_026782,ENSMUSG00000024018,Ccdc167,1110021J02Rik,coiled-coil domain containing 167,protein-coding
1681,chr2,152397853,152398245,+,0,NA,promoter-TSS (NM_011438),promoter-TSS (NM_011438),-3,NM_011438,20667,,NM_011438,ENSMUSG00000051817,Sox12,2010205A02Rik,SRY (sex determining region Y)-box 12,protein-coding
3057,chr9,122747030,122747384,+,0,NA,promoter-TSS (NM_001199736),promoter-TSS (NM_001199736),8,NM_001199736,671232,,NM_001199736,ENSMUSG00000094985,Topaz1,Gm9524,testis and ovary specific PAZ domain containing 1,protein-coding
2124,chr4,155150623,155151131,+,0,NA,Intergenic,CpG,64273,NM_001356327,76866,,NM_001081100,ENSMUSG00000029049,Morn1,2900057D20Rik|4930417P05Rik,MORN repeat containing 1,protein-coding
2817,chr8,123552195,123553048,+,0,NA,promoter-TSS (NR_046152).3,promoter-TSS (NR_046152).3,-139,NR_046140,100861488,,NR_046140,ENSMUSG00000119493,Gm26391,Rn5s17,"predicted gene, 26391",rRNA
391,chr11,69766038,69766964,+,0,NA,"intron (NM_029348, intron 1 of 3)",CpG,589,NM_001363178,75580,,NM_029348,ENSMUSG00000018750,Zbtb4,2310026P19Rik|9230111I22Rik|mKIAA1538,zinc finger and BTB domain containing 4,protein-coding
2099,chr4,146067240,146068020,+,0,NA,"non-coding (NR_030771, exon 1 of 1)","non-coding (NR_030771, exon 1 of 1)",106,NR_030771,627585,,NM_001039233,,Gm13034,-,"SWI/SNF related, matrix associated, actin dependent regulator of chromatin, subfamily a, member 5 pseudogene",pseudo
1252,chr17,46629453,46629877,+,0,NA,promoter-TSS (NM_175168),promoter-TSS (NM_175168),-161,NM_175168,71461,,NM_175168,ENSMUSG00000023972,Ptk7,8430404F20Rik|chz|mPTK7/CCK4,PTK7 protein tyrosine kinase 7,protein-coding
637,chr12,84053582,84054000,+,0,NA,"exon (NM_001346701, exon 2 of 4)","exon (NM_001346701, exon 2 of 4)",1640,NM_134246,171281,,NM_134246,ENSMUSG00000021228,Acot3,PTE-Ia|Pte2a,acyl-CoA thioesterase 3,protein-coding
1786,chr3,62338658,62339901,+,0,NA,"5' UTR (NM_001081295, exon 1 of 14)","5' UTR (NM_001081295, exon 1 of 14)",502,NM_001081295,622434,,NM_001081295,ENSMUSG00000036885,Arhgef26,4631416L12Rik|8430436L14Rik|SGEF,Rho guanine nucleotide exchange factor 26,protein-coding
2542,chr7,48632927,48633401,+,0,NA,Intergenic,L1Md_T|LINE|L1,10637,NM_207537,404238,,NM_207537,ENSMUSG00000070546,Mrgprb3,MrgB3,"MAS-related GPR, member B3",protein-coding
909,chr14,63605997,63607181,+,0,NA,promoter-TSS (NM_173393),promoter-TSS (NM_173393),59,NM_173393,219149,,NM_173393,ENSMUSG00000035067,Xkr6,2700008G24Rik|Xrg6,X-linked Kx blood group related 6,protein-coding
546,chr11,117779810,117780336,+,0,NA,promoter-TSS (NR_154387),promoter-TSS (NR_154387),-425,NR_154387,217353,,NM_145439,ENSMUSG00000025572,Tmc6,D11Ertd204e|EVER1,transmembrane channel-like gene family 6,protein-coding
897,chr14,55721909,55722287,+,0,NA,promoter-TSS (NM_019519),promoter-TSS (NM_019519),104,NR_153435,56187,,NM_019519,ENSMUSG00000040472,Rabggta,gm,"Rab geranylgeranyl transferase, a subunit",protein-coding
1772,chr3,53721253,53721571,+,0,NA,Intergenic,L1Md_T|LINE|L1,-64057,NM_172862,242022,,NM_172862,ENSMUSG00000037016,Frem2,6030440P17Rik|8430406N05Rik|Gm409|b2b1562Clo|my|ne|nv1,Fras1 related extracellular matrix protein 2,protein-coding
2080,chr4,136310564,136311099,+,0,NA,promoter-TSS (NM_001355182),promoter-TSS (NM_001355182),-111,NM_001277123,74326,,NM_028871,ENSMUSG00000066037,Hnrnpr,2610003J05Rik|2610528B01Rik|Hnrpr,heterogeneous nuclear ribonucleoprotein R,protein-coding
971,chr15,34838232,34838738,+,0,NA,"5' UTR (NM_181317, exon 2 of 2)","5' UTR (NM_181317, exon 2 of 2)",436,NM_001271704,16539,,NM_008436,ENSMUSG00000050963,Kcns2,E130006J24Rik|Kv9.2,"K+ voltage-gated channel, subfamily S, 2",protein-coding
129,chr1,128244256,128244574,+,0,NA,"5' UTR (NM_026390, exon 1 of 13)","5' UTR (NM_026390, exon 1 of 13)",278,NM_026390,67812,,NM_026390,ENSMUSG00000026353,Ubxn4,1300013G12Rik|Ubxd2|mKIAA0242,UBX domain protein 4,protein-coding
2996,chr9,87730254,87730565,+,0,NA,"intron (NM_023814, intron 1 of 7)",CpG,851,NM_023814,76365,,NM_023814,ENSMUSG00000032419,Tbx18,2810012F10Rik|2810404D13Rik,T-box18,protein-coding
1775,chr3,55055234,55055601,+,0,NA,promoter-TSS (NM_007628),promoter-TSS (NM_007628),175,NR_040593,70970,,NR_040593,ENSMUSG00000106589,4931419H13Rik,-,RIKEN cDNA 4931419H13 gene,ncRNA
505,chr11,102604054,102604719,+,0,NA,promoter-TSS (NM_020510),promoter-TSS (NM_020510),-45,NM_020510,57265,,NM_020510,ENSMUSG00000050288,Fzd2,Fz10|Fzd10|Mfz10|Mfz10a,frizzled class receptor 2,protein-coding
22,JH584304.1,96862,97508,+,0,NA,NA,NA,NA,NA,,,,,,,,
664,chr12,103241988,103243015,+,0,NA,promoter-TSS (NM_133364),promoter-TSS (NM_133364),-355,NM_133364,170952,,NM_133364,ENSMUSG00000041669,Prima1,B230212M13Rik|PRiMA,proline rich membrane anchor 1,protein-coding
2767,chr8,94913019,94913329,+,0,NA,"exon (NM_001033533, exon 2 of 9)","exon (NM_001033533, exon 2 of 9)",4924,NM_001033533,234582,,NM_001033533,ENSMUSG00000063605,Ccdc102a,Gm586,coiled-coil domain containing 102A,protein-coding
2595,chr7,101821629,101823125,+,0,NA,TTS (NM_001122739),TTS (NM_001122739),4064,NM_008887,11859,,NM_008887,ENSMUSG00000007946,Phox2a,Arix|Phox2|Pmx2|Pmx2a|Px2a,paired-like homeobox 2a,protein-coding
1993,chr4,101264760,101264948,+,0,NA,"intron (NM_013567, intron 1 of 22)",CpG,369,NM_013567,16451,,NM_013567,ENSMUSG00000028530,Jak1,BAP004|C130039L05Rik,Janus kinase 1,protein-coding
2826,chr8,123569122,123570069,+,0,NA,Intergenic,Intergenic,-3508,NR_046127,100861480,,NR_046127,ENSMUSG00000119748,Gm25018,Rn5s10,"predicted gene, 25018",rRNA
75,chr1,60409452,60409919,+,0,NA,promoter-TSS (NM_001198571),promoter-TSS (NM_001198571),66,NM_001198571,329165,,NM_198127,ENSMUSG00000026782,Abi2,8430425M24Rik|AblBP3|ArgBP1|C130078H13,abl interactor 2,protein-coding
1501,chr2,23068950,23069499,+,0,NA,"5' UTR (NM_001102437, exon 1 of 13)","5' UTR (NM_001102437, exon 1 of 13)",152,NM_001355642,74159,,NM_028793,ENSMUSG00000026781,Acbd5,1300014E15Rik,acyl-Coenzyme A binding domain containing 5,protein-coding
2292,chr6,8509389,8509790,+,0,NA,promoter-TSS (NR_040452),promoter-TSS (NR_040452),-11,NM_133236,170772,,NM_133236,ENSMUSG00000029638,Glcci1,2310047L21Rik|A130036A18Rik|Fam117c|Gig18|Tssn1,glucocorticoid induced transcript 1,protein-coding
1145,chr16,89329586,89329987,+,0,NA,Intergenic,L1Md_T|LINE|L1,73988,NM_028621,170656,,NM_028621,ENSMUSG00000058368,Krtap21-1,1110017B05Rik|KAP21.1|Krtap16-7,keratin associated protein 21-1,protein-coding
6,JH584304.1,68570,69636,+,0,NA,NA,NA,NA,NA,,,,,,,,
1970,chr4,72200137,72200999,+,0,NA,promoter-TSS (NR_027923),promoter-TSS (NR_027923),325,NM_001285531,21885,,NM_011599,ENSMUSG00000008305,Tle1,C230057C06Rik|Estm14|Grg-1|Grg1|Tle4l,transducin-like enhancer of split 1,protein-coding
415,chr11,73137715,73138384,+,0,NA,"exon (NM_010353, exon 1 of 1)","exon (NM_010353, exon 1 of 1)",245,NM_010353,14841,,NM_010353,ENSMUSG00000050107,Haspin,Gsg2,histone H3 associated protein kinase,protein-coding
1235,chr17,35320721,35321345,+,0,NA,"exon (NM_010390, exon 2 of 8)","exon (NM_010390, exon 2 of 8)",486,NM_001358790,15006,,NM_010390,ENSMUSG00000079507,H2-Q1,H-2Q1|H2-D1|Q1|Q1b|Q1d|Q1k|Qa-1|Qa1|Qed-1,"histocompatibility 2, Q region locus 1",protein-coding
1745,chr3,17908951,17909047,+,0,NA,Intergenic,L1Md_A|LINE|L1,-39445,NM_029289,75439,,NM_029289,ENSMUSG00000027564,Cypt12,1700001F04Rik,cysteine-rich perinuclear theca 12,protein-coding
1259,chr17,51812272,51813058,+,0,NA,promoter-TSS (NM_001357638),promoter-TSS (NM_001357638),-481,NM_001357636,20230,,NM_009122,ENSMUSG00000023927,Satb1,2610306G12Rik,special AT-rich sequence binding protein 1,protein-coding
1223,chr17,33999123,34000267,+,0,NA,"intron (NM_001001892, intron 2 of 7)",CpG-6270,638,NM_001001892,14972,,NM_001001892,ENSMUSG00000061232,H2-K1,H-2K|H-2K(d)|H2-D1|H2-K|K-f,"histocompatibility 2, K1, K region",protein-coding
1841,chr3,104788782,104789295,+,0,NA,promoter-TSS (NM_001291859),promoter-TSS (NM_001291859),4,NM_001291859,11853,,NM_007484,ENSMUSG00000002233,Rhoc,Arh9|Arhc,ras homolog family member C,protein-coding
2152,chr5,30104849,30105614,+,0,NA,promoter-TSS (NM_001167879),promoter-TSS (NM_001167879),35,NM_001167879,242915,,NM_001167879,ENSMUSG00000044576,Garem2,Fam59b|Gareml|Gm444,GRB2 associated regulator of MAPK1 subtype 2,protein-coding
43,chr1,21961563,21962133,+,0,NA,promoter-TSS (NM_001160139),promoter-TSS (NM_001160139),94,NM_023872,226922,,NM_023872,ENSMUSG00000028033,Kcnq5,7730402H11|9230107O05Rik|D1Mgi1,"potassium voltage-gated channel, subfamily Q, member 5",protein-coding
2250,chr5,124483207,124483587,+,0,NA,"intron (NM_029532, intron 1 of 1)",CpG,242,NM_029532,76167,,NM_029532,ENSMUSG00000029402,Snrnp35,6330548G22Rik,small nuclear ribonucleoprotein 35 (U11/U12),protein-coding
58,chr1,42697401,42698672,+,0,NA,"exon (NM_008900, exon 1 of 1)","exon (NM_008900, exon 1 of 1)",2268,NM_008900,18993,,NM_008900,ENSMUSG00000045515,Pou3f3,Brn-1|Brn1|HST011|Otf8|Skin1|urehr2,"POU domain, class 3, transcription factor 3",protein-coding
1994,chr4,101419460,101419651,+,0,NA,promoter-TSS (NM_009647),promoter-TSS (NM_009647),-148,NM_009647,11639,,NM_009647,ENSMUSG00000028527,Ak4,AK 4|Ak-3|Ak-4|Ak3|Ak3l1|D4Ertd274e,adenylate kinase 4,protein-coding
576,chr12,22274070,22274998,+,0,NA,Intergenic,CpG,-117888,NR_136920,100043416,,NM_001004167,ENSMUSG00000093846,Gm4425,EG432637|Gm5433,KRAB-domain protein pseudogene,pseudo
1914,chr4,11385743,11385988,+,0,NA,"intron (NM_194055, intron 1 of 15)","intron (NM_194055, intron 1 of 15)",913,NM_001347052,207920,,NM_194055,ENSMUSG00000040728,Esrp1,2210008M09Rik|A630065D16|Rbm35a,epithelial splicing regulatory protein 1,protein-coding
2008,chr4,109977319,109977683,+,0,NA,promoter-TSS (NM_172296),promoter-TSS (NM_172296),-524,NM_172296,242620,,NM_172296,ENSMUSG00000047143,Dmrta2,Dmrt5,doublesex and mab-3 related transcription factor like family A2,protein-coding
1374,chr18,64888018,64888532,+,0,NA,"intron (NM_001114386, intron 1 of 30)",CpG,519,NM_001114386,83814,,NM_031881,ENSMUSG00000024589,Nedd4l,1300012C07Rik|NEDD4.2|Nedd4-2|Nedd4b,"neural precursor cell expressed, developmentally down-regulated gene 4-like",protein-coding
1584,chr2,74825709,74826372,+,0,NA,"exon (NM_016804, exon 1 of 10)","exon (NM_016804, exon 1 of 10)",228,NM_016804,53375,,NM_016804,ENSMUSG00000027099,Mtx2,1500012G02Rik,metaxin 2,protein-coding
3132,chrX,141567476,141568464,+,0,NA,"intron (NM_007736, intron 5 of 51)",L1Md_T|LINE|L1,92551,NM_007736,12830,,NM_007736,ENSMUSG00000031274,Col4a5,-,"collagen, type IV, alpha 5",protein-coding
19,JH584304.1,93886,94300,+,0,NA,NA,NA,NA,NA,,,,,,,,
843,chr14,19418573,19419296,+,0,NA,Intergenic,GSAT_MM|Satellite|Satellite,85961,NR_164364,100042024,,NM_001374231,ENSMUSG00000094590,Gm3629,-,predicted gene 3629,protein-coding
977,chr15,39006220,39006929,+,0,NA,"intron (NM_008056, intron 1 of 6)",CpG,241,NM_008056,14368,,NM_008056,ENSMUSG00000022297,Fzd6,Fz6|rst,frizzled class receptor 6,protein-coding
2731,chr8,72319545,72320031,+,0,NA,"exon (NM_008452, exon 2 of 3)","exon (NM_008452, exon 2 of 3)",726,NM_008452,16598,,NM_008452,ENSMUSG00000055148,Klf2,Lklf,Kruppel-like transcription factor 2 (lung),protein-coding
1244,chr17,36942859,36943456,+,0,NA,"exon (NM_001099632, exon 1 of 4)","exon (NM_001099632, exon 1 of 4)",106,NM_001099632,386454,,NM_001099632,ENSMUSG00000036492,Rnf39,Gm1786|Gm1787|Gm320|LIRF,ring finger protein 39,protein-coding
1460,chr19,44835686,44837376,+,0,NA,promoter-TSS (NR_045315),promoter-TSS (NR_045315),-593,NR_045315,73322,,NR_045315,ENSMUSG00000092369,1700039E22Rik,-,RIKEN cDNA 1700039E22 gene,ncRNA
1493,chr2,17130550,17130818,+,0,NA,Intergenic,L1Md_T|LINE|L1,-116958,NR_040632,75069,,NR_040632,,4930515L03Rik,-,RIKEN cDNA 4930515L03 gene,ncRNA
411,chr11,72607492,72608081,+,0,NA,"intron (NM_025985, intron 1 of 5)",CpG,525,NM_025985,67128,,NM_025985,ENSMUSG00000020794,Ube2g1,2700059C12Rik|D130023C12Rik,ubiquitin-conjugating enzyme E2G 1,protein-coding
752,chr13,54749827,54750226,+,0,NA,promoter-TSS (NM_001316710),promoter-TSS (NM_001316710),-152,NM_012014,26913,,NM_012014,ENSMUSG00000069227,Gprin1,GRIN1|Z16,G protein-regulated inducer of neurite outgrowth 1,protein-coding
691,chr12,113140262,113141032,+,0,NA,promoter-TSS (NM_001347443),promoter-TSS (NM_001347443),42,NM_001347443,68337,,NM_024223,ENSMUSG00000006356,Crip2,0610010I23Rik|CRP2|CRP4|Crp|ESP1|Hlp,cysteine rich protein 2,protein-coding
1600,chr2,90889073,90890400,+,0,NA,"exon (NM_026161, exon 2 of 2)","exon (NM_026161, exon 2 of 2)",3950,NM_026161,67445,,NM_026161,ENSMUSG00000040794,C1qtnf4,0710001E10Rik|9430004J15Rik|Adin|CTRP4,C1q and tumor necrosis factor related protein 4,protein-coding
1838,chr3,101924121,101924641,+,0,NA,promoter-TSS (NM_001039371),promoter-TSS (NM_001039371),72,NM_001039371,242126,,NM_177729,ENSMUSG00000033147,Slc22a15,2610034P21Rik|4930477M19|A530052I06Rik,"solute carrier family 22 (organic anion/cation transporter), member 15",protein-coding
2142,chr5,23434439,23435033,+,0,NA,promoter-TSS (NR_040469),promoter-TSS (NR_040469),272,NM_026984,69188,,NM_026984,ENSMUSG00000029004,Kmt2e,1810033J14Rik|9530077A04Rik|D230038D11Rik|Mll5|NKp44L,lysine (K)-specific methyltransferase 2E,protein-coding
1649,chr2,130576390,130577026,+,0,NA,"exon (NM_011025, exon 2 of 3)","exon (NM_011025, exon 2 of 3)",539,NM_011025,18429,,NM_011025,ENSMUSG00000027301,Oxt,OT|Oxy,oxytocin,protein-coding
1375,chr18,65935087,65935632,+,0,NA,"exon (NM_013833, exon 3 of 3)","exon (NM_013833, exon 3 of 3)",3730,NM_013833,19434,,NM_013833,ENSMUSG00000024518,Rax,7530406A22Rik|E130303K03Rik|Rx|ey-1|ey1,retina and anterior neural fold homeobox,protein-coding
748,chr13,54303131,54303643,+,0,NA,"intron (NR_155492, intron 1 of 2)",CpG,831,NR_155492,12890,,NM_009946,ENSMUSG00000025867,Cplx2,921-L|Gm34843,complexin 2,protein-coding
515,chr11,103987269,103987759,+,0,NA,Intergenic,Intergenic,20643,NM_007477,11841,,NM_007477,ENSMUSG00000062421,Arf2,-,ADP-ribosylation factor 2,protein-coding
1446,chr19,36056770,36057425,+,0,NA,"exon (NM_008315, exon 1 of 3)","exon (NM_008315, exon 1 of 3)",263,NM_001347442,15566,,NM_008315,ENSMUSG00000024798,Htr7,5-HT-X|5-HT7,5-hydroxytryptamine (serotonin) receptor 7,protein-coding
2917,chr9,43116131,43116438,+,0,NA,"intron (NM_001034863, intron 1 of 2)",CpG,286,NR_153341,235300,,NM_001034863,ENSMUSG00000048503,Tlcd5,Gm184|Tmem136,TLC domain containing 5,protein-coding
2575,chr7,81828832,81829986,+,0,NA,promoter-TSS (NM_146193),promoter-TSS (NM_146193),22,NM_146193,83962,,NM_146193,ENSMUSG00000025103,Btbd1,1190005H08Rik,BTB domain containing 1,protein-coding
1125,chr16,49699294,49699657,+,0,NA,"exon (NM_028680, exon 1 of 11)","exon (NM_028680, exon 1 of 11)",181,NM_028680,73916,,NM_028680,ENSMUSG00000032965,Ift57,4833420A15Rik|Esrrbl1|Hippi|MHS4R2,intraflagellar transport 57,protein-coding
1404,chr19,5088280,5089105,+,0,NA,"5' UTR (NM_026553, exon 1 of 8)","5' UTR (NM_026553, exon 1 of 8)",154,NM_026553,68090,,NM_026553,ENSMUSG00000024875,Yif1a,5330422J23Rik|54TM|Yif1|Yif1p,Yip1 interacting factor homolog A (S. cerevisiae),protein-coding
1469,chr19,47014834,47015177,+,0,NA,"exon (NM_146100, exon 1 of 3)","exon (NM_146100, exon 1 of 3)",169,NR_165059,76952,,NM_029810,ENSMUSG00000025041,Nt5c2,2010002I23Rik|CnII|Gm9751|Gmp|Nt5b|Pnt5|cN-II,"5'-nucleotidase, cytosolic II",protein-coding
1447,chr19,37018243,37018703,+,0,NA,Intergenic,CpG,92394,NM_001080706,107182,,NM_001080706,ENSMUSG00000040565,Btaf1,E430027O22Rik|TAF170,B-TFIID TATA-box binding protein associated factor 1,protein-coding
2146,chr5,24729931,24730817,+,0,NA,"5' UTR (NM_001081441, exon 1 of 6)","5' UTR (NM_001081441, exon 1 of 6)",306,NM_001081441,269633,,NM_026621,ENSMUSG00000055235,Wdr86,2810046M22Rik,WD repeat domain 86,protein-coding
1567,chr2,67565893,67566221,+,0,NA,"intron (NM_001379329, intron 1 of 5)",CpG,368,NM_001379326,26877,,NM_020283,ENSMUSG00000034780,B3galt1,beta3Gal-T1,"UDP-Gal:betaGlcNAc beta 1,3-galactosyltransferase, polypeptide 1",protein-coding
1093,chr16,17233701,17234092,+,0,NA,"intron (NM_178922, intron 1 of 2)",CpG,309,NM_178922,58180,,NM_178922,ENSMUSG00000050240,Hic2,HRG22|mKIAA1020,hypermethylated in cancer 2,protein-coding
938,chr14,85298737,85299227,+,0,NA,Intergenic,RLTR41|LTR|ERV1,-822558,NR_015539,319903,,NR_015539,ENSMUSG00000115529,9630013A20Rik,lncOL1,RIKEN cDNA 9630013A20 gene,ncRNA
2775,chr8,105496767,105497072,+,0,NA,"non-coding (NR_166409, exon 1 of 12)","non-coding (NR_166409, exon 1 of 12)",143,NM_001379006,70796,,NM_175160,ENSMUSG00000039199,Zdhhc1,4432412D04Rik|DHHC-1,"zinc finger, DHHC domain containing 1",protein-coding
2431,chr6,128143108,128143429,+,0,NA,"intron (NM_001379133, intron 1 of 9)","intron (NM_001379133, intron 1 of 9)",310,NM_175414,109246,,NM_175414,ENSMUSG00000030352,Tspan9,6720474K14Rik|9430079M16Rik|Tspan-9,tetraspanin 9,protein-coding
1039,chr15,90679021,90679986,+,0,NA,promoter-TSS (NM_001357979),promoter-TSS (NM_001357979),-115,NM_001357979,66871,,NM_025815,ENSMUSG00000052560,Cpne8,1200003E11Rik|1500031E20Rik,copine VIII,protein-coding
2383,chr6,94283478,94284269,+,0,NA,promoter-TSS (NM_010367),promoter-TSS (NM_010367),44,NM_001286785,14924,,NM_010367,ENSMUSG00000045095,Magi1,AIP3|BAP1|Baiap1|Gukmi1|MAGI1c|Magi-1|TNRC19|WWP3|mKIAA4129,"membrane associated guanylate kinase, WW and PDZ domain containing 1",protein-coding
2053,chr4,129491058,129492020,+,0,NA,promoter-TSS (NM_080442),promoter-TSS (NM_080442),349,NM_001085491,68233,,NM_001085491,ENSMUSG00000078554,Fam229a,1700125D06Rik,"family with sequence similarity 229, member A",protein-coding
2400,chr6,113482313,113483356,+,0,NA,promoter-TSS (NM_133930),promoter-TSS (NM_133930),-522,NR_145485,171508,,NM_133930,ENSMUSG00000030284,Creld1,i11E7,cysteine-rich with EGF-like domains 1,protein-coding
2068,chr4,133518819,133519870,+,0,NA,"exon (NM_001378703, exon 1 of 3)","exon (NM_001378703, exon 1 of 3)",381,NM_001083916,69073,,NM_133707,ENSMUSG00000037600,Kdf1,1810019J16Rik,keratinocyte differentiation factor 1,protein-coding
979,chr15,39943198,39943701,+,0,NA,"intron (NM_172814, intron 1 of 6)",CpG,545,NM_172814,239393,,NM_172814,ENSMUSG00000022305,Lrp12,C820005L12Rik|LRP-12,low density lipoprotein-related protein 12,protein-coding
258,chr10,81704736,81705090,+,0,NA,promoter-TSS (NM_001243067).2,promoter-TSS (NM_001243067).2,88,NM_001243067,73610,,NM_001243067,ENSMUSG00000096795,Zfp433,1700123A16Rik,zinc finger protein 433,protein-coding
2675,chr8,19784738,19785063,+,0,NA,"intron (NM_001270553, intron 6 of 9).2",CpG,55324,NM_001270553,100861668,,NM_001270553,ENSMUSG00000095294,Potefam3b,Gm21119|Pote3b,POTE ankyrin domain family member 3B,protein-coding
898,chr14,55745588,55746247,+,0,NA,promoter-TSS (NM_026819),promoter-TSS (NM_026819),224,NM_026403,67842,,NM_026403,ENSMUSG00000019297,Nop9,2610027L16Rik,NOP9 nucleolar protein,protein-coding
1836,chr3,96458108,96458680,+,0,NA,Intergenic,CpG,-6088,NM_001256180,329716,,NM_183223,ENSMUSG00000046317,BC107364,D730018G16,cDNA sequence BC107364,protein-coding
2327,chr6,43265193,43265621,+,0,NA,promoter-TSS (NM_133674),promoter-TSS (NM_133674),-237,NM_133674,54324,,NM_133674,ENSMUSG00000033542,Arhgef5,2210412D05Rik|Tim1,Rho guanine nucleotide exchange factor 5,protein-coding
2021,chr4,117867685,117868115,+,0,NA,"exon (NM_001369016, exon 13 of 14)","exon (NM_001369016, exon 13 of 14)",4570,NM_001034876,381546,,NM_001034876,ENSMUSG00000078588,Ccdc24,Gm1028,coiled-coil domain containing 24,protein-coding
1985,chr4,91371698,91372663,+,0,NA,promoter-TSS (NM_010486),promoter-TSS (NM_010486),-111,NM_001357189,15569,,NM_010486,ENSMUSG00000008489,Elavl2,Hub|mel-N1,ELAV like RNA binding protein 1,protein-coding
2399,chr6,113469310,113470129,+,0,NA,"exon (NM_001034029, exon 14 of 14)","exon (NM_001034029, exon 14 of 14)",-1736,NM_178942,171095,,NM_134159,ENSMUSG00000030281,Il17rc,1110025H02Rik|Gm19850|IL-17RC|IL17-RC|IL17-RL|Il17rl,interleukin 17 receptor C,protein-coding
617,chr12,70825543,70826004,+,0,NA,"intron (NM_028127, intron 1 of 13)",CpG,259,NM_028127,319710,,NM_028127,ENSMUSG00000048285,Frmd6,2610019M19Rik|4930488L10Rik|Willin,FERM domain containing 6,protein-coding
1884,chr3,133544223,133544434,+,0,NA,promoter-TSS (NM_001040400),promoter-TSS (NM_001040400),62,NM_001346736,214133,,NM_145989,ENSMUSG00000040943,Tet2,Ayu17-449|E130014J05Rik|mKIAA1546,tet methylcytosine dioxygenase 2,protein-coding
2013,chr4,114907451,114909048,+,0,NA,"exon (NM_008593, exon 1 of 1)","exon (NM_008593, exon 1 of 1)",649,NM_008593,17301,,NM_008593,ENSMUSG00000055210,Foxd2,Mf2,forkhead box D2,protein-coding
1888,chr3,139075484,139075992,+,0,NA,promoter-TSS (NM_001040690),promoter-TSS (NM_001040690),-537,NM_001356388,229877,,NM_145544,ENSMUSG00000028149,Rap1gds1,GDS1,"RAP1, GTP-GDP dissociation stimulator 1",protein-coding
2395,chr6,109591780,109592359,+,0,NA,Intergenic,L1Md_T|LINE|L1,763428,NM_138677,192193,,NM_138677,ENSMUSG00000030104,Edem1,A130059K23Rik|EDEM|mKIAA0212,"ER degradation enhancer, mannosidase alpha-like 1",protein-coding
842,chr14,19416951,19418284,+,0,NA,Intergenic,GSAT_MM|Satellite|Satellite,87278,NR_164364,100042024,,NM_001374231,ENSMUSG00000094590,Gm3629,-,predicted gene 3629,protein-coding
327,chr11,21370460,21371227,+,0,NA,promoter-TSS (NM_139297),promoter-TSS (NM_139297),-214,NM_139297,216558,,NM_139297,ENSMUSG00000001891,Ugp2,UDPGP|UGPase,UDP-glucose pyrophosphorylase 2,protein-coding
1788,chr3,64172023,64172478,+,0,NA,Intergenic,(CAGAG)n|Simple_repeat|Simple_repeat,-31707,NM_001385025,100125586,,NM_001104592,ENSMUSG00000043897,Vmn2r2,-,"vomeronasal 2, receptor 2",protein-coding
2758,chr8,90347707,90348156,+,0,NA,"exon (NM_172913, exon 1 of 7)","exon (NM_172913, exon 1 of 7)",321,NM_172913,244579,,NM_172913,ENSMUSG00000043668,Tox3,500-9|C230068E13|CAGF9|Tnrc9,TOX high mobility group box family member 3,protein-coding
1636,chr2,120970382,120971019,+,0,NA,promoter-TSS (NM_009461),promoter-TSS (NM_009461),15,NM_009461,22222,,NM_009461,ENSMUSG00000027272,Ubr1,-,ubiquitin protein ligase E3 component n-recognin 1,protein-coding
2438,chr6,142756709,142757066,+,0,NA,"exon (NM_009908, exon 1 of 8)","exon (NM_009908, exon 1 of 8)",201,NM_009908,12764,,NM_009908,ENSMUSG00000030282,Cmas,CMPNeu5Ac|D6Bwg0250e,cytidine monophospho-N-acetylneuraminic acid synthetase,protein-coding
1916,chr4,11388211,11388646,+,0,NA,Intergenic,CpG,-1645,NM_001290383,207920,,NM_194055,ENSMUSG00000040728,Esrp1,2210008M09Rik|A630065D16|Rbm35a,epithelial splicing regulatory protein 1,protein-coding
3145,chrX,170000300,170000741,+,0,NA,Intergenic,Intergenic,-21603,NR_029457,654820,,NM_001039559,ENSMUSG00000072844,G530011O06Rik,-,RIKEN cDNA G530011O06 gene,ncRNA
607,chr12,57575976,57576619,+,0,NA,"exon (NM_001312644, exon 2 of 32)","exon (NM_001312644, exon 2 of 32)",12182,NM_001312644,70846,,NM_001037743,ENSMUSG00000046782,Ttc6,4921506M07Rik|EG639426|Gm69|Gm9813,tetratricopeptide repeat domain 6,protein-coding
55,chr1,37998118,37998672,+,0,NA,"intron (NM_198303, intron 1 of 23)",CpG,385,NM_198303,226982,,NM_198303,ENSMUSG00000026083,Eif5b,A030003E17Rik|IF2,eukaryotic translation initiation factor 5B,protein-coding
1890,chr3,142765055,142765539,+,0,NA,promoter-TSS (NM_145546),promoter-TSS (NM_145546),50,NM_145546,229906,,NM_145546,ENSMUSG00000028271,Gtf2b,-,general transcription factor IIB,protein-coding
3113,chrX,101695975,101698056,+,0,NA,"intron (NM_001382234, intron 1 of 4)",CpG,1179,NM_001382234,115489118,,NM_001382234,,Gcna,Gcna1|Gm52429,"predicted gene, 52429",protein-coding
1180,chr17,15577071,15577643,+,0,NA,Intergenic,Intergenic,-13003,NM_001361436,213389,,NM_144809,ENSMUSG00000051977,Prdm9,Dsbc1|G1-419-29|Meisetz|PRDM9-B|Rcr1|repro7,PR domain containing 9,protein-coding
553,chr11,120672583,120673127,+,0,NA,promoter-TSS (NM_026877),promoter-TSS (NM_026877),-118,NM_001363055,68938,,NM_026877,ENSMUSG00000025142,Aspscr1,1190006K01Rik|ASPC|ASPCR1|ASPL|ASPS|RCC17|TUG,"ASPSCR1 tether for SLC2A4, UBX domain containing",protein-coding
1023,chr15,82223707,82223997,+,0,NA,"exon (NM_001357758, exon 2 of 3)","exon (NM_001357758, exon 2 of 3)",528,NM_001357758,72049,,NM_028075,ENSMUSG00000068105,Tnfrsf13c,2010006P15Rik|BAFF-R|Baffr|Bcmd|Bcmd-1|Bcmd1|Lvis22,"tumor necrosis factor receptor superfamily, member 13c",protein-coding
1901,chr3,146684929,146685347,+,0,NA,"intron (NM_001368726, intron 1 of 3)",CpG,347,NM_001368726,75015,,NM_029144,ENSMUSG00000048652,Samd13,1700013A07Rik|1700095G21Rik|4930483N21Rik|Gm1652,sterile alpha motif domain containing 13,protein-coding
702,chr13,12650127,12650771,+,0,NA,promoter-TSS (NR_003568),promoter-TSS (NR_003568),-54,NR_003568,664862,,NR_003568,,Gpr137b-ps,2310041G17Rik,"G protein-coupled receptor 137B, pseudogene",pseudo
2546,chr7,57509269,57509993,+,0,NA,"intron (NM_001362162, intron 1 of 10)",CpG,378,NM_176942,110886,,NM_176942,ENSMUSG00000055078,Gabra5,A230018I05Rik,gamma-aminobutyric acid type A receptor subunit alpha 5,protein-coding
1063,chr15,100636287,100637107,+,0,NA,"non-coding (NR_104338, exon 1 of 4)","non-coding (NR_104338, exon 1 of 4)",243,NR_104337,207818,,NM_174992,ENSMUSG00000053559,Smagp,-,small cell adhesion glycoprotein,protein-coding
575,chr12,22030454,22030868,+,0,NA,Intergenic,CpG,125985,NR_136920,100043416,,NM_001004167,ENSMUSG00000093846,Gm4425,EG432637|Gm5433,KRAB-domain protein pseudogene,pseudo
503,chr11,102407616,102408063,+,0,NA,promoter-TSS (NM_026542),promoter-TSS (NM_026542),-322,NM_026542,68066,,NM_026542,ENSMUSG00000018677,Slc25a39,3010027G13Rik|D11Ertd333e,"solute carrier family 25, member 39",protein-coding
363,chr11,58103379,58104873,+,0,NA,promoter-TSS (NM_001363086),promoter-TSS (NM_001363086),-103,NM_001356477,69125,,NM_026949,ENSMUSG00000020515,Cnot8,1500015I04Rik|1810022F04Rik,"CCR4-NOT transcription complex, subunit 8",protein-coding
1051,chr15,99055435,99056467,+,0,NA,"intron (NM_013639, intron 1 of 7)","intron (NM_013639, intron 1 of 7)",777,NM_013639,19132,,NM_013639,ENSMUSG00000023484,Prph,Prph1,peripherin,protein-coding
579,chr12,24680621,24680968,+,0,NA,"exon (NM_138686, exon 1 of 5)","exon (NM_138686, exon 1 of 5)",1001,NM_001004455,12879,,NM_138686,ENSMUSG00000062563,Cys1,2900006B19Rik|Ccap|ck|cpk,cystin 1,protein-coding
1978,chr4,88790929,88791400,+,0,NA,promoter-TSS (NM_001243166),promoter-TSS (NM_001243166),-226,NM_001243166,545653,,NM_001243166,ENSMUSG00000099420,Gm13279,-,predicted gene 13279,protein-coding
1704,chr2,164167982,164168746,+,0,NA,"exon (NM_008435, exon 3 of 4)","exon (NM_008435, exon 3 of 4)",2749,NM_008435,16538,,NM_008435,ENSMUSG00000040164,Kcns1,Kv9.1,"K+ voltage-gated channel, subfamily S, 1",protein-coding
249,chr10,80386237,80387296,+,0,NA,"exon (NM_198615, exon 1 of 2)","exon (NM_198615, exon 1 of 2)",885,NM_198615,237400,,NM_198615,ENSMUSG00000048696,Mex3d,Rkhd1,mex3 RNA binding family member D,protein-coding
2153,chr5,30114757,30115052,+,0,NA,"exon (NM_001167879, exon 4 of 6)","exon (NM_001167879, exon 4 of 6)",-8818,NM_001256263,433868,,NM_001256263,ENSMUSG00000086815,3110082J24Rik,-,RIKEN cDNA 3110082J24 gene,ncRNA
2259,chr5,132125116,132125128,+,0,NA,"intron (NM_001363480, intron 2 of 19)",L1Md_T|LINE|L1,244853,NR_040704,75369,,NR_040704,ENSMUSG00000105773,4930563F08Rik,-,RIKEN cDNA 4930563F08 gene,ncRNA
1221,chr17,33908948,33909584,+,0,NA,promoter-TSS (NM_001199733),promoter-TSS (NM_001199733),-88,NR_045146,407803,,NR_045146,ENSMUSG00000092564,BC051226,-,cDNA sequence BC051226,ncRNA
921,chr14,70176572,70176923,+,0,NA,promoter-TSS (NM_001253736),promoter-TSS (NM_001253736),68,NM_001253736,213019,,NM_145978,ENSMUSG00000022090,Pdlim2,4732462F18Rik|Slim,PDZ and LIM domain 2,protein-coding
2746,chr8,84616937,84617413,+,0,NA,"intron (NM_001252059, intron 36 of 45)",CpG,45677,NM_010499,15936,,NM_010499,ENSMUSG00000053560,Ier2,Ch1|Pip92,immediate early response 2,protein-coding
746,chr13,52929267,52929639,+,0,NA,"intron (NM_016709, intron 1 of 9)",CpG,224,NM_016709,11992,,NM_016709,ENSMUSG00000021460,Auh,-,AU RNA binding protein/enoyl-coenzyme A hydratase,protein-coding
1118,chr16,36875146,36875720,+,0,NA,promoter-TSS (NM_134111),promoter-TSS (NM_134111),-607,NM_134111,106389,,NM_134111,ENSMUSG00000022838,Eaf2,FESTA-L|FESTA-S|Festa|Traits|U19,ELL associated factor 2,protein-coding
156,chr1,163929668,163930475,+,0,NA,"5' UTR (NM_001357426, exon 1 of 14)","5' UTR (NM_001357426, exon 1 of 14)",306,NM_028776,240880,,NM_028776,ENSMUSG00000026584,Scyl3,1200016D23Rik|6030457O16|Pace1,SCY1-like 3 (S. cerevisiae),protein-coding
2231,chr5,113335331,113335606,+,0,NA,Intergenic,Intergenic,2177,NR_106089,102466821,,NR_106089,ENSMUSG00000104840,Mir7230,mmu-mir-7230,microRNA 7230,ncRNA
2754,chr8,85493247,85493490,+,0,NA,"intron (NM_173866, intron 2 of 11)","intron (NM_173866, intron 2 of 11)",792,NM_173866,108682,,NM_173866,ENSMUSG00000031700,Gpt2,4631422C05Rik|ALT2,glutamic pyruvate transaminase (alanine aminotransferase) 2,protein-coding
2987,chr9,79792966,79793328,+,0,NA,promoter-TSS (NR_040734),promoter-TSS (NR_040734),283,NM_133718,69981,,NM_133718,ENSMUSG00000032328,Tmem30a,2010200I23Rik|Cdc50a|D9Wsu20e,transmembrane protein 30A,protein-coding
2580,chr7,84151104,84151666,+,0,NA,promoter-TSS (NR_169135),promoter-TSS (NR_169135),508,NM_133722,70178,,NM_133722,ENSMUSG00000038459,Abhd17c,2210412D01Rik|Fam108c|Fam108c1,abhydrolase domain containing 17C,protein-coding
2655,chr7,142967860,142968975,+,0,NA,"exon (NM_008554, exon 2 of 3)","exon (NM_008554, exon 2 of 3)",847,NM_008554,17173,,NM_008554,ENSMUSG00000009248,Ascl2,2410083I15Rik|Mash2|bHLHa45,achaete-scute family bHLH transcription factor 2,protein-coding
2189,chr5,69531811,69532292,+,0,NA,"intron (NM_023784, intron 2 of 5)",L1Md_T|LINE|L1,10596,NM_023784,75581,,NM_023784,ENSMUSG00000029158,Yipf7,2310016N21Rik|Yip1b,"Yip1 domain family, member 7",protein-coding
3107,chrX,99820875,99821339,+,0,NA,"exon (NM_001081283, exon 1 of 3)","exon (NM_001081283, exon 1 of 3)",943,NM_001081283,620592,,NM_001081283,ENSMUSG00000071719,Nalf2,EG620592|Fam155b|Tmem28|Tnen28,NALCN channel auxiliary factor 2,protein-coding
1215,chr17,31637260,31637750,+,0,NA,promoter-TSS (NM_001271353),promoter-TSS (NM_001271353),-300,NM_144855,12411,,NM_144855,ENSMUSG00000024039,Cbs,HIP4,cystathionine beta-synthase,protein-coding
211,chr10,34206972,34207285,+,0,NA,"5' UTR (NM_172508, exon 1 of 6)","5' UTR (NM_172508, exon 1 of 6)",107,NM_172508,212898,,NM_172508,ENSMUSG00000039497,Dse,6030499O08|B130024B19Rik|DS-epi1|Sart2,dermatan sulfate epimerase,protein-coding
636,chr12,84009654,84009915,+,0,NA,"exon (NM_012006, exon 1 of 3)","exon (NM_012006, exon 1 of 3)",282,NM_012006,26897,,NM_012006,ENSMUSG00000072949,Acot1,ACH2|CTE-1|CTE-I|Cte1|D12Ucla1,acyl-CoA thioesterase 1,protein-coding
2913,chr9,40269000,40269604,+,0,NA,promoter-TSS (NM_001359700),promoter-TSS (NM_001359700),86,NM_178227,235281,,NM_153522,ENSMUSG00000049281,Scn3b,1110001K16Rik|4833414B02Rik|Scnb3,"sodium channel, voltage-gated, type III, beta",protein-coding
1288,chr17,84185627,84187254,+,0,NA,"exon (NM_001001806, exon 2 of 2)","exon (NM_001001806, exon 2 of 2)",1507,NM_001001806,12193,,NM_007565,ENSMUSG00000045817,Zfp36l2,Brf2|ERF2|Tis11d,"zinc finger protein 36, C3H type-like 2",protein-coding
1536,chr2,32757430,32757754,+,0,NA,"intron (NM_001290563, intron 14 of 14)","intron (NM_001290563, intron 14 of 14)",358,NM_001369224,30933,,NM_152800,ENSMUSG00000009563,Tor2a,Prosalusin,"torsin family 2, member A",protein-coding
2059,chr4,132048382,132048856,+,0,NA,"intron (NM_183428, intron 1 of 20)",CpG,459,NM_001128606,269587,,NM_183428,ENSMUSG00000028906,Epb41,4.1R|D4Ertd442e|Elp-1|Elp1|Epb4.1|mKIAA4056,erythrocyte membrane protein band 4.1,protein-coding
507,chr11,102665115,102666645,+,0,NA,"intron (NM_001127576, intron 1 of 7)",CpG,295,NM_001127576,268491,,NM_001127576,ENSMUSG00000051455,Meioc,Gm1564|Gm663,meiosis specific with coiled-coil domain,protein-coding
673,chr12,109053091,109053463,+,0,NA,promoter-TSS (NM_001374203),promoter-TSS (NM_001374203),39,NM_001374201,380785,,NM_001163175,ENSMUSG00000040867,Begain,Gm897,brain-enriched guanylate kinase-associated,protein-coding
502,chr11,102296887,102297400,+,0,NA,promoter-TSS (NM_001098837),promoter-TSS (NM_001098837),-514,NM_001098837,217218,,NM_001098836,ENSMUSG00000059995,Atxn7l3,E030022H21Rik,ataxin 7-like 3,protein-coding
1091,chr16,16303031,16303509,+,0,NA,"non-coding (NR_038046, exon 1 of 5)","non-coding (NR_038046, exon 1 of 5)",305,NR_038046,70120,,NM_198246,ENSMUSG00000022792,Yars2,2210023C10Rik|tyrRS,tyrosyl-tRNA synthetase 2 (mitochondrial),protein-coding
2213,chr5,97111263,97111626,+,0,NA,"5' UTR (NM_001359910, exon 1 of 7)","5' UTR (NM_001359910, exon 1 of 7)",152,NM_001359910,231474,,NM_198422,ENSMUSG00000055725,Paqr3,6330415A20Rik|RKTG,progestin and adipoQ receptor family member III,protein-coding
2689,chr8,29219171,29219646,+,0,NA,"5' UTR (NM_001347498, exon 1 of 15)","5' UTR (NM_001347498, exon 1 of 15)",228,NM_153135,210801,,NM_153135,ENSMUSG00000063626,Unc5d,D930029E11Rik|Unc5h4|mKIAA1777,unc-5 netrin receptor D,protein-coding
1307,chr18,7609133,7609643,+,0,NA,"intron (NM_001081287, intron 1 of 16)",SUBTEL_sa|Satellite|Satellite,-1234,NM_001360860,75739,,NM_001081287,ENSMUSG00000057440,Mpp7,1110068J02Rik|2810038M04Rik|5430426E14Rik|Gm955,"membrane protein, palmitoylated 7 (MAGUK p55 subfamily member 7)",protein-coding
180,chr1,180483386,180483616,+,0,NA,promoter-TSS (NM_001081227),promoter-TSS (NM_001081227),3,NM_001081227,381310,,NM_001081227,ENSMUSG00000053963,Stum,6330403A02Rik|Gm10001,mechanosensory transduction mediator,protein-coding
2458,chr7,10471572,10472294,+,0,NA,Intergenic,L1Md_T|LINE|L1,23448,NM_009577,22775,,NM_009577,ENSMUSG00000030393,Zik1,-,zinc finger protein interacting with K protein 1,protein-coding
1813,chr3,89321744,89322243,+,0,NA,promoter-TSS (NM_001377121),promoter-TSS (NM_001377121),-225,NM_001377121,13638,,NM_010108,ENSMUSG00000028039,Efna3,EFL-2|Ehk1-L|Epl3|LERK-3,ephrin A3,protein-coding
2139,chr5,21786569,21787374,+,0,NA,"intron (NM_001368661, intron 1 of 11)",CpG,224,NM_001368661,19181,,NM_011188,ENSMUSG00000028932,Psmc2,-,"proteasome (prosome, macropain) 26S subunit, ATPase 2",protein-coding
2709,chr8,64947116,64947655,+,0,NA,"intron (NM_028427, intron 1 of 5)",CpG,200,NM_001163747,73067,,NM_028427,ENSMUSG00000025521,Tmem192,3110005G23Rik,transmembrane protein 192,protein-coding
863,chr14,32513487,32513929,+,0,NA,"intron (NM_001081221, intron 1 of 20)",CpG,187,NM_001081221,319955,,NM_001081221,ENSMUSG00000054051,Ercc6,4732403I04|C130058G22Rik|CSB,"excision repair cross-complementing rodent repair deficiency, complementation group 6",protein-coding
229,chr10,50426663,50426988,+,0,NA,Intergenic,RLTR4_MM-int|LTR|ERV1,-165844,NM_198007,77987,,NM_198007,ENSMUSG00000038774,Ascc3,ASC1p200|B630009I04Rik|D430001L07Rik|D630041L21|Helic1|RNAH,activating signal cointegrator 1 complex subunit 3,protein-coding
1400,chr19,4214643,4214968,+,0,NA,"intron (NM_001310039, intron 1 of 2)",CpG,380,NR_132309,105948585,,NR_132308,,Gm45928,Clcf1-pold4,"predicted gene, 45928",ncRNA
2932,chr9,50856984,50857431,+,0,NA,"intron (NM_001034085, intron 1 of 16)",CpG,283,NM_001286553,73699,,NM_028614,ENSMUSG00000032058,Ppp2r1b,2410091N08Rik,"protein phosphatase 2, regulatory subunit A, beta",protein-coding
1334,chr18,35652626,35655515,+,0,NA,"exon (NM_001270646, exon 1 of 1)","exon (NM_001270646, exon 1 of 1)",1151,NM_001270646,381148,,NM_001270646,ENSMUSG00000073600,Prob1,Gm1614,proline rich basic protein 1,protein-coding
2500,chr7,28466582,28467469,+,0,NA,"exon (NM_001141921, exon 5 of 5)","exon (NM_001141921, exon 5 of 5)",14787,NM_001141921,80749,,NM_030562,ENSMUSG00000030600,Lrfn1,SALM2|Semo1,leucine rich repeat and fibronectin type III domain containing 1,protein-coding
2785,chr8,110079632,110080234,+,0,NA,"5' UTR (NM_175480, exon 1 of 5)","5' UTR (NM_175480, exon 1 of 5)",199,NM_175480,234725,,NM_175480,ENSMUSG00000044676,Zfp612,B230354B21Rik,zinc finger protein 612,protein-coding
1317,chr18,15061913,15062170,+,0,NA,"exon (NM_001142731, exon 1 of 5)","exon (NM_001142731, exon 1 of 5)",1541,NM_001142731,106931,,NM_134112,ENSMUSG00000036225,Kctd1,4933402K10Rik,potassium channel tetramerisation domain containing 1,protein-coding
2430,chr6,127453561,127453925,+,0,NA,"5' UTR (NM_001362187, exon 1 of 8)","5' UTR (NM_001362187, exon 1 of 8)",116,NM_001362187,101187,,NM_181402,ENSMUSG00000037997,Parp11,5330431N24Rik|ARTD11|HIN1L|PARP-11,"poly (ADP-ribose) polymerase family, member 11",protein-coding
1339,chr18,36515275,36515803,+,0,NA,"5' UTR (NM_010415, exon 1 of 6)","5' UTR (NM_010415, exon 1 of 6)",266,NM_010415,15200,,NM_010415,ENSMUSG00000024486,Hbegf,Dtr|Dts|Hegfl,heparin-binding EGF-like growth factor,protein-coding
929,chr14,76413866,76414410,+,0,NA,promoter-TSS (NM_001310646),promoter-TSS (NM_001310646),-823,NM_001310646,21807,,NM_009366,ENSMUSG00000022010,Tsc22d1,Egr5|Gm19597|TSC-22|Tgfb1i4|Tsc|Tsc22,"TSC22 domain family, member 1",protein-coding
1164,chr17,3006819,3007331,+,0,NA,Intergenic,Intergenic,77108,NR_003519,328734,,NR_003519,,Pisd-ps2,D030013I16Rik,"phosphatidylserine decarboxylase, pseudogene 2",pseudo
3076,chrX,20059680,20060751,+,0,NA,"exon (NM_021715, exon 1 of 2)","exon (NM_021715, exon 1 of 2)",645,NM_021715,60322,,NM_021715,ENSMUSG00000037347,Chst7,2600013M07Rik|C6ST-2|GST5|Gn6st-4|glcNAc6ST-4,carbohydrate sulfotransferase 7,protein-coding
243,chr10,77622103,77622882,+,0,NA,"intron (NM_019803, intron 1 of 5)",CpG,171,NM_019803,22213,,NM_019803,ENSMUSG00000009293,Ube2g2,1110003O05Rik|D10Xrf369|UBC7|Ubc7p,ubiquitin-conjugating enzyme E2G 2,protein-coding
2820,chr8,123557323,123558089,+,0,NA,promoter-TSS (NR_046155),promoter-TSS (NR_046155),-98,NR_046140,100861488,,NR_046140,ENSMUSG00000119493,Gm26391,Rn5s17,"predicted gene, 26391",rRNA
41,chr1,17097192,17097964,+,0,NA,"exon (NM_020604, exon 1 of 5)","exon (NM_020604, exon 1 of 5)",311,NM_020604,57339,,NM_020604,ENSMUSG00000042686,Jph1,JP-1|Jp1,junctophilin 1,protein-coding
1785,chr3,61364555,61365509,+,0,NA,"5' UTR (NM_028712, exon 1 of 1)","5' UTR (NM_028712, exon 1 of 1)",525,NM_028712,74012,,NM_028712,ENSMUSG00000036894,Rap2b,4021402C18Rik,"RAP2B, member of RAS oncogene family",protein-coding
3044,chr9,119339694,119340174,+,0,NA,promoter-TSS (NM_010851),promoter-TSS (NM_010851),84,NM_010851,17874,,NM_010851,ENSMUSG00000032508,Myd88,-,myeloid differentiation primary response gene 88,protein-coding
2067,chr4,133479792,133480978,+,0,NA,"exon (NM_175307, exon 1 of 2)","exon (NM_175307, exon 1 of 2)",252,NM_175307,100342,,NM_175307,ENSMUSG00000046694,Tent5b,4732473B16Rik|Fam46b,terminal nucleotidyltransferase 5B,protein-coding
2971,chr9,67830812,67831754,+,0,NA,"exon (NM_001163143, exon 2 of 2)","exon (NM_001163143, exon 2 of 2)",1047,NM_001163143,244911,,NM_001163143,ENSMUSG00000047990,C2cd4a,EG244911|Fam148a,C2 calcium-dependent domain containing 4A,protein-coding
590,chr12,46818469,46818855,+,0,NA,"exon (NM_021361, exon 1 of 5)","exon (NM_021361, exon 1 of 5)",105,NM_001364635,664883,,NM_021361,ENSMUSG00000021047,Nova1,9430099M15Rik|G630039L02|Nova-1,NOVA alternative splicing regulator 1,protein-coding
2258,chr5,131306930,131307944,+,0,NA,promoter-TSS (NM_145218),promoter-TSS (NM_145218),85,NM_145218,212996,,NM_145218,ENSMUSG00000034040,Galnt17,E330012B09Rik|Galnt19|Gcap8|Wbscr17,polypeptide N-acetylgalactosaminyltransferase 17,protein-coding
386,chr11,69235847,69236874,+,0,NA,"exon (NM_008192, exon 2 of 19)","exon (NM_008192, exon 2 of 19)",662,NM_008192,14919,,NM_008192,ENSMUSG00000020890,Gucy2e,GC-E|GC1|ROS-GC1,guanylate cyclase 2e,protein-coding
2777,chr8,105854889,105855810,+,0,NA,"5' UTR (NM_021513, exon 1 of 1)","5' UTR (NM_021513, exon 1 of 1)",246,NM_021513,59016,,NM_021513,ENSMUSG00000036442,Thap11,2810036E22Rik|CTG-B43a|CTG-B45d|Ronin,THAP domain containing 11,protein-coding
321,chr11,12146093,12146393,+,0,NA,Intergenic,L1Md_A|LINE|L1,-108823,NM_001370603,14783,,NM_010345,ENSMUSG00000020176,Grb10,5730571D09Rik|Meg1|mKIAA0207,growth factor receptor bound protein 10,protein-coding
106,chr1,91458900,91459374,+,0,NA,"intron (NM_011066, intron 1 of 22)",CpG,191,NM_011066,18627,,NM_011066,ENSMUSG00000055866,Per2,mKIAA0347|mPer2,period circadian clock 2,protein-coding
1133,chr16,76373231,76373865,+,0,NA,promoter-TSS (NM_173440),promoter-TSS (NM_173440),279,NM_001358238,268903,,NM_173440,ENSMUSG00000048490,Nrip1,6030458L20Rik|8430438I05Rik|9630050P12|RIP140,nuclear receptor interacting protein 1,protein-coding
2370,chr6,85483907,85484862,+,0,NA,"exon (NM_001001160, exon 3 of 14)","exon (NM_001001160, exon 3 of 14)",18610,NM_001001160,330369,,NM_001001160,ENSMUSG00000047013,Fbxo41,9630017H13|D6Ertd538e,F-box protein 41,protein-coding
2870,chr9,3012250,3013534,+,0,NA,Intergenic,GSAT_MM|Satellite|Satellite,25851,NR_039546,100628572,,NR_039546,ENSMUSG00000106183,Mir101c,mir-101c|mmu-mir-101c,microRNA 101c,ncRNA
2497,chr7,28293989,28294863,+,0,NA,"exon (NM_007866, exon 7 of 9)","exon (NM_007866, exon 7 of 9)",-3240,NM_175033,280621,,NM_175033,ENSMUSG00000046750,Selenov,Selv,selenoprotein V,protein-coding
1998,chr4,106316486,106316842,+,0,NA,"exon (NM_183225, exon 1 of 68)","exon (NM_183225, exon 1 of 68)",451,NM_183225,329908,,NM_183225,ENSMUSG00000028514,Usp24,2700066K03Rik|2810030C21Rik|B130021E18,ubiquitin specific peptidase 24,protein-coding
1381,chr18,70529777,70530216,+,0,NA,"5' UTR (NM_001136090, exon 1 of 10)","5' UTR (NM_001136090, exon 1 of 10)",325,NM_001289516,26447,,NM_011972,ENSMUSG00000038425,Poli,Rad30b,"polymerase (DNA directed), iota",protein-coding
2804,chr8,122336257,122337413,+,0,NA,"exon (NM_009569, exon 10 of 10)","exon (NM_009569, exon 10 of 10)",25993,NM_133202,170732,,NM_133202,ENSMUSG00000039079,Trhr2,TRH-R2,thyrotropin releasing hormone receptor 2,protein-coding
2517,chr7,38085530,38085827,+,0,NA,Intergenic,Intergenic,21812,NM_007633,12447,,NM_007633,ENSMUSG00000002068,Ccne1,CycE1,cyclin E1,protein-coding
776,chr13,75707027,75708283,+,0,NA,"exon (NM_138953, exon 1 of 12)","exon (NM_138953, exon 1 of 12)",171,NM_138953,192657,,NM_138953,ENSMUSG00000001542,Ell2,-,elongation factor for RNA polymerase II 2,protein-coding
14,JH584304.1,84774,85221,+,0,NA,NA,NA,NA,NA,,,,,,,,
2725,chr8,71525330,71525965,+,0,NA,promoter-TSS (NM_001370849),promoter-TSS (NM_001370849),78,NM_001370849,619297,,NM_001370849,ENSMUSG00000108900,Ccdc194,C430049E01Rik,coiled-coil domain containing 194,protein-coding
3024,chr9,107709339,107709656,+,0,NA,"5' UTR (NM_001379496, exon 1 of 18)","5' UTR (NM_001379496, exon 1 of 18)",465,NM_001379496,20350,,NM_011349,ENSMUSG00000034684,Sema3f,Sema4|Semak,"sema domain, immunoglobulin domain (Ig), short basic domain, secreted, (semaphorin) 3F",protein-coding
711,chr13,21169480,21170418,+,0,NA,Intergenic,Intergenic,-9982,NM_009054,19720,,NM_009054,ENSMUSG00000021326,Trim27,Gm19403|Rfp,tripartite motif-containing 27,protein-coding
468,chr11,97018542,97019516,+,0,NA,"intron (NM_001363230, intron 1 of 1)",CpG,287,NM_001363230,83395,,NM_031183,ENSMUSG00000038560,Sp6,1110025J03Rik|Epfn|Klf14,trans-acting transcription factor 6,protein-coding
465,chr11,96251363,96251658,+,0,NA,promoter-TSS (NR_037977),promoter-TSS (NR_037977),-150,NR_037977,193022,,NR_037977,,Gm53,-,predicted gene 53,ncRNA
552,chr11,120659842,120661298,+,0,NA,"intron (NM_001382270, intron 1 of 11)",CpG-2953,267,NM_175263,77583,,NM_175263,ENSMUSG00000042988,Notum,5730593N15Rik,notum palmitoleoyl-protein carboxylesterase,protein-coding
641,chr12,84569940,84570323,+,0,NA,"exon (NM_007701, exon 1 of 5)","exon (NM_007701, exon 1 of 5)",303,NM_007701,12677,,NM_007701,ENSMUSG00000021239,Vsx2,Chx10|Hox-10|Hox10|or,visual system homeobox 2,protein-coding
1868,chr3,122984638,122985126,+,0,NA,promoter-TSS (NM_133857),promoter-TSS (NM_133857),-435,NM_133857,99526,,NM_133857,ENSMUSG00000039701,Usp53,Phxr3|Sp6|mKIAA1350|mbo,ubiquitin specific peptidase 53,protein-coding
2140,chr5,22344890,22345402,+,0,NA,promoter-TSS (NM_011261),promoter-TSS (NM_011261),-441,NM_001310464,19699,,NM_011261,ENSMUSG00000042453,Reln,reeler|rl,reelin,protein-coding
2155,chr5,30711353,30711743,+,0,NA,promoter-TSS (NM_001356949),promoter-TSS (NM_001356949),-16,NM_023047,65254,,NM_023047,ENSMUSG00000029168,Dpysl5,CRAM|CRMP-5|Crmp5,dihydropyrimidinase-like 5,protein-coding
2787,chr8,111643429,111644043,+,0,NA,"intron (NR_156446, intron 1 of 2)",CpG,293,NR_156445,22640,,NM_011742,ENSMUSG00000055835,Zfp1,Fnp-1|Zfp-1|mkr-1,zinc finger protein 1,protein-coding
1270,chr17,65772404,65773015,+,0,NA,promoter-TSS (NM_133685),promoter-TSS (NM_133685),43,NM_133685,106572,,NM_133685,ENSMUSG00000056515,Rab31,1700093E07Rik|Rab22B,"RAB31, member RAS oncogene family",protein-coding
1170,chr17,3326427,3327205,+,0,NA,"intron (NM_001122998, intron 1 of 26)",CpG,243,NM_001122998,24001,,NM_011878,ENSMUSG00000023800,Tiam2,3000002F19Rik|STEF|mKIAA2016,T cell lymphoma invasion and metastasis 2,protein-coding
1687,chr2,155276473,155277004,+,0,NA,"intron (NR_046364, intron 1 of 2)",CpG,374,NR_046364,66734,,NM_025735,ENSMUSG00000027602,Map1lc3a,1010001H21Rik|4922501H04Rik|LC3|LC3a,microtubule-associated protein 1 light chain 3 alpha,protein-coding
3096,chrX,73503535,73503781,+,0,NA,"intron (NM_177236, intron 1 of 20)","intron (NM_177236, intron 1 of 20)",572,NM_177236,320707,,NM_177236,ENSMUSG00000031376,Atp2b3,6430519O13Rik|Pmca3,"ATPase, Ca++ transporting, plasma membrane 3",protein-coding
1805,chr3,87525514,87525833,+,0,NA,promoter-TSS (NM_001359750),promoter-TSS (NM_001359750),95,NM_012051,27049,,NM_012051,ENSMUSG00000003382,Etv3,METS|Pe1,ets variant 3,protein-coding
2863,chr8,126422534,126422822,+,0,NA,"5' UTR (NM_174987, exon 1 of 2)","5' UTR (NM_174987, exon 1 of 2)",177,NM_174987,67892,,NM_174987,ENSMUSG00000051671,Coa6,1810063B05Rik,cytochrome c oxidase assembly factor 6,protein-coding
1043,chr15,93397923,93398532,+,0,NA,promoter-TSS (NM_175363),promoter-TSS (NM_175363),107,NM_001347097,67197,,NM_026025,ENSMUSG00000022635,Zcrb1,2700088M22Rik|Madp-1,zinc finger CCHC-type and RNA binding motif 1,protein-coding
2708,chr8,60983124,60983825,+,0,NA,promoter-TSS (NM_173874),promoter-TSS (NM_173874),-163,NM_173873,12725,,NM_007711,ENSMUSG00000004319,Clcn3,Clc3,"chloride channel, voltage-sensitive 3",protein-coding
1100,chr16,18591617,18591874,+,0,NA,Intergenic,CpG,-1074,NM_001285472,21380,,NM_011532,ENSMUSG00000009097,Tbx1,nmf219,T-box 1,protein-coding
1812,chr3,89187004,89187456,+,0,NA,"exon (NM_001355765, exon 8 of 11)","exon (NM_001355765, exon 8 of 11)",4087,NM_001014995,68521,,NM_001014995,ENSMUSG00000032657,Entrep3,1110013L07Rik|Fam189b,endosomal transmembrane epsin interactor 3,protein-coding
1637,chr2,121139610,121140445,+,0,NA,promoter-TSS (NM_001290812),promoter-TSS (NM_001290812),-401,NM_001290812,75894,,NM_029475,ENSMUSG00000027259,Adal,4930578F03Rik,adenosine deaminase-like,protein-coding
980,chr15,49378646,49379146,+,0,NA,Intergenic,L1Md_A|LINE|L1,-586907,NM_001081391,239420,,NM_001081391,ENSMUSG00000022311,Csmd3,4930500N14Rik|mKIAA1894,CUB and Sushi multiple domains 3,protein-coding
2976,chr9,71215237,71216371,+,0,NA,promoter-TSS (NR_110519),promoter-TSS (NR_110519),15,NM_009022,19378,,NM_009022,ENSMUSG00000013584,Aldh1a2,Aldh1a7|Raldh1|Raldh2,"aldehyde dehydrogenase family 1, subfamily A2",protein-coding
2055,chr4,129599998,129600921,+,0,NA,promoter-TSS (NM_001368260),promoter-TSS (NM_001368260),189,NM_018799,54709,,NM_018799,ENSMUSG00000028798,Eif3i,36kDa|D4Ertd632e|Eif3s2|Trip1,"eukaryotic translation initiation factor 3, subunit I",protein-coding
1202,chr17,26839095,26839379,+,0,NA,"exon (NM_008700, exon 2 of 2)","exon (NM_008700, exon 2 of 2)",2328,NM_008700,18091,,NM_008700,ENSMUSG00000015579,Nkx2-5,Csx|Nkx-2.5|Nkx2.5|tinman,NK2 homeobox 5,protein-coding
3139,chrX,158042402,158043256,+,0,NA,"exon (NM_001310719, exon 1 of 21)","exon (NM_001310719, exon 1 of 21)",368,NM_001310719,245684,,NM_177751,ENSMUSG00000025658,Cnksr2,Cnk2|Ksr2,connector enhancer of kinase suppressor of Ras 2,protein-coding
2846,chr8,123603030,123603852,+,0,NA,Intergenic,Intergenic,-37354,NR_046127,100861480,,NR_046127,ENSMUSG00000119748,Gm25018,Rn5s10,"predicted gene, 25018",rRNA
1774,chr3,54915517,54916023,+,0,NA,"5' UTR (NM_177854, exon 1 of 3)","5' UTR (NM_177854, exon 1 of 3)",117,NM_177854,329641,,NM_177854,ENSMUSG00000056306,Sertm1,6030405A18Rik,serine rich and transmembrane domain containing 1,protein-coding
792,chr13,93498673,93499210,+,0,NA,"exon (NM_021310, exon 1 of 11)","exon (NM_021310, exon 1 of 11)",867,NM_021310,57748,,NM_021310,ENSMUSG00000021690,Jmy,-,junction-mediating and regulatory protein,protein-coding
271,chr10,95497109,95497441,+,0,NA,"intron (NM_001359477, intron 2 of 4)","intron (NM_001359477, intron 2 of 4)",4674,NM_001359476,67270,,NM_026065,ENSMUSG00000062981,Mrpl42,2700009F22Rik|2900055D03Rik|D10Ertd322e|HSPC204|L31mt|L42mt|MRP-L31|MRP-L42|MRP-S32|PTD007|Rpml31|S32mt,mitochondrial ribosomal protein L42,protein-coding
1851,chr3,108225777,108227034,+,0,NA,"exon (NM_008596, exon 1 of 6)","exon (NM_008596, exon 1 of 6)",194,NM_008596,17306,,NM_008596,ENSMUSG00000027887,Sypl2,Mg29,synaptophysin like 2,protein-coding
222,chr10,43021618,43021930,+,0,NA,"exon (NM_175407, exon 6 of 7)","exon (NM_175407, exon 6 of 7)",-30612,NR_153349,327749,,NR_153349,,Gm5079,C230040G06,predicted gene 5079,ncRNA
1539,chr2,34371317,34371970,+,0,NA,"intron (NM_016768, intron 1 of 8)",CpG,402,NM_001290576,18516,,NM_016768,ENSMUSG00000038718,Pbx3,-,pre B cell leukemia homeobox 3,protein-coding
2087,chr4,138217412,138217855,+,0,NA,"intron (NM_001356432, intron 1 of 11)",CpG,506,NM_001356432,15441,,NM_010470,ENSMUSG00000028759,Hp1bp3,Hp1bp74,"heterochromatin protein 1, binding protein 3",protein-coding
1580,chr2,74682086,74682649,+,0,NA,promoter-TSS (NM_008273),promoter-TSS (NM_008273),44,NM_008273,15431,,NM_008273,ENSMUSG00000042499,Hoxd11,E230017H14Rik|Hox-4.6|Hox-5.4|Hox-5.5,homeobox D11,protein-coding
2641,chr7,139187834,139188259,+,0,NA,"intron (NM_001162540, intron 1 of 11)",CpG,448,NM_021302,57740,,NM_021302,ENSMUSG00000015981,Stk32c,PKE|Pkek|YANK3,serine/threonine kinase 32C,protein-coding
268,chr10,93845640,93846541,+,0,NA,"exon (NM_001206851, exon 3 of 7)","exon (NM_001206851, exon 3 of 7)",14586,NM_001206851,327799,,NM_183199,ENSMUSG00000020020,Usp44,E430004F17Rik,ubiquitin specific peptidase 44,protein-coding
652,chr12,95248634,95249301,+,0,NA,Intergenic,L1Md_T|LINE|L1,-443259,NM_201518,399558,,NM_201518,ENSMUSG00000047414,Flrt2,-,fibronectin leucine rich transmembrane protein 2,protein-coding
2519,chr7,43674905,43675387,+,0,NA,"exon (NM_145582, exon 2 of 3)","exon (NM_145582, exon 2 of 3)",3115,NM_145582,233189,,NM_145582,ENSMUSG00000038888,Ctu1,Atpbd3,cytosolic thiouridylase subunit 1,protein-coding
3030,chr9,108831753,108832503,+,0,NA,"exon (NM_001359572, exon 2 of 36)","exon (NM_001359572, exon 2 of 36)",6083,NM_001359572,107934,,NM_080437,ENSMUSG00000023473,Celsr3,Adgrc3|Fmi1|flamingo|mKIAA0812,"cadherin, EGF LAG seven-pass G-type receptor 3",protein-coding
1746,chr3,18054516,18055894,+,0,NA,"exon (NM_021560, exon 1 of 1)","exon (NM_021560, exon 1 of 1)",880,NM_021560,59058,,NM_021560,ENSMUSG00000025128,Bhlhe22,Beta3|Beta3a|Bhlhb5,"basic helix-loop-helix family, member e22",protein-coding
899,chr14,56811907,56812902,+,0,NA,promoter-TSS (NM_144842),promoter-TSS (NM_144842),415,NR_152252,100503842,,NR_152252,ENSMUSG00000100017,2410022M11Rik,-,RIKEN cDNA 2410022M11 gene,ncRNA
1850,chr3,107596002,107596491,+,0,NA,"intron (NM_007441, intron 1 of 3)",CpG,1215,NM_007441,11694,,NM_007441,ENSMUSG00000014603,Alx3,-,aristaless-like homeobox 3,protein-coding
32,chr1,4491713,4493369,+,0,NA,"exon (NM_001289467, exon 3 of 3)","exon (NM_001289467, exon 3 of 3)",4813,NM_001289464,20671,,NM_011441,ENSMUSG00000025902,Sox17,-,SRY (sex determining region Y)-box 17,protein-coding
699,chr13,9094204,9094627,+,0,NA,"intron (NM_172585, intron 1 of 17)","intron (NM_172585, intron 1 of 17)",534,NM_001311117,217980,,NM_172585,ENSMUSG00000033499,Larp4b,A130023E24Rik|A630096F19|D13Wsu64e|Larp5,La ribonucleoprotein 4B,protein-coding
1056,chr15,99369809,99370568,+,0,NA,"exon (NM_001310622, exon 1 of 26)","exon (NM_001310622, exon 1 of 26)",294,NM_001310623,22379,,NM_011711,ENSMUSG00000023008,Fmnl3,2700073B04Rik|FBP11|Wbp3|mKIAA2014,formin-like 3,protein-coding
1823,chr3,94572018,94572542,+,0,NA,"intron (NM_001082484, intron 1 of 11)","intron (NM_001082484, intron 1 of 11)",10436,NM_029721,76742,,NM_029721,ENSMUSG00000028136,Snx27,5730552M22Rik|ESTM45|ESTM47,sorting nexin family member 27,protein-coding
1747,chr3,19627894,19628304,+,0,NA,Intergenic,Intergenic,-16361,NM_001081281,381485,,NM_001081281,ENSMUSG00000060913,Trim55,D830041C10Rik|MuRF-2|Murf2|Rnf29,tripartite motif-containing 55,protein-coding
2608,chr7,116093059,116093573,+,0,NA,promoter-TSS (NM_019772),promoter-TSS (NM_019772),-64,NM_019772,56372,,NM_019772,ENSMUSG00000030663,1110004F10Rik,Smacp|Smap|sid2057|sid2057p,RIKEN cDNA 1110004F10 gene,protein-coding
1750,chr3,27710009,27711272,+,0,NA,promoter-TSS (NM_173182),promoter-TSS (NM_173182),-188,NM_001356953,72007,,NM_173182,ENSMUSG00000039286,Fndc3b,1600019O04Rik|Fad104|mKIAA4164,fibronectin type III domain containing 3B,protein-coding
1518,chr2,29935416,29935807,+,0,NA,"intron (NM_028923, intron 1 of 15)",CpG,202,NM_028923,74412,,NM_028923,ENSMUSG00000019715,Gle1,4933405K21Rik|Gle1l,GLE1 RNA export mediator,protein-coding
173,chr1,172499931,172501121,+,0,NA,"intron (NM_178598, intron 1 of 4)",CpG,280,NM_178598,21346,,NM_178598,ENSMUSG00000026547,Tagln2,2700094C18Rik|SM22beta|Sm22B|Sm22a,transgelin 2,protein-coding
1759,chr3,36689042,36690184,+,0,NA,"intron (NM_019510, intron 1 of 11)",CpG,554,NM_019510,22065,,NM_019510,ENSMUSG00000027716,Trpc3,Mwk|Trcp3|Trp3|Trrp3,"transient receptor potential cation channel, subfamily C, member 3",protein-coding
3032,chr9,109251640,109251824,+,0,NA,Intergenic,L1Md_A|LINE|L1,-16978,NM_001008428,434440,,NM_001008428,ENSMUSG00000061701,Fbxw20,Fbxw12,F-box and WD-40 domain protein 20,protein-coding
3028,chr9,108692261,108692868,+,0,NA,"exon (NM_008924, exon 1 of 11)","exon (NM_008924, exon 1 of 11)",421,NM_008924,19087,,NM_008924,ENSMUSG00000032601,Prkar2a,1110061A24Rik|RII(alpha),"protein kinase, cAMP dependent regulatory, type II alpha",protein-coding
599,chr12,54695502,54696572,+,0,NA,promoter-TSS (NM_025456),promoter-TSS (NM_025456),-143,NM_001331162,66266,,NM_025456,ENSMUSG00000054302,Eapp,1810011O16Rik,E2F-associated phosphoprotein,protein-coding
1088,chr16,15636572,15636903,+,0,NA,"exon (NM_008565, exon 2 of 16)","exon (NM_008565, exon 2 of 16)",663,NM_008565,17217,,NM_008565,ENSMUSG00000022673,Mcm4,19G|Cdc21|Mcmd4|mKIAA4003|mcdc21,minichromosome maintenance complex component 4,protein-coding
2069,chr4,133545733,133545987,+,0,NA,"exon (NM_010948, exon 1 of 8)","exon (NM_010948, exon 1 of 8)",167,NM_010948,18221,,NM_010948,ENSMUSG00000028851,Nudc,SIG-92|Silg92,nudC nuclear distribution protein,protein-coding
2329,chr6,47655575,47655739,+,0,NA,promoter-TSS (NR_002841).9,promoter-TSS (NR_002841).9,-563,NR_002841,19799,,NR_002841,,Rn4.5s,-,4.5S RNA,rRNA
1579,chr2,74667852,74668850,+,0,NA,"exon (NM_008275, exon 1 of 2)","exon (NM_008275, exon 1 of 2)",126,NM_008275,15433,,NM_008275,ENSMUSG00000001819,Hoxd13,Hox-4.8|spdh,homeobox D13,protein-coding
847,chr14,20793766,20794007,+,0,NA,promoter-TSS (NR_153779),promoter-TSS (NR_153779),202,NM_001360186,12325,,NM_178597,ENSMUSG00000021820,Camk2g,Camkg,calcium/calmodulin-dependent protein kinase II gamma,protein-coding
262,chr10,84533486,84533926,+,0,NA,"exon (NM_175451, exon 1 of 2)","exon (NM_175451, exon 1 of 2)",182,NM_175451,216197,,NM_175451,ENSMUSG00000046841,Ckap4,5630400A09Rik|CLIMP-63|P63,cytoskeleton-associated protein 4,protein-coding
1872,chr3,126596334,126597758,+,0,NA,promoter-TSS (NM_023813),promoter-TSS (NM_023813),95,NM_001025438,108058,,NM_023813,ENSMUSG00000053819,Camk2d,2810011D23Rik|8030469K03Rik|CaMK II|[d]-CaMKII,"calcium/calmodulin-dependent protein kinase II, delta",protein-coding
2874,chr9,3019884,3021113,+,0,NA,Intergenic,GSAT_MM|Satellite|Satellite,18245,NR_039546,100628572,,NR_039546,ENSMUSG00000106183,Mir101c,mir-101c|mmu-mir-101c,microRNA 101c,ncRNA
2416,chr6,122819868,122820523,+,0,NA,promoter-TSS (NM_021899),promoter-TSS (NM_021899),11,NM_021899,60611,,NM_021899,ENSMUSG00000003154,Foxj2,Fhx,forkhead box J2,protein-coding
2591,chr7,99625404,99626962,+,0,NA,"exon (NM_001195529, exon 1 of 1)","exon (NM_001195529, exon 1 of 1)",920,NM_001195529,100503386,,NM_001195529,ENSMUSG00000096606,Tpbgl,EG245190|Gm4980,trophoblast glycoprotein-like,protein-coding
1634,chr2,119872705,119873011,+,0,NA,Intergenic,CpG,-24370,NM_013720,29808,,NM_013720,ENSMUSG00000033943,Mga,C130042M01Rik|D030062C11Rik|Mad5,MAX gene associated,protein-coding
2747,chr8,84661919,84663171,+,0,NA,"exon (NM_010499, exon 1 of 1)","exon (NM_010499, exon 1 of 1)",307,NM_010499,15936,,NM_010499,ENSMUSG00000053560,Ier2,Ch1|Pip92,immediate early response 2,protein-coding
3091,chrX,60404344,60404816,+,0,NA,promoter-TSS (NM_001359002),promoter-TSS (NM_001359002),-575,NM_001001798,320940,,NM_001001798,ENSMUSG00000062949,Atp11c,A330005H02Rik|Ig,"ATPase, class VI, type 11C",protein-coding
2523,chr7,44442365,44442873,+,0,NA,"intron (NM_198250, intron 1 of 2)","intron (NM_198250, intron 1 of 2)",132,NM_198250,272381,,NM_198250,ENSMUSG00000047085,Lrrc4b,A830007M12|Lrig4|Ngl3,leucine rich repeat containing 4B,protein-coding
1123,chr16,43979463,43979712,+,0,NA,TTS (NM_001172107),TTS (NM_001172107),222,NM_001007460,332175,,NM_001007460,ENSMUSG00000036304,Zdhhc23,DHHC-23|Gm1751|Gm779|nidd,"zinc finger, DHHC domain containing 23",protein-coding
34,chr1,6214913,6215268,+,0,NA,"intron (NM_009826, intron 1 of 23)",CpG,428,NM_009826,12421,,NM_009826,ENSMUSG00000025907,Rb1cc1,2900055E04Rik|5930404L04Rik|Cc1|FIP200|LaXp180,RB1-inducible coiled-coil 1,protein-coding
2636,chr7,135715977,135716560,+,0,NA,"5' UTR (NM_001081117, exon 1 of 14)","5' UTR (NM_001081117, exon 1 of 14)",111,NM_001081117,17345,,NM_001081117,ENSMUSG00000031004,Mki67,D630048A14Rik|Ki-67|Ki67,antigen identified by monoclonal antibody Ki 67,protein-coding
1040,chr15,91907425,91908077,+,0,NA,Intergenic,Intergenic,69423,NM_198927,223809,,NM_198927,ENSMUSG00000047295,Smgc,2310010P21Rik|DXImx49e|Muc19|Muc19/Smgc|Sfc21,submandibular gland protein C,protein-coding
3070,chrX,9200090,9200872,+,0,NA,"exon (NM_173414, exon 1 of 5)","exon (NM_173414, exon 1 of 5)",508,NM_173414,236285,,NM_173414,ENSMUSG00000047344,Lancl3,6030463G20Rik,LanC lantibiotic synthetase component C-like 3 (bacterial),protein-coding
237,chr10,61648836,61649308,+,0,NA,"intron (NM_026438, intron 1 of 10)",CpG,451,NM_026438,67895,,NM_026438,ENSMUSG00000020089,Ppa1,2010317E03Rik|Pyp,pyrophosphatase (inorganic) 1,protein-coding
3056,chr9,122569376,122569775,+,0,NA,Intergenic,CpG,-2926,NR_015610,319626,,NR_015610,ENSMUSG00000097736,9530059O14Rik,-,RIKEN cDNA 9530059O14 gene,ncRNA
1909,chr4,8911375,8911734,+,0,NA,Intergenic,CpG,160230,NM_001355382,320790,,NM_001033395,ENSMUSG00000041235,Chd7,A730019I05Rik|Cycn|Cyn|Dz|Edy|Flo|GENA 47|GENA 60|Gena 52|Lda|Mt|Obt|Todo|WBE1|Whi|metis,chromodomain helicase DNA binding protein 7,protein-coding
890,chr14,54479535,54479893,+,0,NA,"exon (NM_080726, exon 5 of 5)","exon (NM_080726, exon 5 of 5)",3614,NM_080726,140743,,NM_080726,ENSMUSG00000022176,Rem2,-,rad and gem related GTP binding protein 2,protein-coding
3117,chrX,105120477,105120716,+,0,NA,"5' UTR (NM_053201, exon 1 of 1)","5' UTR (NM_053201, exon 1 of 1)",218,NM_053201,107528,,NM_053201,ENSMUSG00000031227,Magee1,DAMAGE|mMage-e1,MAGE family member E1,protein-coding
2165,chr5,34513532,34513990,+,0,NA,"exon (NM_139064, exon 1 of 6)","exon (NM_139064, exon 1 of 6)",218,NM_139064,231130,,NM_139064,ENSMUSG00000059866,Tnip2,1810020H16Rik|ABIN-2,TNFAIP3 interacting protein 2,protein-coding
212,chr10,34434898,34435257,+,0,NA,Intergenic,L1Md_T|LINE|L1,-16526,NM_001347463,319638,,NM_176968,ENSMUSG00000039480,Nt5dc1,6030401B09Rik|Nt5c2l1,5'-nucleotidase domain containing 1,protein-coding
44,chr1,22327661,22327974,+,0,NA,"intron (NM_183018, intron 26 of 30)",(TCTA)n|Simple_repeat|Simple_repeat,-365167,NM_001310477,226922,,NM_023872,ENSMUSG00000028033,Kcnq5,7730402H11|9230107O05Rik|D1Mgi1,"potassium voltage-gated channel, subfamily Q, member 5",protein-coding
1834,chr3,96374580,96374897,+,0,NA,Intergenic,Intergenic,-2295,NR_153346,102632400,,NR_153346,,Gm26689,-,"predicted gene, 26689",ncRNA
1918,chr4,12089418,12089822,+,0,NA,"intron (NM_001356562, intron 1 of 2)",CpG,250,NM_001356562,77604,,NM_198957,ENSMUSG00000052137,Rbm12b2,C430048L16Rik|Rbm12bb,RNA binding motif protein 12 B2,protein-coding
1250,chr17,46384114,46384438,+,0,NA,"exon (NM_207671, exon 1 of 10)","exon (NM_207671, exon 1 of 10)",510,NM_207671,57908,,NM_021346,ENSMUSG00000015597,Zfp318,2610034E08Rik|D530032D06Rik|TZF|Znf318,zinc finger protein 318,protein-coding
3080,chrX,36598375,36598791,+,0,NA,"exon (NM_016783, exon 1 of 3)","exon (NM_016783, exon 1 of 3)",390,NM_016783,53328,,NM_016783,ENSMUSG00000006373,Pgrmc1,HPR6.6|PPMR|Vema|mPR,progesterone receptor membrane component 1,protein-coding
952,chr14,122106871,122107745,+,0,NA,promoter-TSS (NR_015586),promoter-TSS (NR_015586),226,NM_080556,68059,,NM_080556,ENSMUSG00000025544,Tm9sf2,1500001N15Rik|D14Ertd64e|P76,transmembrane 9 superfamily member 2,protein-coding
2272,chr5,139543865,139544786,+,0,NA,"intron (NM_013702, intron 1 of 2)",CpG,427,NM_013702,22255,,NM_013702,ENSMUSG00000029546,Uncx,Chx4|Uncx4.1,UNC homeobox,protein-coding
602,chr12,55598901,55600327,+,0,NA,"exon (NM_020287, exon 1 of 1)","exon (NM_020287, exon 1 of 1)",697,NM_020287,56856,,NM_020287,ENSMUSG00000045440,Insm2,Mlt1,insulinoma-associated 2,protein-coding
2585,chr7,92636433,92637349,+,0,NA,"5' UTR (NM_028665, exon 1 of 12)","5' UTR (NM_028665, exon 1 of 12)",251,NM_028665,73845,,NM_028665,ENSMUSG00000041343,Ankrd42,4931426M20|4933417L02Rik|Ikbn,ankyrin repeat domain 42,protein-coding
2332,chr6,47744489,47744878,+,0,NA,promoter-TSS (NR_002841).2,promoter-TSS (NR_002841).2,-452,NR_002841,19799,,NR_002841,,Rn4.5s,-,4.5S RNA,rRNA
1510,chr2,25607763,25608604,+,0,NA,TTS (NM_029859),TTS (NM_029859),298,NM_001024616,227624,,NM_001024616,ENSMUSG00000015087,Rabl6,B230208H17Rik|Rbel1|Rbel1a|Rbel1b|parf,"RAB, member RAS oncogene family-like 6",protein-coding
421,chr11,75193061,75194611,+,0,NA,promoter-TSS (NM_177708),promoter-TSS (NM_177708),-157,NM_177708,237847,,NM_177708,ENSMUSG00000045287,Rtn4rl1,Ngr3|Ngrh2|Ngrl2,reticulon 4 receptor-like 1,protein-coding
1279,chr17,74047249,74048051,+,0,NA,"exon (NM_053188, exon 1 of 5)","exon (NM_053188, exon 1 of 5)",210,NM_053188,94224,,NM_053188,ENSMUSG00000038541,Srd5a2,5ART2|S5AR 2,steroid 5 alpha-reductase 2,protein-coding
2894,chr9,21164785,21166395,+,0,NA,promoter-TSS (NM_183408),promoter-TSS (NM_183408),-124,NM_183408,18577,,NM_019798,ENSMUSG00000032177,Pde4a,D9Ertd60e|Dpde2,"phosphodiesterase 4A, cAMP specific",protein-coding
1314,chr18,11053219,11053614,+,0,NA,promoter-TSS (NR_105022),promoter-TSS (NR_105022),-849,NR_105023,68434,,NR_105022,ENSMUSG00000097222,Gata6os,1010001N08Rik|Gata6as|LncGata6,"GATA binding protein 6, opposite strand",ncRNA
2132,chr5,4757373,4757810,+,0,NA,"5' UTR (NM_021457, exon 1 of 1)","5' UTR (NM_021457, exon 1 of 1)",625,NM_021457,14362,,NM_021457,ENSMUSG00000044674,Fzd1,FZ-1|Fz1,frizzled class receptor 1,protein-coding
872,chr14,41723873,41724211,+,0,NA,Intergenic,L1Md_T|LINE|L1,-22134,NM_001384239,666376,,NM_001384239,,Gm8068,EG666376,predicted gene 8068,protein-coding
1111,chr16,31200226,31200917,+,0,NA,"intron (NM_030138, intron 1 of 22)",CpG,667,NM_030138,78618,,NM_030138,ENSMUSG00000049076,Acap2,4832442G16|9530039J15Rik|CNT-B2|Centb2|mKIAA0041,"ArfGAP with coiled-coil, ankyrin repeat and PH domains 2",protein-coding
2732,chr8,72722720,72723487,+,0,NA,promoter-TSS (NM_001113248),promoter-TSS (NM_001113248),-167,NM_001113248,20467,,NM_009188,ENSMUSG00000031622,Sin3b,2810430C10Rik,"transcriptional regulator, SIN3B (yeast)",protein-coding
3049,chr9,120164079,120164318,+,0,NA,"intron (NR_153958, intron 2 of 5)","intron (NR_153958, intron 2 of 5)",14456,NR_153959,17433,,NM_008614,ENSMUSG00000032517,Mobp,MOBP155|MOBP170|MOBP69|MOBP73|MOBP81,myelin-associated oligodendrocytic basic protein,protein-coding
2435,chr6,140623028,140623465,+,0,NA,promoter-TSS (NM_009637),promoter-TSS (NM_009637),-256,NM_009637,11569,,NM_009637,ENSMUSG00000030232,Aebp2,B230313N05Rik,AE binding protein 2,protein-coding
1296,chr17,87282520,87283446,+,0,NA,promoter-TSS (NM_028639),promoter-TSS (NM_028639),97,NM_028639,225049,,NM_028639,ENSMUSG00000036918,Ttc7,1110035E02Rik|1700007L07Rik|Ttc7a|fsn|hea,tetratricopeptide repeat domain 7,protein-coding
1829,chr3,95172162,95174094,+,0,NA,"exon (NM_001272024, exon 21 of 21)","exon (NM_001272024, exon 21 of 21)",8789,NM_011351,20360,,NM_011351,ENSMUSG00000038777,Sema6c,Semay|mKIAA1869,"sema domain, transmembrane domain (TM), and cytoplasmic domain, (semaphorin) 6C",protein-coding
2126,chr4,155360845,155361598,+,0,NA,"exon (NM_008860, exon 1 of 18)","exon (NM_008860, exon 1 of 18)",207,NM_008860,18762,,NM_008860,ENSMUSG00000029053,Prkcz,Pkcz|aPKCzeta|nPKC-zeta|zetaPKC,"protein kinase C, zeta",protein-coding
1349,chr18,45559576,45560441,+,0,NA,promoter-TSS (NM_080465),promoter-TSS (NM_080465),-146,NM_080465,140492,,NM_080465,ENSMUSG00000054477,Kcnn2,KCa2.2|SK2|SKCA2|bc|fri,"potassium intermediate/small conductance calcium-activated channel, subfamily N, member 2",protein-coding
1563,chr2,60880909,60881214,+,0,NA,"intron (NM_020296, intron 1 of 13)",CpG,377,NM_001141932,56878,,NM_020296,ENSMUSG00000026970,Rbms1,2600014B10Rik|MSSP-1|MSSP-2|MSSP-3|YC1,"RNA binding motif, single stranded interacting protein 1",protein-coding
1783,chr3,60045205,60045762,+,0,NA,Intergenic,(CACAG)n|Simple_repeat|Simple_repeat,13695,NM_023383,67758,,NM_023383,ENSMUSG00000027761,Aadac,5033417E09Rik|Aada,arylacetamide deacetylase,protein-coding
3106,chrX,99136182,99136587,+,0,NA,"5' UTR (NM_010110, exon 1 of 5)","5' UTR (NM_010110, exon 1 of 5)",323,NM_010110,13641,,NM_010110,ENSMUSG00000031217,Efnb1,Cek5-L|EFL-3|Elk-L|Epl2|Eplg2|LERK-2|Lerk2|Stra1,ephrin B1,protein-coding
1656,chr2,132252922,132253191,+,0,NA,"5' UTR (NM_011045, exon 1 of 6)","5' UTR (NM_011045, exon 1 of 6)",124,NM_011045,18538,,NM_011045,ENSMUSG00000027342,Pcna,-,proliferating cell nuclear antigen,protein-coding
283,chr10,115385000,115385860,+,0,NA,promoter-TSS (NM_025780),promoter-TSS (NM_025780),471,NM_001033261,216345,,NM_001033261,ENSMUSG00000034163,Zfc3h1,Ccdc131|Psrc2,"zinc finger, C3H1-type containing",protein-coding
1179,chr17,14203345,14204229,+,0,NA,promoter-TSS (NM_172826),promoter-TSS (NM_172826),44,NM_172826,240025,,NM_172826,ENSMUSG00000048826,Dact2,2900084M21Rik|A630024E20|Dpr2|Frd2|dapper2,dishevelled-binding antagonist of beta-catenin 2,protein-coding
423,chr11,76027016,76027745,+,0,NA,"intron (NM_029658, intron 1 of 2)",CpG,402,NM_029658,76566,,NM_029658,ENSMUSG00000020846,Rflnb,1500005K14Rik|Fam101b|RefilinB|cfm,refilin B,protein-coding
1338,chr18,36017857,36018180,+,0,NA,"exon (NM_001167891, exon 10 of 10)","exon (NM_001167891, exon 10 of 10)",53188,NM_028707,74002,,NM_028707,ENSMUSG00000024347,Psd2,6330404E20Rik|EFA6C,pleckstrin and Sec7 domain containing 2,protein-coding
2909,chr9,34486033,34486306,+,0,NA,Intergenic,CpG,-2562,NM_001190912,67703,,NM_026324,ENSMUSG00000032036,Kirrel3,1500010O20Rik|2900036G11Rik|NEPH2|SST4|mKIAA1867,kirre like nephrin family adhesion molecule 3,protein-coding
737,chr13,48625028,48626021,+,0,NA,"5' UTR (NM_001301781, exon 1 of 11)","5' UTR (NM_001301781, exon 1 of 11)",148,NM_001301781,218232,,NM_207232,ENSMUSG00000038042,Ptpdc1,Naa-1|Ptpcd1,protein tyrosine phosphatase domain containing 1,protein-coding
2122,chr4,154855656,154855931,+,0,NA,"exon (NM_172878, exon 3 of 9)","exon (NM_172878, exon 3 of 9)",-13792,NM_013783,27390,,NM_013783,ENSMUSG00000058183,Mmel1,Mell1|NEP2|NEP2(m)|NEPII|NL-1|NL2|Nl1|SEP,membrane metallo-endopeptidase-like 1,protein-coding
2308,chr6,30173381,30173696,+,0,NA,"intron (NR_126541, intron 1 of 1)",CpG,587,NR_126541,101447999,,NR_126540,,Mirc35hg,linc_miR96,"microRNA cluster 35, host gene",ncRNA
2602,chr7,112023186,112024095,+,0,NA,"5' UTR (NM_001357952, exon 1 of 29)","5' UTR (NM_001357952, exon 1 of 29)",134,NM_177249,74996,,NM_133758,ENSMUSG00000059263,Usp47,4930502N04Rik|A630020C16Rik,ubiquitin specific peptidase 47,protein-coding
1016,chr15,80671365,80672070,+,0,NA,promoter-TSS (NM_145986),promoter-TSS (NM_145986),-130,NM_145986,213956,,NM_145986,ENSMUSG00000022408,Fam83f,-,"family with sequence similarity 83, member F",protein-coding
1517,chr2,29194723,29195138,+,0,NA,"exon (NM_001305805, exon 8 of 8)","exon (NM_001305805, exon 8 of 8)",53169,NM_001305805,171171,,NM_133500,ENSMUSG00000035513,Ntng2,2610016D08Rik|Lmnt2,netrin G2,protein-coding
1231,chr17,34977492,34977789,+,0,NA,"exon (NM_013558, exon 2 of 2)","exon (NM_013558, exon 2 of 2)",-4214,NM_001110101,27756,,NM_030597,ENSMUSG00000007050,Lsm2,D17H6S56E-2|D17H6S56E2|Dmapl|Dmpkap|G7b|Sm-X5|SmX5|snRNP,"LSM2 homolog, U6 small nuclear RNA and mRNA degradation associated",protein-coding
1949,chr4,46535738,46536203,+,0,NA,promoter-TSS (NR_151695),promoter-TSS (NR_151695),69,NR_151695,105247126,,NR_151695,ENSMUSG00000085990,Gm16731,-,"predicted gene, 16731",ncRNA
10,JH584304.1,75798,76637,+,0,NA,NA,NA,NA,NA,,,,,,,,
334,chr11,30772094,30772606,+,0,NA,"intron (NM_134013, intron 1 of 46)",CpG,575,NM_134013,103554,,NM_134013,ENSMUSG00000040850,Psme4,TEMO|mKIAA0077,"proteasome (prosome, macropain) activator subunit 4",protein-coding
2948,chr9,56635239,56636561,+,0,NA,promoter-TSS (NM_001311076),promoter-TSS (NM_001311076),-252,NM_001311076,235402,,NM_181074,ENSMUSG00000049556,Lingo1,4930471K13Rik|LERN1|LINGO-1|Lrrn6a|UNQ201,leucine rich repeat and Ig domain containing 1,protein-coding
2128,chr4,155812305,155813106,+,0,NA,"exon (NM_207678, exon 1 of 11)","exon (NM_207678, exon 1 of 11)",216,NM_207678,56036,,NM_018856,ENSMUSG00000029068,Ccnl2,1700010A01Rik|1810019L15Rik|2010319M22Rik|Ania-6b|HCLA-150|Pcee|SB138,cyclin L2,protein-coding
539,chr11,116237850,116238538,+,0,NA,promoter-TSS (NM_025276),promoter-TSS (NM_025276),-103,NM_025276,14027,,NM_025276,ENSMUSG00000034282,Evpl,-,envoplakin,protein-coding
1156,chr16,94094329,94095021,+,0,NA,"intron (NM_011377, intron 2 of 10)","intron (NM_011377, intron 2 of 10)",9415,NM_011377,20465,,NM_011377,ENSMUSG00000062713,Sim2,bHLHe15,single-minded family bHLH transcription factor 2,protein-coding
1765,chr3,41082199,41083063,+,0,NA,"exon (NM_027558, exon 1 of 3)","exon (NM_027558, exon 1 of 3)",415,NM_027558,70804,,NM_027558,ENSMUSG00000049940,Pgrmc2,4631434O19Rik|5730409G06Rik|DG6|PMBP,progesterone receptor membrane component 2,protein-coding
1650,chr2,130580785,130581120,+,0,NA,"intron (NM_009732, intron 2 of 2)",CpG,1636,NM_009732,11998,,NM_009732,ENSMUSG00000037727,Avp,Vp|Vsp,arginine vasopressin,protein-coding
766,chr13,59769220,59769785,+,0,NA,promoter-TSS (NR_015349),promoter-TSS (NR_015349),287,NM_026921,69046,,NM_026921,ENSMUSG00000044792,Isca1,1810010A06Rik|Hbld2,iron-sulfur cluster assembly 1,protein-coding
1928,chr4,23652915,23653370,+,0,NA,Intergenic,L1Md_T|LINE|L1,-714707,NR_169002,117962243,,NR_169002,ENSMUSG00000028244,1700025O08Rik,-,RIKEN cDNA 1700025O08 gene,ncRNA
185,chr1,182409234,182409732,+,0,NA,"intron (NM_173378, intron 1 of 17)",CpG,316,NM_173378,209456,,NM_173378,ENSMUSG00000026510,Trp53bp2,53BP2|ASPP2|PPP1R13A|Tp53bp2,transformation related protein 53 binding protein 2,protein-coding
2221,chr5,107289199,107289526,+,0,NA,"5' UTR (NM_011578, exon 1 of 17)","5' UTR (NM_011578, exon 1 of 17)",267,NM_011578,21814,,NM_011578,ENSMUSG00000029287,Tgfbr3,1110036H20Rik|TBRIII,"transforming growth factor, beta receptor III",protein-coding
2093,chr4,141411423,141411877,+,0,NA,"exon (NM_019701, exon 7 of 20)","exon (NM_019701, exon 7 of 20)",4338,NM_019701,56365,,NM_019701,ENSMUSG00000006216,Clcnkb,CLCKB|Clc-Ka|Clck2|Clcnk1l|Clcnk2,"chloride channel, voltage-sensitive Kb",protein-coding
1031,chr15,86185204,86185416,+,0,NA,promoter-TSS (NR_155352),promoter-TSS (NR_155352),-418,NR_155352,102638208,,NR_155352,ENSMUSG00000086424,Gm15569,-,predicted gene 15569,ncRNA
1865,chr3,121953035,121954091,+,0,NA,"intron (NM_172525, intron 1 of 22)",CpG,334,NM_172525,214137,,NM_172525,ENSMUSG00000039831,Arhgap29,6720461J18Rik|A830014I19|B130017I01Rik|Parg1,Rho GTPase activating protein 29,protein-coding
107,chr1,92906768,92907621,+,0,NA,"exon (NM_175118, exon 1 of 2)","exon (NM_175118, exon 1 of 2)",205,NM_175118,67446,,NM_175118,ENSMUSG00000047067,Dusp28,0710001B24Rik,dual specificity phosphatase 28,protein-coding
1484,chr19,61266804,61267099,+,0,NA,Intergenic,CpG,-38533,NM_009970,12982,,NM_009970,ENSMUSG00000059326,Csf2ra,CD116|Csfgmra|GM-CSF-Ra|GM-CSFR,"colony stimulating factor 2 receptor, alpha, low-affinity (granulocyte-macrophage)",protein-coding
791,chr13,93304091,93304753,+,0,NA,"5' UTR (NM_001284189, exon 1 of 9)","5' UTR (NM_001284189, exon 1 of 9)",665,NM_011982,26556,,NM_011982,ENSMUSG00000007617,Homer1,PSD-Zip45|SYN47|Ves-1|homer-1|vesl-1,homer scaffolding protein 1,protein-coding
904,chr14,59625520,59626544,+,0,NA,"5' UTR (NM_145463, exon 1 of 2)","5' UTR (NM_145463, exon 1 of 2)",751,NM_145463,219134,,NM_145463,ENSMUSG00000044461,Shisa2,9430059P22Rik|MAd2|Tmem46|mShisa|shisa,shisa family member 2,protein-coding
873,chr14,42586452,42587015,+,0,NA,Intergenic,L1Md_Gf|LINE|L1,13147,NM_001378735,108168153,,NM_001378735,ENSMUSG00000091140,Gm17124,-,predicted gene 17124,protein-coding
1055,chr15,99223676,99225822,+,0,NA,"5' UTR (NM_010601, exon 1 of 15)","5' UTR (NM_010601, exon 1 of 15)",157,NM_010601,16512,,NM_010601,ENSMUSG00000037579,Kcnh3,C030044P22Rik|Elk2|Kv12.2|Melk2,"potassium voltage-gated channel, subfamily H (eag-related), member 3",protein-coding
2765,chr8,94602219,94602672,+,0,NA,promoter-TSS (NM_028221),promoter-TSS (NM_028221),504,NM_026274,67610,,NM_026274,ENSMUSG00000050079,Rspry1,4930470D19Rik,ring finger and SPRY domain containing 1,protein-coding
2710,chr8,65710680,65711471,+,0,NA,"intron (NM_175188, intron 1 of 7)",L1Md_T|LINE|L1,92550,NM_175188,72925,,NM_175188,ENSMUSG00000036469,Marchf1,2900024D24Rik|March1,membrane associated ring-CH-type finger 1,protein-coding
2568,chr7,80025272,80025721,+,0,NA,promoter-TSS (NM_175433),promoter-TSS (NM_175433),682,NM_001146000,209225,,NM_175433,ENSMUSG00000048897,Zfp710,5430400N05Rik|9830165K13|Znf710,zinc finger protein 710,protein-coding
1490,chr2,11553637,11554050,+,0,NA,promoter-TSS (NM_001177758),promoter-TSS (NM_001177758),86,NM_001177758,170768,,NM_133232,ENSMUSG00000026773,Pfkfb3,E330010H22Rik|iPFK-2|uPFK-2,"6-phosphofructo-2-kinase/fructose-2,6-biphosphatase 3",protein-coding
2642,chr7,139389238,139389660,+,0,NA,"exon (NM_183144, exon 1 of 16)","exon (NM_183144, exon 1 of 16)",340,NM_183144,212111,,NM_183144,ENSMUSG00000025477,Inpp5a,-,inositol polyphosphate-5-phosphatase A,protein-coding
2159,chr5,31948024,31948963,+,0,NA,"intron (NM_181279, intron 9 of 13)","intron (NM_181279, intron 9 of 13)",-144230,NR_162804,114483662,,NR_162804,,Mir12198,Gm51292|mmu-mir-12198,microRNA 12198,ncRNA
1974,chr4,84884563,84884940,+,0,NA,"exon (NM_177385, exon 1 of 5)","exon (NM_177385, exon 1 of 5)",442,NM_175275,338349,,NM_175275,ENSMUSG00000038070,Cntln,B430108F07Rik|D530005L17Rik,"centlein, centrosomal protein",protein-coding
536,chr11,116109561,116110611,+,0,NA,"exon (NM_001205081, exon 1 of 6)","exon (NM_001205081, exon 1 of 6)",149,NM_172570,217333,,NM_172570,ENSMUSG00000020773,Trim47,2210023F24Rik,tripartite motif-containing 47,protein-coding
1941,chr4,44234198,44234668,+,0,NA,promoter-TSS (NM_001379574),promoter-TSS (NM_001379574),-528,NM_001379574,73469,,NM_175201,ENSMUSG00000035696,Rnf38,1700065B19Rik|2610202O07Rik|Oip1,ring finger protein 38,protein-coding
2954,chr9,59486819,59487119,+,0,NA,promoter-TSS (NM_019927),promoter-TSS (NM_019927),-595,NM_019927,23806,,NM_019927,ENSMUSG00000025234,Arih1,Ari|Ari1|Hari|Hhari|Ubch7bp|Uip77,ariadne RBR E3 ubiquitin protein ligase 1,protein-coding
3069,chrX,8892339,8893099,+,0,NA,"non-coding (NR_045448, exon 1 of 1)","non-coding (NR_045448, exon 1 of 1)",366,NR_045448,102941,,NM_175327,ENSMUSG00000052364,B630019K06Rik,-,F-box and leucine-rich repeat protein 17 pseudogene,pseudo
2082,chr4,136637086,136638090,+,0,NA,"exon (NM_001243262, exon 8 of 8)","exon (NM_001243262, exon 8 of 8)",14967,NM_001243262,242707,,NM_001243262,ENSMUSG00000070683,Lactbl1,-,"lactamase, beta-like 1",protein-coding
2910,chr9,35574220,35574687,+,0,NA,Intergenic,Intergenic,-4384,NM_029762,76832,,NM_029762,ENSMUSG00000050555,Hyls1,3010015K02Rik,"HYLS1, centriolar and ciliogenesis associated",protein-coding
1896,chr3,144828803,144829728,+,0,NA,"intron (NM_139148, intron 9 of 13)",L1Md_T|LINE|L1,-9771,NM_030601,80797,,NM_030601,ENSMUSG00000028262,Clca3a2,Clca2,chloride channel accessory 3A2,protein-coding
12,JH584304.1,82839,84279,+,0,NA,NA,NA,NA,NA,,,,,,,,
2975,chr9,71196133,71196515,+,0,NA,"intron (NR_110517, intron 5 of 5)",L1Md_T|LINE|L1,18917,NR_110519,100041660,,NR_110518,,Gm3458,-,predicted gene 3458,ncRNA
310,chr11,3102054,3102556,+,0,NA,Intergenic,GSAT_MM|Satellite|Satellite,-21697,NR_003517,236604,,NM_001004146,ENSMUSG00000121500,Pisd-ps1,-,"phosphatidylserine decarboxylase, pseudogene 1",pseudo
98,chr1,86526765,86527270,+,0,NA,"intron (NR_153833, intron 1 of 3)",CpG-365,460,NR_153834,19231,,NM_008972,ENSMUSG00000026238,Ptma,Thym,prothymosin alpha,protein-coding
1067,chr15,101052260,101054194,+,0,NA,"exon (NM_001214911, exon 1 of 1)","exon (NM_001214911, exon 1 of 1)",1172,NM_001214911,668225,,NM_001214911,ENSMUSG00000095440,Fignl2,EG668225,fidgetin-like 2,protein-coding
3007,chr9,96119384,96119829,+,0,NA,"exon (NM_001368879, exon 1 of 16)","exon (NM_001368879, exon 1 of 16)",177,NM_001368879,235533,,NM_177352,ENSMUSG00000041440,Gk5,C330018K18Rik|G630067D24Rik,glycerol kinase 5,protein-coding
2212,chr5,96997021,96997498,+,0,NA,promoter-TSS (NM_080708),promoter-TSS (NM_080708),-430,NM_080708,140780,,NM_080708,ENSMUSG00000034663,Bmp2k,4933417M22Rik|BIKE,BMP2 inducible kinase,protein-coding
247,chr10,80190330,80190907,+,0,NA,TTS (NM_007909),TTS (NM_007909),11136,NM_007909,13637,,NM_007909,ENSMUSG00000003070,Efna2,CEK7L|Elf1|Epl6|Eplg6|Lerk6,ephrin A2,protein-coding
824,chr13,120028515,120029091,+,0,NA,Intergenic,Intergenic,18461,NR_168021,102639975,,NR_168021,ENSMUSG00000114608,Gm36161,-,"predicted gene, 36161",ncRNA
2387,chr6,99028595,99028982,+,0,NA,promoter-TSS (NM_001197322),promoter-TSS (NM_001197322),-490,NM_001197322,108655,,NM_053202,ENSMUSG00000030067,Foxp1,3110052D19Rik|4932443N09Rik,forkhead box P1,protein-coding
833,chr14,7658539,7658869,+,0,NA,Intergenic,CpG,-90138,NM_001270842,100041874,,NM_001270842,ENSMUSG00000079364,Gm3558,-,predicted gene 3558,protein-coding
3088,chrX,58038611,58038952,+,0,NA,Intergenic,CpG,8153,NM_009575,22773,,NM_009575,ENSMUSG00000067860,Zic3,Bn|Ka,zinc finger protein of the cerebellum 3,protein-coding
1690,chr2,155818964,155819197,+,0,NA,TTS (NM_010808),TTS (NM_010808),152,NM_001384169,613262,,NM_001384169,ENSMUSG00000074649,Mmp24os1,-,matrix metallopeptidase 24 opposite strand transcript 1,protein-coding
2950,chr9,57765013,57765532,+,0,NA,promoter-TSS (NM_007713),promoter-TSS (NM_007713),-158,NM_007713,102414,,NM_007713,ENSMUSG00000032316,Clk3,-,CDC-like kinase 3,protein-coding
3074,chrX,13846744,13847382,+,0,NA,promoter-TSS (NM_001284504),promoter-TSS (NM_001284504),-507,NM_001284505,12361,,NM_009806,ENSMUSG00000031012,Cask,DXPri1|DXRib1|LIN-2|Pals3|mLin-2,calcium/calmodulin dependent serine protein kinase,protein-coding
678,chr12,110978682,110978990,+,0,NA,promoter-TSS (NM_001361917),promoter-TSS (NM_001361917),204,NM_175207,74251,,NM_175207,ENSMUSG00000037904,Ankrd9,2500003O20Rik,ankyrin repeat domain 9,protein-coding
629,chr12,80998624,80999281,+,0,NA,Intergenic,Intergenic,-27856,NM_022316,64075,,NM_022316,ENSMUSG00000021136,Smoc1,2600002F22Rik|SRG,SPARC related modular calcium binding 1,protein-coding
1768,chr3,45380994,45381220,+,0,NA,"exon (NM_011043, exon 1 of 1)","exon (NM_011043, exon 1 of 1)",2709,NM_011043,18526,,NM_011043,ENSMUSG00000049100,Pcdh10,6430521D13Rik|6430703F07Rik|OL-pc|Olpc|mKIAA1400,protocadherin 10,protein-coding
1966,chr4,64867659,64868135,+,0,NA,Intergenic,L1Md_T|LINE|L1,-256277,NM_021362,18491,,NM_021362,ENSMUSG00000028370,Pappa,8430414N03Rik|IGFBP-4ase|PAG1|PAPP-A,pregnancy-associated plasma protein A,protein-coding
773,chr13,69739317,69739592,+,0,NA,"5' UTR (NM_001145162, exon 1 of 2)","5' UTR (NM_001145162, exon 1 of 2)",443,NM_001145162,76980,,NM_001145162,ENSMUSG00000052981,Ube2ql1,3110006E14Rik,ubiquitin-conjugating enzyme E2Q family-like 1,protein-coding
2504,chr7,29289053,29289888,+,0,NA,"exon (NM_026731, exon 1 of 4)","exon (NM_026731, exon 1 of 4)",150,NM_026731,68458,,NM_026731,ENSMUSG00000037166,Ppp1r14a,1110001M11Rik|CPI-17|Cpi17,"protein phosphatase 1, regulatory inhibitor subunit 14A",protein-coding
1371,chr18,62922697,62922897,+,0,NA,"intron (NM_133237, intron 1 of 4)",CpG,470,NM_133237,494504,,NM_133237,ENSMUSG00000071847,Apcdd1,Drapc1|EIG180,adenomatosis polyposis coli down-regulated 1,protein-coding
719,chr13,31559289,31560020,+,0,NA,"exon (NM_008239, exon 1 of 1)","exon (NM_008239, exon 1 of 1)",1484,NM_008239,15220,,NM_008239,ENSMUSG00000038415,Foxq1,HFH-1|Hfh1|Hfh1l|sa,forkhead box Q1,protein-coding
488,chr11,98982150,98982569,+,0,NA,"exon (NM_178596, exon 1 of 1)","exon (NM_178596, exon 1 of 1)",661,NM_178596,353155,,NM_178596,ENSMUSG00000047197,Gjd3,Cxnr|Gja11|Gjc1|cx30.2,"gap junction protein, delta 3",protein-coding
2010,chr4,109979880,109980443,+,0,NA,"exon (NM_172296, exon 2 of 3)","exon (NM_172296, exon 2 of 3)",2136,NM_172296,242620,,NM_172296,ENSMUSG00000047143,Dmrta2,Dmrt5,doublesex and mab-3 related transcription factor like family A2,protein-coding
2666,chr8,12757249,12757664,+,0,NA,"intron (NM_015804, intron 1 of 28)",CpG,440,NM_001293667,50770,,NM_015804,ENSMUSG00000031441,Atp11a,4930558F19Rik|Atpc1h|Ih,"ATPase, class VI, type 11A",protein-coding
2364,chr6,83135574,83136206,+,0,NA,promoter-TSS (NM_001136227),promoter-TSS (NM_001136227),82,NM_001136227,20166,,NM_009106,ENSMUSG00000034930,Rtkn,-,rhotekin,protein-coding
1899,chr3,146220801,146221385,+,0,NA,"5' UTR (NM_022983, exon 1 of 3)","5' UTR (NM_022983, exon 1 of 3)",132,NM_022983,65086,,NM_022983,ENSMUSG00000036832,Lpar3,Edg7|lpA3,lysophosphatidic acid receptor 3,protein-coding
3020,chr9,106225854,106226038,+,0,NA,"exon (NM_031178, exon 2 of 2)","exon (NM_031178, exon 2 of 2)",3348,NM_031178,81897,,NM_031178,ENSMUSG00000045322,Tlr9,-,toll-like receptor 9,protein-coding
68,chr1,55052921,55053327,+,0,NA,"intron (NM_026424, intron 1 of 3)",CpG,354,NM_001039710,67876,,NM_026424,ENSMUSG00000025981,Coq10b,1500041J02Rik|1700030I21Rik|9530077A17Rik,coenzyme Q10B,protein-coding
610,chr12,62548191,62548644,+,0,NA,Intergenic,L1Md_T|LINE|L1,-139370,NR_131949,73309,,NR_131949,,Spanxn4,1700047L15Rik,"SPANX family, member N4",ncRNA
2058,chr4,131919828,131922841,+,0,NA,promoter-TSS (NM_001201367),promoter-TSS (NM_001201367),-437,NM_001201367,623230,,NM_001201367,ENSMUSG00000070720,Tmem200b,EG623230,transmembrane protein 200B,protein-coding
447,chr11,87616876,87617637,+,0,NA,promoter-TSS (NM_001045527),promoter-TSS (NM_001045527),92,NM_001045527,327992,,NM_001045527,ENSMUSG00000070345,Hsf5,Gm739|MLZ-220,heat shock transcription factor family member 5,protein-coding
2743,chr8,83876980,83877316,+,0,NA,Intergenic,Intergenic,22579,NR_166528,105243235,,NR_166528,,Gm26721,-,"predicted gene, 26721",ncRNA
626,chr12,77239039,77239561,+,0,NA,"intron (NR_045554, intron 1 of 11)",CpG,561,NR_045554,53618,,NM_016893,ENSMUSG00000021065,Fut8,-,fucosyltransferase 8,protein-coding
635,chr12,83950892,83951585,+,0,NA,"exon (NM_023633, exon 1 of 1)","exon (NM_023633, exon 1 of 1)",630,NM_023633,71952,,NM_023633,ENSMUSG00000046791,Riox1,2410016O06Rik|MAPJD|NO66,ribosomal oxygenase 1,protein-coding
3078,chrX,21261089,21261592,+,0,NA,Intergenic,L1Md_T|LINE|L1,-39675,NR_169166,100503481,,NM_001252013,ENSMUSG00000087358,4930453H23Rik,-,RIKEN cDNA 4930453H23 gene,pseudo
788,chr13,92425903,92426541,+,0,NA,"intron (NM_175455, intron 1 of 4)",CpG,253,NM_175455,218440,,NM_175455,ENSMUSG00000045034,Ankrd34b,6430502M16Rik|DP58,ankyrin repeat domain 34B,protein-coding
28,JH584304.1,110018,110468,+,0,NA,NA,NA,NA,NA,,,,,,,,
1610,chr2,102400375,102400828,+,0,NA,"exon (NM_020267, exon 1 of 5)","exon (NM_020267, exon 1 of 5)",299,NM_020267,80985,,NM_020267,ENSMUSG00000027189,Trim44,Dipb|Mc7,tripartite motif-containing 44,protein-coding
810,chr13,111685690,111686095,+,0,NA,promoter-TSS (NM_172593),promoter-TSS (NM_172593),-286,NM_172593,218613,,NM_172593,ENSMUSG00000032727,Mier3,5730509D14|D130064H19Rik,MIER family member 3,protein-coding
486,chr11,98937531,98938236,+,0,NA,"intron (NM_009024, intron 1 of 8)",CpG,165,NM_001177302,19401,,NM_009024,ENSMUSG00000037992,Rara,Nr1b1|RAR|RARalpha1,"retinoic acid receptor, alpha",protein-coding
1074,chr16,4420036,4420279,+,0,NA,"5' UTR (NM_009624, exon 1 of 11)","5' UTR (NM_009624, exon 1 of 11)",341,NM_001291910,11515,,NM_009624,ENSMUSG00000005580,Adcy9,AC9|ACtp10|D16Wsu65e|mKIAA0520,adenylate cyclase 9,protein-coding
2949,chr9,57644998,57645663,+,0,NA,"5' UTR (NM_007783, exon 1 of 13)","5' UTR (NM_007783, exon 1 of 13)",323,NM_007783,12988,,NM_007783,ENSMUSG00000032312,Csk,p50CSK,c-src tyrosine kinase,protein-coding
1486,chr2,5942408,5942747,+,0,NA,"exon (NM_001081131, exon 1 of 17)","exon (NM_001081131, exon 1 of 17)",215,NM_001081131,209692,,NM_001081131,ENSMUSG00000025815,Dhtkd1,C330018I04Rik|E1a|OADC-E1|OADH-E1,dehydrogenase E1 and transketolase domain containing 1,protein-coding
2441,chr6,147263626,147263953,+,0,NA,"5' UTR (NM_008970, exon 1 of 4)","5' UTR (NM_008970, exon 1 of 4)",224,NM_008970,19227,,NM_008970,ENSMUSG00000048776,Pthlh,PLP|PTH-like|Pthrp,parathyroid hormone-like peptide,protein-coding
2063,chr4,132974880,132975144,+,0,NA,"intron (NM_010208, intron 1 of 12)","intron (NM_010208, intron 1 of 12)",917,NM_010208,14191,,NM_010208,ENSMUSG00000028874,Fgr,Ali18|Mhdaali18,"FGR proto-oncogene, Src family tyrosine kinase",protein-coding
3126,chrX,136139021,136139379,+,0,NA,"intron (NM_212457, intron 1 of 2)",CpG,204,NM_212457,406217,,NM_212457,ENSMUSG00000047844,Bex4,-,brain expressed X-linked 4,protein-coding
2359,chr6,72379855,72380798,+,0,NA,"intron (NM_016872, intron 1 of 2)",CpG,142,NM_001080742,53620,,NM_016872,ENSMUSG00000073002,Vamp5,Camp,vesicle-associated membrane protein 5,protein-coding
1724,chr2,174472308,174473122,+,0,NA,"intron (NM_025531, intron 1 of 5)",CpG,226,NM_025531,66390,,NM_025531,ENSMUSG00000016257,Prelid3b,2310042G06Rik|Slmo2,PRELI domain containing 3B,protein-coding
1613,chr2,103566196,103567244,+,0,NA,"5' UTR (NM_178890, exon 1 of 17)","5' UTR (NM_178890, exon 1 of 17)",410,NM_178890,99382,,NM_178890,ENSMUSG00000032724,Abtb2,-,ankyrin repeat and BTB domain containing 2,protein-coding
2104,chr4,147738436,147738925,+,0,NA,Intergenic,CpG,-36049,NM_001127188,100503584,,NM_001127188,ENSMUSG00000062518,Zfp534,Gm13159,zinc finger protein 534,protein-coding
2782,chr8,107292965,107294263,+,0,NA,"5' UTR (NM_133957, exon 1 of 16)","5' UTR (NM_133957, exon 1 of 16)",144,NM_018823,54446,,NM_018823,ENSMUSG00000003847,Nfat5,B130038B15Rik|CAG-8|CAG80|NFATL1|OREBP|TonEBP|mKIAA0827|nfatz,nuclear factor of activated T cells 5,protein-coding
170,chr1,171503654,171504092,+,0,NA,"exon (NM_019484, exon 1 of 1)","exon (NM_019484, exon 1 of 1)",395,NM_019484,56009,,NM_019484,ENSMUSG00000060244,Alyref2,C130042O11Rik|REF2|Refbp2,Aly/REF export factor 2,protein-coding
2103,chr4,147275429,147275929,+,0,NA,"intron (NM_001378742, intron 1 of 4)",CpG,-29925,NM_001384232,115489950,,NM_001384232,ENSMUSG00000078498,Zfp988,Gm13151,zinc finger protein 988,protein-coding
2886,chr9,8900252,8901542,+,0,NA,"exon (NM_008829, exon 1 of 8)","exon (NM_008829, exon 1 of 8)",1064,NM_008829,18667,,NM_008829,ENSMUSG00000031870,Pgr,9930019P03Rik|NR3C3|PR|PR-A|PR-B,progesterone receptor,protein-coding
1027,chr15,84557551,84557769,+,0,NA,"5' UTR (NM_177630, exon 1 of 1)","5' UTR (NM_177630, exon 1 of 1)",163,NM_177630,223732,,NM_177630,ENSMUSG00000055745,Rtl6,Ldoc1l|Mar6|Mart6,retrotransposon Gag like 6,protein-coding
1427,chr19,16874503,16874652,+,0,NA,promoter-TSS (NM_008023),promoter-TSS (NM_008023),-747,NM_008023,14240,,NM_008023,ENSMUSG00000056829,Foxb2,Fkh4,forkhead box B2,protein-coding
850,chr14,25607176,25607713,+,0,NA,"intron (NM_183208, intron 6 of 23)",CpG,3931,NM_001309430,100188919,,NM_001309430,,Israa,Gm45915,immune system associated SCR family kinase partner,protein-coding
1352,chr18,48217093,48217595,+,0,NA,Intergenic,L1Md_T|LINE|L1,172009,NM_001025388,433182,,NM_001025388,ENSMUSG00000059040,Eno1b,EG433182|Eno-1|Eno1|Gm5506|NNE,"enolase 1B, retrotransposed",protein-coding
1570,chr2,69722895,69723428,+,0,NA,promoter-TSS (NM_001081086),promoter-TSS (NM_001081086),73,NM_001081086,228005,,NM_001081086,ENSMUSG00000042133,Ppig,B230312B02Rik|CYP|SRCyp,peptidyl-prolyl isomerase G (cyclophilin G),protein-coding
2453,chr7,4707082,4707500,+,0,NA,"exon (NM_001003920, exon 14 of 19)","exon (NM_001003920, exon 14 of 19)",16363,NM_001003920,381979,,NM_001003920,ENSMUSG00000035390,Brsk1,Gm1100|SAD-B|SADB,BR serine/threonine kinase 1,protein-coding
2843,chr8,123598145,123599121,+,0,NA,Intergenic,Intergenic,-32546,NR_046127,100861480,,NR_046127,ENSMUSG00000119748,Gm25018,Rn5s10,"predicted gene, 25018",rRNA
1390,chr18,80322747,80323328,+,0,NA,"exon (NM_001190373, exon 3 of 4)","exon (NM_001190373, exon 3 of 4)",-39744,NR_168057,665054,,NR_168057,ENSMUSG00000102260,D330025C20Rik,-,RIKEN cDNA D330025C20 gene,ncRNA
757,chr13,55464097,55465007,+,0,NA,"intron (NM_001030296, intron 1 of 2)",CpG,285,NM_001030296,432763,,NM_001030296,ENSMUSG00000034686,Prr7,XM_484263,proline rich 7 (synaptic),protein-coding
3101,chrX,94726049,94726516,+,0,NA,"exon (NM_001081473, exon 1 of 1)","exon (NM_001081473, exon 1 of 1)",1713,NM_001081473,668166,,NM_001081473,ENSMUSG00000073062,Zxdb,Zxda,"zinc finger, X-linked, duplicated B",protein-coding
493,chr11,100969801,100970854,+,0,NA,"exon (NM_001359105, exon 1 of 2)","exon (NM_001359105, exon 1 of 2)",288,NM_001359105,19285,,NM_008986,ENSMUSG00000004044,Cavin1,2310075E07Rik|Cav-p60|Cavin|Ptrf,caveolae associated 1,protein-coding
1770,chr3,51339810,51340143,+,0,NA,"intron (NM_001356358, intron 1 of 10)",CpG,668,NM_001291059,69257,,NM_023502,ENSMUSG00000037174,Elf2,2610036A20Rik|A230104O07Rik|EU32|NERF|NERF-1A|NERF-1B|NERF-2,E74-like factor 2,protein-coding
2222,chr5,107359630,107359975,+,0,NA,"exon (NM_054054, exon 13 of 19)","exon (NM_054054, exon 13 of 19)",28608,NM_054054,114642,,NM_054054,ENSMUSG00000029279,Brdt,7420412D09Rik|Brd6|Fsrg3,"bromodomain, testis-specific",protein-coding
2835,chr8,123584345,123585321,+,0,NA,Intergenic,Intergenic,-18746,NR_046127,100861480,,NR_046127,ENSMUSG00000119748,Gm25018,Rn5s10,"predicted gene, 25018",rRNA
1644,chr2,127335950,127336310,+,0,NA,promoter-TSS (NM_010090),promoter-TSS (NM_010090),-29,NM_010090,13537,,NM_010090,ENSMUSG00000027368,Dusp2,PAC1,dual specificity phosphatase 2,protein-coding
887,chr14,54417623,54418018,+,0,NA,promoter-TSS (NM_011405),promoter-TSS (NM_011405),-118,NM_011405,20540,,NM_011405,ENSMUSG00000000958,Slc7a7,my+lat1,"solute carrier family 7 (cationic amino acid transporter, y+ system), member 7",protein-coding
2360,chr6,83033205,83033510,+,0,NA,promoter-TSS (NM_013586),promoter-TSS (NM_013586),114,NM_001291799,,,,,,,,
2374,chr6,86848760,86849498,+,0,NA,promoter-TSS (NM_177762),promoter-TSS (NM_177762),-155,NM_001378652,269774,,NM_177762,ENSMUSG00000057230,Aak1,5530400K14Rik|9630042K20|D6Ertd245e|Gm38495|mKIAA1048,AP2 associated kinase 1,protein-coding
2274,chr5,140829826,140830207,+,0,NA,"exon (NM_010302, exon 1 of 4)","exon (NM_010302, exon 1 of 4)",415,NM_010302,14673,,NM_010302,ENSMUSG00000000149,Gna12,Galpha12,"guanine nucleotide binding protein, alpha 12",protein-coding
1340,chr18,37767756,37768218,+,0,NA,"exon (NM_033595, exon 1 of 4)","exon (NM_033595, exon 1 of 4)",2407,NM_033595,93724,,NM_033595,ENSMUSG00000102428,Pcdhga12,Pcdh13|pc2c,"protocadherin gamma subfamily A, 12",protein-coding
1442,chr19,32595453,32596126,+,0,NA,promoter-TSS (NM_001201470),promoter-TSS (NM_001201470),74,NM_001201470,23972,,NM_011864,ENSMUSG00000024899,Papss2,1810018P12Rik|AtpsU2|Atpsk2|Sk2|bm,3'-phosphoadenosine 5'-phosphosulfate synthase 2,protein-coding
758,chr13,55825779,55826481,+,0,NA,"exon (NM_011097, exon 3 of 3)","exon (NM_011097, exon 3 of 3)",5295,NM_011097,18740,,NM_011097,ENSMUSG00000021506,Pitx1,Bft|P-OTX|Potx|Ptx1,paired-like homeodomain transcription factor 1,protein-coding
3005,chr9,95749608,95750128,+,0,NA,"5' UTR (NM_001311123, exon 1 of 12)","5' UTR (NM_001311123, exon 1 of 12)",480,NM_011643,22063,,NM_011643,ENSMUSG00000032839,Trpc1,Mtrp1|Trp1|Trrp1,"transient receptor potential cation channel, subfamily C, member 1",protein-coding
772,chr13,68999579,68999998,+,0,NA,promoter-TSS (NM_153534),promoter-TSS (NM_153534),-247,NM_153534,210044,,NM_153534,ENSMUSG00000021536,Adcy2,mKIAA1060,adenylate cyclase 2,protein-coding
2225,chr5,108694500,108695394,+,0,NA,promoter-TSS (NR_168909),promoter-TSS (NR_168909),718,NM_001164259,116701,,NM_054071,ENSMUSG00000008090,Fgfrl1,FGFR5|FGFR5beta|FGFR5gamma,fibroblast growth factor receptor-like 1,protein-coding
2439,chr6,143167337,143167936,+,0,NA,"exon (NM_029250, exon 1 of 8)","exon (NM_029250, exon 1 of 8)",406,NM_029250,75320,,NM_029250,ENSMUSG00000030275,Etnk1,1110061E11Rik|4930555L11Rik|D6Ertd3e|EKI1,ethanolamine kinase 1,protein-coding
2529,chr7,45053706,45054204,+,0,NA,promoter-TSS (NM_175022),promoter-TSS (NM_175022),-621,NM_175022,233210,,NM_175022,ENSMUSG00000046574,Prr12,6720469B10,proline rich 12,protein-coding
299,chr10,127165393,127165806,+,0,NA,promoter-TSS (NM_001244618),promoter-TSS (NM_001244618),-232,NM_027739,14421,,NM_008080,ENSMUSG00000006731,B4galnt1,4933429D13Rik|Gal-NAc-T|GalNAc-T|GalNAcT|Galgt1|Ggm-2|Ggm2,"beta-1,4-N-acetyl-galactosaminyl transferase 1",protein-coding
1206,chr17,28141637,28142232,+,0,NA,promoter-TSS (NM_001004366),promoter-TSS (NM_001004366),-375,NM_001004366,268935,,NM_001004366,ENSMUSG00000038677,Scube3,CEGF3|D030038I21Rik,"signal peptide, CUB domain, EGF-like 3",protein-coding
634,chr12,83922069,83922465,+,0,NA,promoter-TSS (NR_073564),promoter-TSS (NR_073564),-333,NR_073563,18222,,NM_010949,ENSMUSG00000021224,Numb,Nb,NUMB endocytic adaptor protein,protein-coding
2860,chr8,124751337,124751947,+,0,NA,"exon (NM_001081120, exon 1 of 2)","exon (NM_001081120, exon 1 of 2)",224,NM_001081120,69627,,NM_001081120,ENSMUSG00000043068,Fam89a,2310031A18Rik,"family with sequence similarity 89, member A",protein-coding
1285,chr17,81353608,81353861,+,0,NA,Intergenic,L1Md_T|LINE|L1,-288649,NM_028138,72167,,NM_028138,ENSMUSG00000024246,Thumpd2,2810025A12Rik,THUMP domain containing 2,protein-coding
2992,chr9,85843748,85844683,+,0,NA,"exon (NM_011627, exon 2 of 2)","exon (NM_011627, exon 2 of 2)",1363,NM_001164792,21983,,NM_011627,ENSMUSG00000035274,Tpbg,5T4|WAIF1,trophoblast glycoprotein,protein-coding
1583,chr2,74762889,74763800,+,0,NA,promoter-TSS (NR_110445),promoter-TSS (NR_110445),364,NM_010467,15429,,NM_010467,ENSMUSG00000042448,Hoxd1,Hox-4.9,homeobox D1,protein-coding
233,chr10,54074803,54075761,+,0,NA,promoter-TSS (NR_038016),promoter-TSS (NR_038016),455,NM_008548,17155,,NM_008548,ENSMUSG00000003746,Man1a,Man1a1|PCR1,"mannosidase 1, alpha",protein-coding
2961,chr9,64022548,64022677,+,0,NA,promoter-TSS (NM_008542),promoter-TSS (NM_008542),-553,NM_008542,17130,,NM_008542,ENSMUSG00000036867,Smad6,Madh6|b2b390Clo,SMAD family member 6,protein-coding
21,JH584304.1,95578,96228,+,0,NA,NA,NA,NA,NA,,,,,,,,
345,chr11,48837251,48837974,+,0,NA,"exon (NM_001347446, exon 1 of 7)","exon (NM_001347446, exon 1 of 7)",141,NM_001347446,94089,,NM_053166,ENSMUSG00000040350,Trim7,-,tripartite motif-containing 7,protein-coding
1177,chr17,12992275,12992616,+,0,NA,promoter-TSS (NM_175394),promoter-TSS (NM_175394),94,NM_175394,60532,,NM_175394,ENSMUSG00000060475,Wtap,2810408K05Rik|9430038B09Rik,WT1 associating protein,protein-coding
1821,chr3,93443717,93444663,+,0,NA,"exon (NM_001163098, exon 2 of 2)","exon (NM_001163098, exon 2 of 2)",1860,NM_001163098,99681,,NM_001163098,ENSMUSG00000052415,Tchh,AHF|Thh,trichohyalin,protein-coding
1479,chr19,56874252,56874682,+,0,NA,promoter-TSS (NM_172840),promoter-TSS (NM_172840),51,NM_172840,240675,,NM_172840,ENSMUSG00000025082,Vwa2,Amaco,von Willebrand factor A domain containing 2,protein-coding
1139,chr16,84773968,84774447,+,0,NA,promoter-TSS (NM_023844),promoter-TSS (NM_023844),84,NM_023844,67374,,NM_023844,ENSMUSG00000053062,Jam2,1110002N23Rik|2410030G21Rik|2410167M24Rik|JAM-2|JAM-B|Jcam2|VE-JAM,junction adhesion molecule 2,protein-coding
2334,chr6,47758527,47758787,+,0,NA,Intergenic,Intergenic,-5732,NR_002841,19799,,NR_002841,,Rn4.5s,-,4.5S RNA,rRNA
1609,chr2,101678344,101678977,+,0,NA,"intron (NM_001303273, intron 1 of 6)",CpG,240,NM_001303273,22034,,NM_009424,ENSMUSG00000027164,Traf6,2310003F17Rik|C630032O20Rik,TNF receptor-associated factor 6,protein-coding
1218,chr17,32965797,32966332,+,0,NA,promoter-TSS (NR_033585),promoter-TSS (NR_033585),233,NM_153063,224691,,NM_153063,ENSMUSG00000053600,Zfp472,KRIM-1|Krim-1A|Krim-1B|Krim1,zinc finger protein 472,protein-coding
2766,chr8,94695838,94696264,+,0,NA,"exon (NM_026385, exon 1 of 4)","exon (NM_026385, exon 1 of 4)",191,NM_026385,67801,,NM_026385,ENSMUSG00000031775,Pllp,0610010I06Rik|Plapi|Tm4sf11,plasma membrane proteolipid,protein-coding
1236,chr17,35359368,35359759,+,0,NA,Intergenic,CpG,17256,NM_001368740,15013,,NM_010392,ENSMUSG00000091705,H2-Q2,Gm11132|H-2Q2|H2-D1|H2-K1|gs14-2,"histocompatibility 2, Q region locus 2",protein-coding
1335,chr18,35887931,35888410,+,0,NA,Intergenic,CpG,-22163,NR_165175,115488923,,NR_165175,ENSMUSG00000118347,C330008A17Rik,-,RIKEN cDNA C330008A17 gene,ncRNA
1532,chr2,32166774,32166911,+,0,NA,"intron (NM_001159634, intron 1 of 31)","intron (NM_001159634, intron 1 of 31)",15694,NM_172661,227723,,NM_172661,ENSMUSG00000039262,Prrc2b,5830434P21Rik|Bat2l|Bat2l1|D430039P21|mKIAA0515,proline-rich coiled-coil 2B,protein-coding
1912,chr4,11006883,11007597,+,0,NA,"intron (NM_175175, intron 1 of 1)",CpG,379,NM_175175,71801,,NM_175175,ENSMUSG00000049969,Plekhf2,1110070J07Rik|ZFYVE18,"pleckstrin homology domain containing, family F (with FYVE domain) member 2",protein-coding
1134,chr16,77014138,77014432,+,0,NA,"intron (NM_013918, intron 1 of 23)",CpG,216,NM_013918,30940,,NM_013918,ENSMUSG00000022867,Usp25,-,ubiquitin specific peptidase 25,protein-coding
2816,chr8,123550452,123551347,+,0,NA,promoter-TSS (NR_046155).3,promoter-TSS (NR_046155).3,-114,NR_046140,100861488,,NR_046140,ENSMUSG00000119493,Gm26391,Rn5s17,"predicted gene, 26391",rRNA
529,chr11,115257737,115258415,+,0,NA,"exon (NM_010350, exon 5 of 15)","exon (NM_010350, exon 5 of 15)",9167,NM_010350,14813,,NM_010350,ENSMUSG00000020734,Grin2c,GluN2C|NMDAR2C|NR2C,"glutamate receptor, ionotropic, NMDA2C (epsilon 3)",protein-coding
2401,chr6,113494068,113495740,+,0,NA,"exon (NM_172487, exon 4 of 4)","exon (NM_172487, exon 4 of 4)",6914,NM_172487,210673,,NM_172487,ENSMUSG00000045009,Prrt3,6330505P20|B230206N24Rik,proline-rich transmembrane protein 3,protein-coding
2902,chr9,22467616,22468336,+,0,NA,"intron (NM_018739, intron 1 of 5)",CpG,380,NM_018739,55934,,NM_018739,ENSMUSG00000032239,Rp9,PAP-1|Rp9h,retinitis pigmentosa 9 (human),protein-coding
2398,chr6,113392591,113392919,+,0,NA,"exon (NM_133923, exon 1 of 13)","exon (NM_133923, exon 1 of 13)",292,NM_133923,101100,,NM_133923,ENSMUSG00000030276,Ttll3,4833441J24Rik,"tubulin tyrosine ligase-like family, member 3",protein-coding
1923,chr4,16162932,16163601,+,0,NA,promoter-TSS (NR_045765),promoter-TSS (NR_045765),377,NM_001329751,192656,,NM_138952,ENSMUSG00000041135,Ripk2,2210420D18Rik|CARD3|CARDIAK|CCK|D4Bwg0615e|RICK|RIP2,receptor (TNFRSF)-interacting serine-threonine kinase 2,protein-coding
555,chr11,120948356,120949609,+,0,NA,promoter-TSS (NM_001038654),promoter-TSS (NM_001038654),-85,NM_001038653,80879,,NM_030696,ENSMUSG00000025161,Slc16a3,Mct3|Mct4,"solute carrier family 16 (monocarboxylic acid transporters), member 3",protein-coding
2328,chr6,47453876,47454271,+,0,NA,promoter-TSS (NM_012042),promoter-TSS (NM_012042),-246,NM_012042,26965,,NM_012042,ENSMUSG00000029686,Cul1,Cul-1,cullin 1,protein-coding
1499,chr2,19445832,19446624,+,0,NA,"exon (NM_018809, exon 1 of 2)","exon (NM_018809, exon 1 of 2)",446,NR_131924,102637107,,NR_131924,ENSMUSG00000085388,Ptf1aos,Gm13336,"pancreas specific transcription factor 1a, opposite strand",ncRNA
570,chr12,19387375,19388220,+,0,NA,promoter-TSS (NM_001384145),promoter-TSS (NM_001384145),-73,NM_001384146,544848,,NM_001384145,,Gm5784,EG544848|Gm29737,predicted gene 5784,protein-coding
195,chr10,7211558,7212172,+,0,NA,"5' UTR (NM_172546, exon 1 of 13)","5' UTR (NM_172546, exon 1 of 13)",372,NM_172546,215748,,NM_172546,ENSMUSG00000015202,Cnksr3,6820402C05|Magi1,Cnksr family member 3,protein-coding
390,chr11,69633152,69633570,+,0,NA,"exon (NM_011814, exon 1 of 17)","exon (NM_011814, exon 1 of 17)",390,NM_011814,23879,,NM_011814,ENSMUSG00000018765,Fxr2,FXR2P|Fxr2h,FMR1 autosomal homolog 2,protein-coding
2125,chr4,155249743,155250436,+,0,NA,"non-coding (NR_033802, exon 1 of 3)","non-coding (NR_033802, exon 1 of 3)",123,NR_033802,67513,,NM_001190445,ENSMUSG00000073684,Faap20,2610002J02Rik,Fanconi anemia core complex associated protein 20,protein-coding
2762,chr8,92960707,92961191,+,0,NA,promoter-TSS (NM_009209),promoter-TSS (NM_009209),-98,NM_009209,20538,,NM_009209,ENSMUSG00000055368,Slc6a2,NE-T|NET|Slc6a5,"solute carrier family 6 (neurotransmitter transporter, noradrenalin), member 2",protein-coding
1064,chr15,100728805,100729903,+,0,NA,promoter-TSS (NM_001161767),promoter-TSS (NM_001161767),22,NM_172451,207839,,NM_172451,ENSMUSG00000037280,Galnt6,4632410F13|GalNAc-T6,polypeptide N-acetylgalactosaminyltransferase 6,protein-coding
319,chr11,11685787,11686771,+,0,NA,promoter-TSS (NR_166812),promoter-TSS (NR_166812),354,NM_009578,22778,,NM_009578,ENSMUSG00000018654,Ikzf1,5832432G11Rik|Ikaros|LyF-1|Zfpn1a1|Znfn1a1|hlk-1|mKIAA4227,IKAROS family zinc finger 1,protein-coding
2714,chr8,69654485,69655083,+,0,NA,"intron (NM_001177527, intron 1 of 3)",CpG,228,NM_001177527,636741,,NM_001177527,ENSMUSG00000091764,Zfp964,4732490P12|EG636741|Gm7187,zinc finger protein 964,protein-coding
2141,chr5,23433164,23433439,+,0,NA,promoter-TSS (NR_165300),promoter-TSS (NR_165300),35,NR_165300,269630,,NM_001033370,ENSMUSG00000073147,5031425E22Rik,-,RIKEN cDNA 5031425E22 gene,ncRNA
1957,chr4,58911422,58911855,+,0,NA,"intron (NM_001355697, intron 1 of 49)",CpG,292,NM_001355697,230249,,NM_172381,ENSMUSG00000050812,Ecpas,mKIAA0368,Ecm29 proteasome adaptor and scaffold,protein-coding
1596,chr2,84871760,84872615,+,0,NA,"exon (NM_199223, exon 3 of 3)","exon (NM_199223, exon 3 of 3)",14505,NM_199223,269295,,NM_199223,ENSMUSG00000050896,Rtn4rl2,Ngr2|Ngrh1|Ngrl3,reticulon 4 receptor-like 2,protein-coding
939,chr14,93215227,93216354,+,0,NA,"intron (NM_001081377, intron 4 of 4)",L1Md_T|LINE|L1,674879,NM_001271798,211712,,NM_001081377,ENSMUSG00000055421,Pcdh9,-,protocadherin 9,protein-coding
1972,chr4,76214404,76214522,+,0,NA,"intron (NR_160919, intron 13 of 39)",L1Md_A|LINE|L1,129780,NM_001352629,19266,,NM_011211,ENSMUSG00000028399,Ptprd,1110002J03Rik|3000002J10Rik|B230219D21Rik|R-PTP-delta,protein tyrosine phosphatase receptor type D,protein-coding
2357,chr6,60828904,60829323,+,0,NA,promoter-TSS (NM_001042451),promoter-TSS (NM_001042451),-109,NM_001042451,20617,,NM_009221,ENSMUSG00000025889,Snca,NACP|alpha-Syn|alphaSYN,"synuclein, alpha",protein-coding
1875,chr3,127698036,127698468,+,0,NA,"intron (NM_027808, intron 3 of 13)","intron (NM_027808, intron 3 of 13)",65116,NM_009718,11924,,NM_009718,ENSMUSG00000027967,Neurog2,Atoh4|Math4A|bHLHa8|ngn-2|ngn2,neurogenin 2,protein-coding
932,chr14,77036190,77036638,+,0,NA,promoter-TSS (NM_001310648),promoter-TSS (NM_001310648),203,NM_172488,210808,,NM_172488,ENSMUSG00000044350,Lacc1,9030625A04Rik,laccase domain containing 1,protein-coding
2038,chr4,124894578,124894857,+,0,NA,promoter-TSS (NR_040651),promoter-TSS (NR_040651),65,NR_040651,73628,,NR_040651,ENSMUSG00000085263,1700125G02Rik,-,RIKEN cDNA 1700125G02 gene,ncRNA
704,chr13,13437268,13437836,+,0,NA,promoter-TSS (NM_010917),promoter-TSS (NM_010917),-50,NM_010917,18073,,NM_010917,ENSMUSG00000005397,Nid1,A630025O17|Nid|entactin|entactin-1|nidogen-1,nidogen 1,protein-coding
371,chr11,60776863,60777240,+,0,NA,promoter-TSS (NM_175491),promoter-TSS (NM_175491),314,NM_009410,21975,,NM_009410,ENSMUSG00000002814,Top3a,-,topoisomerase (DNA) III alpha,protein-coding
779,chr13,78194952,78195794,+,0,NA,"exon (NM_001347538, exon 2 of 3)","exon (NM_001347538, exon 2 of 3)",1076,NM_001347538,13865,,NM_010151,ENSMUSG00000069171,Nr2f1,COUP-TF1|COUP-TFI|COUPTFA|EAR-3|EAR3|Erbal3|SVP44|Tcfcoup1,"nuclear receptor subfamily 2, group F, member 1",protein-coding
2475,chr7,19279122,19279929,+,0,NA,"exon (NM_177691, exon 1 of 5)","exon (NM_177691, exon 1 of 5)",524,NM_177691,232941,,NM_177691,ENSMUSG00000030402,Ppm1n,A930002H20,"protein phosphatase, Mg2+/Mn2+ dependent, 1N (putative)",protein-coding
520,chr11,106739076,106739649,+,0,NA,Intergenic,Intergenic,-11864,NM_001271372,380732,,NM_001033435,ENSMUSG00000040528,Milr1,Allergin-1|Gm885|Mca32,mast cell immunoglobulin like receptor 1,protein-coding
240,chr10,75060934,75062426,+,0,NA,"exon (NM_001081412, exon 1 of 23)","exon (NM_001081412, exon 1 of 23)",784,NM_001081412,110279,,NM_001081412,ENSMUSG00000009681,Bcr,5133400C09Rik|mKIAA3017,BCR activator of RhoGEF and GTPase,protein-coding
1377,chr18,67133000,67133897,+,0,NA,promoter-TSS (NM_010307),promoter-TSS (NM_010307),-112,NM_010307,14680,,NM_010307,ENSMUSG00000024524,Gnal,2610011C15Rik|9630020G10Rik|Galphaolf|Gna10|Golf|Hg1o,"guanine nucleotide binding protein, alpha stimulating, olfactory type",protein-coding
3045,chr9,119341334,119342121,+,0,NA,"intron (NM_001357516, intron 1 of 10)",CpG,433,NM_001357516,113868,,NM_130864,ENSMUSG00000036138,Acaa1a,Acaa|Acaa1|D9Ertd25e|PTL,acetyl-Coenzyme A acyltransferase 1A,protein-coding
2600,chr7,107209161,107210745,+,0,NA,"exon (NM_029660, exon 1 of 1)","exon (NM_029660, exon 1 of 1)",508,NM_029660,76572,,NM_029660,ENSMUSG00000073894,Rbmxl2,1700012H05Rik|Hnrnpg-t,"RNA binding motif protein, X-linked-like 2",protein-coding
560,chr12,4476124,4476628,+,0,NA,"intron (NM_010881, intron 1 of 22)","intron (NM_010881, intron 1 of 22)",806,NM_010881,17977,,NM_010881,ENSMUSG00000020647,Ncoa1,KAT13A|NCoA-1|NRC-1|SRC-1|SRC-a|SRC1|bHLHe74|mNRC-1,nuclear receptor coactivator 1,protein-coding
2108,chr4,149307302,149307738,+,0,NA,"5' UTR (NM_001290995, exon 1 of 49)","5' UTR (NM_001290995, exon 1 of 49)",178,NM_207682,16561,,NM_008441,ENSMUSG00000063077,Kif1b,A530096N05Rik|D4Mil1e|KIF1Bp130|KIF1Bp204,kinesin family member 1B,protein-coding
3114,chrX,101849491,101850110,+,0,NA,"exon (NM_001163610, exon 1 of 8)","exon (NM_001163610, exon 1 of 8)",415,NM_001163610,100042480,,NM_001163610,ENSMUSG00000079481,Nhsl2,1110062M06Rik|6430511F03|EG621083|Gm10456,NHS like 2,protein-coding
1272,chr17,68840675,68841803,+,0,NA,"exon (NM_001206661, exon 2 of 2)","exon (NM_001206661, exon 2 of 2)",4103,NM_001206661,622645,,NM_001206661,ENSMUSG00000095407,Tmem200c,EG622645|Gm6338,transmembrane protein 200C,protein-coding
674,chr12,109453590,109453715,+,0,NA,"non-coding (NR_033813, exon 2 of 6)","non-coding (NR_033813, exon 2 of 6)",197,NM_010052,13386,,NM_010052,ENSMUSG00000040856,Dlk1,DLK-1|DlkI|FA1|Ly107|Peg9|SCP1|ZOG|pG2|pref-1,delta like non-canonical Notch ligand 1,protein-coding
2700,chr8,45051127,45051506,+,0,NA,"exon (NM_001081286, exon 26 of 26)","exon (NM_001081286, exon 26 of 26)",14102,NR_033588,434310,,NR_033588,ENSMUSG00000066158,AY512931,-,cDNA sequence AY512931,ncRNA
417,chr11,74896748,74897443,+,0,NA,promoter-TSS (NM_001374688),promoter-TSS (NM_001374688),-26,NM_001374688,97761,,NM_197943,ENSMUSG00000038351,Sgsm2,D630003G22Rik|Rutbc1|mKIAA0397,small G protein signaling modulator 2,protein-coding
1136,chr16,78375817,78377393,+,0,NA,"non-coding (NR_002700, exon 1 of 5)","non-coding (NR_002700, exon 1 of 5)",152,NR_002700,654432,,NR_002700,,Gm7334,EG654432,B-cell translocation gene 3 pseudogene,pseudo
1938,chr4,43059070,43059538,+,0,NA,"intron (NM_001384106, intron 1 of 39)",CpG,351,NM_001310758,22249,,NM_021468,ENSMUSG00000028456,Unc13b,Munc13-1|Munc13-2|Unc13a|Unc13h1|Unc13h2,unc-13 homolog B,protein-coding
2459,chr7,12753568,12753791,+,0,NA,Intergenic,L1Md_T|LINE|L1,-20574,NM_001104648,629079,,NM_001104648,ENSMUSG00000090762,Vmn2r56,EG629079,"vomeronasal 2, receptor 56",protein-coding
2719,chr8,70374593,70375839,+,0,NA,"intron (NM_016685, intron 4 of 18)",CpG-14087,1668,NM_016685,12845,,NM_016685,ENSMUSG00000031849,Comp,TSP5,cartilage oligomeric matrix protein,protein-coding
2929,chr9,48495454,48495532,+,0,NA,promoter-TSS (NR_037589),promoter-TSS (NR_037589),150,NM_001004191,434402,,NM_001004191,ENSMUSG00000042293,Gm5617,EG434402,predicted gene 5617,protein-coding
2496,chr7,28277809,28278359,+,0,NA,"exon (NM_001177427, exon 1 of 1)","exon (NM_001177427, exon 1 of 1)",378,NM_001177427,434156,,NM_001177427,ENSMUSG00000070705,Eid2b,3010005C08Rik,EP300 interacting inhibitor of differentiation 2B,protein-coding
1436,chr19,29101428,29101817,+,0,NA,"exon (NM_021525, exon 1 of 9)","exon (NM_021525, exon 1 of 9)",247,NM_021525,59028,,NM_021525,ENSMUSG00000024785,Rcl1,2310040A02Rik|RPCL1|Rnac,RNA terminal phosphate cyclase-like 1,protein-coding
723,chr13,34652384,34652943,+,0,NA,promoter-TSS (NR_105041),promoter-TSS (NR_105041),18,NR_168618,66895,,NM_025831,ENSMUSG00000021411,Pxdc1,1300014I06Rik,PX domain containing 1,protein-coding
544,chr11,117199325,117199951,+,0,NA,promoter-TSS (NM_001113486),promoter-TSS (NM_001113486),-23,NM_001113486,53860,,NM_017380,ENSMUSG00000059248,Septin9,MSF1|Msf|PNUTL4|Sept9|Sint1,septin 9,protein-coding
1608,chr2,100547110,100547429,+,0,NA,Intergenic,L1Md_T|LINE|L1,1073777,NM_001362687,68170,,NM_026592,ENSMUSG00000027165,Iftap,B230118H07Rik|NWC,intraflagellar transport associated protein,protein-coding
74,chr1,59762780,59763354,+,0,NA,Intergenic,CpG,-1212,NM_007561,12168,,NM_007561,ENSMUSG00000067336,Bmpr2,2610024H22Rik|BMP-2|BMPR-2|BMPR-II|BMPRII|BRK-3|Gm20272,bone morphogenetic protein receptor type 2,protein-coding
2586,chr7,93079890,93081016,+,0,NA,"exon (NM_021427, exon 1 of 2)","exon (NM_021427, exon 1 of 2)",574,NM_021427,58238,,NM_021427,ENSMUSG00000051515,Fam181b,A830059I20Rik,"family with sequence similarity 181, member B",protein-coding
2882,chr9,3037861,3038195,+,0,NA,TTS (NR_039546),TTS (NR_039546),715,NR_039546,100628572,,NR_039546,ENSMUSG00000106183,Mir101c,mir-101c|mmu-mir-101c,microRNA 101c,ncRNA
298,chr10,125966645,125967068,+,0,NA,"intron (NM_177152, intron 1 of 18)",CpG,637,NM_177152,320398,,NM_177152,ENSMUSG00000020105,Lrig3,9030421L11Rik|9130004I02Rik|9430095K15Rik|mKIAA3016,leucine-rich repeats and immunoglobulin-like domains 3,protein-coding
1548,chr2,37793204,37794010,+,0,NA,"exon (NM_001163566, exon 10 of 13)","exon (NM_001163566, exon 10 of 13)",17358,NM_001163566,241324,,NM_001163566,ENSMUSG00000035403,Crb2,5930402A21,crumbs family member 2,protein-coding
1711,chr2,165233456,165234622,+,0,NA,"intron (NM_174988, intron 1 of 11)",CpG,698,NM_174988,104010,,NM_174988,ENSMUSG00000053166,Cdh22,-,cadherin 22,protein-coding
93,chr1,77515360,77515687,+,0,NA,promoter-TSS (NM_007936),promoter-TSS (NM_007936),-435,NM_007936,13838,,NM_007936,ENSMUSG00000026235,Epha4,2900005C20Rik|Cek8|Hek8|Sek|Sek1|Tyro1|rb,Eph receptor A4,protein-coding
3010,chr9,98842212,98843022,+,0,NA,promoter-TSS (NM_001134660),promoter-TSS (NM_001134660),30,NM_001134660,623166,,NM_001134660,ENSMUSG00000091080,Prr23a1,EG623166|Gm6400|Prr23a,"proline rich 23A, member 1",protein-coding
1777,chr3,57575274,57575880,+,0,NA,"intron (NM_001168281, intron 1 of 6)",CpG,299,NM_133784,97064,,NM_133784,ENSMUSG00000027803,Wwtr1,2310058J06Rik|2610021I22Rik|Taz,WW domain containing transcription regulator 1,protein-coding
1378,chr18,67448759,67449292,+,0,NA,"5' UTR (NM_027130, exon 1 of 17)","5' UTR (NM_027130, exon 1 of 17)",167,NM_027130,69597,,NM_027130,ENSMUSG00000024527,Afg3l2,2310036I02Rik|Emv66|par,AFG3-like AAA ATPase 2,protein-coding
3161,chrY,90763645,90764039,+,0,NA,Intergenic,Intergenic,-8792,NR_137283,654820,,NM_001039559,ENSMUSG00000072844,G530011O06Rik,-,RIKEN cDNA G530011O06 gene,ncRNA
1451,chr19,38836373,38837814,+,0,NA,"exon (NM_001362424, exon 1 of 11)","exon (NM_001362424, exon 1 of 11)",514,NM_145952,209478,,NM_145952,ENSMUSG00000048720,Tbc1d12,-,"TBC1D12: TBC1 domain family, member 12",protein-coding
597,chr12,51592941,51593813,+,0,NA,promoter-TSS (NM_001198835),promoter-TSS (NM_001198835),36,NM_007728,12810,,NM_007728,ENSMUSG00000020953,Coch,Coch-5B2|D12H14S564E,cochlin,protein-coding
248,chr10,80342366,80342419,+,0,NA,"exon (NM_001285435, exon 9 of 13)","exon (NM_001285435, exon 9 of 13)",6056,NR_104340,66548,,NM_025629,ENSMUSG00000043822,Adamtsl5,2010109H09Rik|Thsd6,ADAMTS-like 5,protein-coding
734,chr13,45078579,45079117,+,0,NA,Intergenic,CpG,-76752,NM_025772,94245,,NM_025772,ENSMUSG00000057531,Dtnbp1,5430437B18Rik|Bloc1s8|dysbindin|sdy,dystrobrevin binding protein 1,protein-coding
686,chr12,112589308,112589502,+,0,NA,"intron (NM_001374199, intron 1 of 21)","intron (NM_001374199, intron 1 of 21)",621,NM_198411,70435,,NM_198411,ENSMUSG00000037679,Inf2,2610204M08Rik|EG629699,"inverted formin, FH2 and WH2 domain containing",protein-coding
2369,chr6,85450740,85451342,+,0,NA,promoter-TSS (NM_007638),promoter-TSS (NM_007638),261,NM_001163427,73327,,NM_028505,ENSMUSG00000030008,Pradc1,1700040I03Rik|Pap21,protease-associated domain containing 1,protein-coding
2318,chr6,35346133,35346390,+,0,NA,Intergenic,L1Md_T|LINE|L1,15415,NR_040526,73409,,NR_040526,ENSMUSG00000107341,1700065J11Rik,-,RIKEN cDNA 1700065J11 gene,ncRNA
267,chr10,91181306,91182213,+,0,NA,Intergenic,CpG,-10140,NM_001080129,21917,,NM_011605,ENSMUSG00000019961,Tmpo,5630400D24Rik|LAP2|TP,thymopoietin,protein-coding
2249,chr5,123749707,123750195,+,0,NA,promoter-TSS (NM_001359866),promoter-TSS (NM_001359866),225,NM_001042421,208628,,NM_001042421,ENSMUSG00000029414,Kntc1,D330012D13|jgl,kinetochore associated 1,protein-coding
2078,chr4,135964197,135964474,+,0,NA,"intron (NM_001356493, intron 1 of 10)","intron (NM_001356493, intron 1 of 10)",610,NM_001356493,74246,,NM_178389,ENSMUSG00000028671,Gale,2310002A12Rik,"galactose-4-epimerase, UDP",protein-coding
2270,chr5,139535278,139535759,+,0,NA,"intron (NR_040701, intron 2 of 3)","intron (NR_040701, intron 2 of 3)",-8380,NM_013702,22255,,NM_013702,ENSMUSG00000029546,Uncx,Chx4|Uncx4.1,UNC homeobox,protein-coding
1354,chr18,50128281,50128621,+,0,NA,"intron (NM_008292, intron 1 of 23)",CpG,250,NM_008292,15488,,NM_008292,ENSMUSG00000024507,Hsd17b4,17-beta-HSD|17[b]-HSD|DBP|MFE-2|MFP2|MPF-2|Mfp-2|perMFE-2,hydroxysteroid (17-beta) dehydrogenase 4,protein-coding
2796,chr8,120114139,120114842,+,0,NA,"intron (NM_172286, intron 1 of 12)",CpG,338,NM_172286,234797,,NM_172286,ENSMUSG00000031824,6430548M08Rik,Kiaa0513|mKIAA0513,RIKEN cDNA 6430548M08 gene,protein-coding
1900,chr3,146499014,146500029,+,0,NA,promoter-TSS (NM_010318),promoter-TSS (NM_010318),232,NM_027617,70951,,NM_027617,ENSMUSG00000028188,Spata1,4921536I21Rik|SP-2,spermatogenesis associated 1,protein-coding
87,chr1,74772031,74772354,+,0,NA,"exon (NM_009526, exon 1 of 4)","exon (NM_009526, exon 1 of 4)",300,NM_009526,22420,,NM_009526,ENSMUSG00000033227,Wnt6,Wnt-6,"wingless-type MMTV integration site family, member 6",protein-coding
2282,chr5,147725998,147726779,+,0,NA,promoter-TSS (NM_001363135),promoter-TSS (NM_001363135),-377,NM_001363135,14254,,NM_010228,ENSMUSG00000029648,Flt1,Flt-1|VEGFR-1|VEGFR1|sFlt1,FMS-like tyrosine kinase 1,protein-coding
3079,chrX,36328482,36329493,+,0,NA,"exon (NM_028894, exon 1 of 11)","exon (NM_028894, exon 1 of 11)",578,NM_028894,74365,,NM_028894,ENSMUSG00000016239,Lonrf3,4932412G04Rik|5730439E01Rik|A830039N02Rik|Rnf127,LON peptidase N-terminal domain and ring finger 3,protein-coding
777,chr13,75942919,75943703,+,0,NA,"exon (NM_028493, exon 2 of 12)","exon (NM_028493, exon 2 of 12)",513,NM_028493,73296,,NM_028493,ENSMUSG00000021589,Rhobtb3,1700040C17Rik|2610033K01Rik|4930503C18Rik|mKIAA0878,Rho-related BTB domain containing 3,protein-coding
481,chr11,98149625,98149804,+,0,NA,promoter-TSS (NM_028149),promoter-TSS (NM_028149),-98,NM_028149,72194,,NM_028149,ENSMUSG00000020883,Fbxl20,2610511F20Rik|4632423N09Rik|Fbl2|Scr|mKIAA4147,F-box and leucine-rich repeat protein 20,protein-coding
82,chr1,66863059,66863301,+,0,NA,"exon (NM_007381, exon 1 of 11)","exon (NM_007381, exon 1 of 11)",129,NM_007381,11363,,NM_007381,ENSMUSG00000026003,Acadl,LCAD,"acyl-Coenzyme A dehydrogenase, long-chain",protein-coding
2354,chr6,57824725,57825047,+,0,NA,"intron (NM_146168, intron 1 of 4)",CpG,239,NM_146168,232023,,NM_146168,ENSMUSG00000037788,Vopp1,Ecop,"vesicular, overexpressed in cancer, prosurvival protein 1",protein-coding
2444,chr6,148443747,148444146,+,0,NA,"exon (NM_198967, exon 1 of 20)","exon (NM_198967, exon 1 of 20)",406,NM_001347518,387314,,NM_198967,ENSMUSG00000030306,Tmtc1,Arg99,transmembrane and tetratricopeptide repeat containing 1,protein-coding
2118,chr4,153957041,153957339,+,0,NA,promoter-TSS (NM_175287),promoter-TSS (NM_175287),-47,NM_001163019,97159,,NM_175287,ENSMUSG00000047613,A430005L14Rik,-,RIKEN cDNA A430005L14 gene,protein-coding
2997,chr9,87839721,87840035,+,0,NA,Intergenic,L1Md_A|LINE|L1,-108618,NM_023814,76365,,NM_023814,ENSMUSG00000032419,Tbx18,2810012F10Rik|2810404D13Rik,T-box18,protein-coding
934,chr14,79451804,79452462,+,0,NA,"exon (NM_001034882, exon 1 of 1)","exon (NM_001034882, exon 1 of 1)",298,NM_001034882,432879,,NM_001034882,ENSMUSG00000075502,Kbtbd6,EG432879|Gm5465|Zbtbd6,kelch repeat and BTB (POZ) domain containing 6,protein-coding
1428,chr19,17394070,17394506,+,0,NA,"5' UTR (NM_019437, exon 1 of 4)","5' UTR (NM_019437, exon 1 of 4)",245,NM_019437,54391,,NM_019437,ENSMUSG00000024712,Rfk,0610038L10Rik|KOI-4,riboflavin kinase,protein-coding
2854,chr8,123616688,123617682,+,0,NA,Intergenic,Intergenic,-36744,NM_133955,69581,,NM_133955,ENSMUSG00000039960,Rhou,2310026M05Rik|Arhu|CDC42L1|G28K|WRCH-1|WRCH1|mG28K,ras homolog family member U,protein-coding
1192,chr17,24804295,24804593,+,0,NA,promoter-TSS (NM_029197),promoter-TSS (NM_029197),62,NM_029197,75178,,NM_029197,ENSMUSG00000024155,Meiob,4930528F23Rik|MLZ-675,meiosis specific with OB domains,protein-coding
1552,chr2,48814264,48814472,+,0,NA,"5' UTR (NM_007396, exon 1 of 11)","5' UTR (NM_007396, exon 1 of 11)",259,NM_007396,11480,,NM_007396,ENSMUSG00000052155,Acvr2a,ActrIIa|Acvr2|TactrII,activin receptor IIA,protein-coding
666,chr12,103388719,103389063,+,0,NA,"intron (NM_026580, intron 1 of 5)",CpG,209,NM_001177841,68149,,NM_026580,ENSMUSG00000021203,Otub2,2010015L18Rik|4930586I02Rik|OTB2|OTU2,"OTU domain, ubiquitin aldehyde binding 2",protein-coding
459,chr11,95010046,95010376,+,0,NA,"5' UTR (NM_146025, exon 1 of 10)","5' UTR (NM_146025, exon 1 of 10)",332,NM_001364135,217125,,NM_146025,ENSMUSG00000047181,Samd14,-,sterile alpha motif domain containing 14,protein-coding
399,chr11,70321786,70322257,+,0,NA,"intron (NM_145684, intron 1 of 13)","intron (NM_145684, intron 1 of 13)",509,NM_145684,11685,,NM_145684,ENSMUSG00000018907,Alox12e,12-LOX|12-LOX-e|8-LOX|Alox12-ps1|Alox12-ps2|Aloxe|e-LOX1,"arachidonate lipoxygenase, epidermal",protein-coding
2788,chr8,111731818,111732216,+,0,NA,"intron (NM_009954, intron 1 of 6)",CpG,119,NM_001198839,12927,,NM_009954,ENSMUSG00000031955,Bcar1,Cas|Crkas,breast cancer anti-estrogen resistance 1,protein-coding
2912,chr9,37384120,37384947,+,0,NA,"exon (NM_175189, exon 7 of 7)","exon (NM_175189, exon 7 of 7)",16927,NM_175189,72927,,NM_175189,ENSMUSG00000046240,Hepacam,2900042E01Rik|Glialcam|Hepn1,hepatocyte cell adhesion molecule,protein-coding
2163,chr5,33997051,33997582,+,0,NA,"intron (NM_001001985, intron 1 of 2)",CpG,1332,NM_001001985,269642,,NM_001001985,ENSMUSG00000048142,Nat8l,1110038O08Rik|Shati,N-acetyltransferase 8-like,protein-coding
2373,chr6,86732979,86733249,+,0,NA,"exon (NM_011818, exon 1 of 14)","exon (NM_011818, exon 1 of 14)",264,NM_011818,23885,,NM_011818,ENSMUSG00000001157,Gmcl1,2810049L19Rik|Btbd13|DIP|Gcl|Gcl-1|glc-1|mglc-1,"germ cell-less, spermatogenesis associated 1",protein-coding
1176,chr17,10840383,10841094,+,0,NA,promoter-TSS (NM_027032),promoter-TSS (NM_027032),379,NM_016694,50873,,NM_016694,ENSMUSG00000023826,Prkn,Park2,parkin RBR E3 ubiquitin protein ligase,protein-coding
1730,chr2,180641810,180642524,+,0,NA,"exon (NM_178254, exon 1 of 6)","exon (NM_178254, exon 1 of 6)",524,NM_001360335,277353,,NM_178254,ENSMUSG00000038932,Tcfl5,Figlb|Sosf1,transcription factor-like 5 (basic helix-loop-helix),protein-coding
2094,chr4,143212663,143213153,+,0,NA,promoter-TSS (NM_001256380),promoter-TSS (NM_001256380),-199,NM_001256380,110593,,NM_001081355,ENSMUSG00000057637,Prdm2,4833427P12Rik|E330024L24Rik|Gm1033|Gm19732|KMT8|Riz|Riz1|Znfpr1c1,"PR domain containing 2, with ZNF domain",protein-coding
2768,chr8,94917694,94918341,+,0,NA,promoter-TSS (NM_001033533),promoter-TSS (NM_001033533),81,NM_001033533,234582,,NM_001033533,ENSMUSG00000063605,Ccdc102a,Gm586,coiled-coil domain containing 102A,protein-coding
2350,chr6,54943905,54944256,+,0,NA,"exon (NM_001171007, exon 4 of 12)","exon (NM_001171007, exon 4 of 12)",27581,NM_001171007,107607,,NM_172729,ENSMUSG00000038058,Nod1,C230079P11|Card4|F830007N14Rik|Nlrc1|mNod1,nucleotide-binding oligomerization domain containing 1,protein-coding
749,chr13,54372035,54372129,+,0,NA,"intron (NM_009946, intron 1 of 3)","intron (NM_009946, intron 1 of 3)",733,NM_009946,12890,,NM_009946,ENSMUSG00000025867,Cplx2,921-L|Gm34843,complexin 2,protein-coding
903,chr14,57825905,57826585,+,0,NA,promoter-TSS (NM_026401),promoter-TSS (NM_026401),6,NM_026401,67840,,NM_026401,ENSMUSG00000021967,Mrpl57,2610025P17Rik|Mrp63,mitochondrial ribosomal protein L57,protein-coding
1842,chr3,104864253,104864986,+,0,NA,promoter-TSS (NM_009797),promoter-TSS (NM_009797),113,NM_001253702,229681,,NM_153091,ENSMUSG00000045576,St7l,St7r,suppression of tumorigenicity 7-like,protein-coding
568,chr12,19044394,19045084,+,0,NA,Intergenic,CpG,-343131,NM_001384146,544848,,NM_001384145,,Gm5784,EG544848|Gm29737,predicted gene 5784,protein-coding
3111,chrX,100108205,100108463,+,0,NA,"intron (NM_001177942, intron 1 of 7)",L1Md_A|LINE|L1,132728,NM_001177937,13607,,NM_010099,ENSMUSG00000059327,Eda,EDA1|Ed1|Eda-A1|Eda-A2|HED|Ta|Tnlg7c|XLHED|tabby,ectodysplasin-A,protein-coding
1053,chr15,99096724,99097885,+,0,NA,Intergenic,CpG,-2180,NM_176835,72778,,NM_176835,ENSMUSG00000038009,Dnajc22,2810451A06Rik,DnaJ heat shock protein family (Hsp40) member C22,protein-coding
2795,chr8,119895955,119896462,+,0,NA,Intergenic,RLTR4_MM-int|LTR|ERV1,-14152,NM_009462,22224,,NM_009462,ENSMUSG00000031826,Usp10,2610014N07Rik|UBPO|Uchrp|mKIAA0190,ubiquitin specific peptidase 10,protein-coding
269,chr10,94515192,94515446,+,0,NA,"intron (NM_172051, intron 1 of 3)",CpG,462,NM_172051,319880,,NM_172051,ENSMUSG00000020023,Tmcc3,A230066D03Rik|C630016B22Rik|Gm1556|Tmcc1,transmembrane and coiled coil domains 3,protein-coding
369,chr11,59787365,59787675,+,0,NA,promoter-TSS (NR_110894),promoter-TSS (NR_110894),137,NM_183139,194908,,NM_183139,ENSMUSG00000043648,Pld6,4933433K01Rik|Gm10|Zuc|mZuc|mitoPLD,phospholipase D family member 6,protein-coding
1815,chr3,89412103,89412385,+,0,NA,promoter-TSS (NR_155545),promoter-TSS (NR_155545),-363,NR_155545,319945,,NM_177041,ENSMUSG00000042642,Flad1,A930017E24Rik|Pp591,flavin adenine dinucleotide synthetase 1,protein-coding
96,chr1,86018503,86018863,+,0,NA,Intergenic,CpG,-3262,NM_027029,70060,,NM_027029,ENSMUSG00000026226,Spata3,1700011N12Rik|1700029H01Rik|4930424D10Rik|Mtsarg1|Tsarg1,spermatogenesis associated 3,protein-coding
1575,chr2,73273463,73273612,+,0,NA,"exon (NM_001005343, exon 2 of 2)","exon (NM_001005343, exon 2 of 2)",1611,NM_001005343,381373,,NM_001005343,ENSMUSG00000068859,Sp9,-,trans-acting transcription factor 9,protein-coding
706,chr13,13784069,13785262,+,0,NA,"intron (NM_010317, intron 1 of 3)",CpG,358,NM_010317,14706,,NM_010317,ENSMUSG00000021303,Gng4,Hg3c,"guanine nucleotide binding protein (G protein), gamma 4",protein-coding
2945,chr9,55542161,55542949,+,0,NA,"exon (NM_027397, exon 3 of 6)","exon (NM_027397, exon 3 of 6)",1406,NM_027397,104360,,NM_027397,ENSMUSG00000032318,Isl2,3110001N10Rik,insulin related protein 2 (islet 2),protein-coding
1736,chr2,181670953,181671796,+,0,NA,"exon (NM_009236, exon 1 of 2)","exon (NM_009236, exon 1 of 2)",266,NM_009236,20672,,NM_009236,ENSMUSG00000046470,Sox18,Ra|Ragl,SRY (sex determining region Y)-box 18,protein-coding
2660,chr7,144861466,144861843,+,0,NA,"exon (NM_010202, exon 1 of 3)","exon (NM_010202, exon 1 of 3)",268,NM_010202,14175,,NM_010202,ENSMUSG00000050917,Fgf4,Fgf-4|Fgf7a|Fgfk|HBGF-4|Hst1|Hstf-1|KS3|hst|hst-1|kFGF,fibroblast growth factor 4,protein-coding
2583,chr7,88130009,88130771,+,0,NA,"exon (NM_001143834, exon 11 of 11)","exon (NM_001143834, exon 11 of 11)",-147695,NM_009982,13032,,NM_009982,ENSMUSG00000030560,Ctsc,CatC|DPP1|DPPI,cathepsin C,protein-coding
252,chr10,80591905,80592239,+,0,NA,Intergenic,Intergenic,-1731,NM_145421,216169,,NM_145421,ENSMUSG00000003346,Abhd17a,1700013O15Rik|D10Bwg1364e|Fam108a,abhydrolase domain containing 17A,protein-coding
1487,chr2,6327259,6328409,+,0,NA,"intron (NM_001080548, intron 1 of 14)","intron (NM_001080548, intron 1 of 14)",5077,NM_001080548,98910,,NM_181399,ENSMUSG00000039046,Usp6nl,RNTRE|TRE2NL|mKIAA0019,USP6 N-terminal like,protein-coding
1758,chr3,36571676,36571940,+,0,NA,"exon (NM_009828, exon 2 of 9)","exon (NM_009828, exon 2 of 9)",1230,NM_009828,12428,,NM_009828,ENSMUSG00000027715,Ccna2,Ccn-1|Ccn1|Ccna|CycA2|Cyca,cyclin A2,protein-coding
2433,chr6,135078525,135078927,+,0,NA,"exon (NM_181444, exon 2 of 4)","exon (NM_181444, exon 2 of 4)",13064,NM_181444,232431,,NM_181444,ENSMUSG00000046733,Gprc5a,Rai3|Raig1,"G protein-coupled receptor, family C, group 5, member A",protein-coding
878,chr14,46398229,46398563,+,0,NA,Intergenic,Intergenic,-7727,NM_001316360,12159,,NM_007554,ENSMUSG00000021835,Bmp4,Bmp-4|Bmp2b|Bmp2b-1|Bmp2b1,bone morphogenetic protein 4,protein-coding
1477,chr19,56548292,56549344,+,0,NA,promoter-TSS (NM_018831),promoter-TSS (NM_018831),557,NM_025811,66866,,NM_025811,ENSMUSG00000025078,Nhlrc2,1200003G01Rik,NHL repeat containing 2,protein-coding
2445,chr6,148944866,148945694,+,0,NA,promoter-TSS (NM_001355645),promoter-TSS (NM_001355645),423,NR_144294,109163,,NM_175404,ENSMUSG00000085355,3010003L21Rik,-,RIKEN cDNA 3010003L21 gene,ncRNA
2957,chr9,63144256,63146394,+,0,NA,"exon (NM_172446, exon 2 of 9)","exon (NM_172446, exon 2 of 9)",1655,NM_172446,207667,,NM_172446,ENSMUSG00000022245,Skor1,C230094B15Rik|Corl1|Lbxcor1,SKI family transcriptional corepressor 1,protein-coding
3055,chr9,122351306,122352302,+,0,NA,"exon (NM_026179, exon 1 of 7)","exon (NM_026179, exon 1 of 7)",188,NM_026179,67469,,NM_026179,ENSMUSG00000032540,Abhd5,1300003D03Rik|2010002J10Rik|CGI-58|IECN5|NCIE2,abhydrolase domain containing 5,protein-coding
3043,chr9,119156340,119157177,+,0,NA,"intron (NM_146230, intron 1 of 11)",CpG-15481,335,NM_146230,235674,,NM_146230,ENSMUSG00000010651,Acaa1b,-,acetyl-Coenzyme A acyltransferase 1B,protein-coding
223,chr10,43578973,43579695,+,0,NA,"intron (NM_009846, intron 1 of 1)",CpG,165,NM_009846,12484,,NM_009846,ENSMUSG00000047139,Cd24a,Cd24|HSA|Ly-52|nectadrin,CD24a antigen,protein-coding
3153,chrY,10770761,10771084,+,0,NA,Intergenic,L1Md_T|LINE|L1,426926,NM_001199331,100040022,,NM_001199331,ENSMUSG00000095172,Gm20822,-,"predicted gene, 20822",protein-coding
2618,chr7,125707230,125708170,+,0,NA,promoter-TSS (NM_001358287),promoter-TSS (NM_001358287),-12,NM_207239,233863,,NM_207239,ENSMUSG00000032777,Gtf3c1,-,general transcription factor III C 1,protein-coding
1622,chr2,109918112,109918764,+,0,NA,"intron (NM_172671, intron 1 of 17)",(TG)n|Simple_repeat|Simple_repeat,791,NM_172671,107515,,NM_172671,ENSMUSG00000050199,Lgr4,9130225G07|A330106J01Rik|A930009A08Rik|Gpr48,leucine-rich repeat-containing G protein-coupled receptor 4,protein-coding
1794,chr3,75956257,75956722,+,0,NA,"5' UTR (NM_001291069, exon 1 of 16)","5' UTR (NM_001291069, exon 1 of 16)",460,NM_001291069,73124,,NM_175193,ENSMUSG00000034109,Golim4,3110027H23Rik|GIMPC|GPP130|Golph4|P138,golgi integral membrane protein 4,protein-coding
1891,chr3,144198529,144199059,+,0,NA,"intron (NM_010723, intron 2 of 4)",CpG,3538,NM_001161770,16911,,NM_010723,ENSMUSG00000028266,Lmo4,A730077C12Rik|Crp3|Etohi4,LIM domain only 4,protein-coding
1502,chr2,23155857,23156245,+,0,NA,promoter-TSS (NM_025979),promoter-TSS (NM_025979),-27,NM_025979,67121,,NM_025979,ENSMUSG00000026779,Mastl,2700091H24Rik|GW|GWL|MAST-L|THC2,microtubule associated serine/threonine kinase-like,protein-coding
1034,chr15,89075606,89076570,+,0,NA,promoter-TSS (NM_001378756),promoter-TSS (NM_001378756),7,NM_001378758,67976,,NM_026485,ENSMUSG00000015363,Trabd,5730502D15Rik,TraB domain containing,protein-coding
38,chr1,13373559,13374858,+,0,NA,promoter-TSS (NM_008678),promoter-TSS (NM_008678),-125,NM_008678,17978,,NM_008678,ENSMUSG00000005886,Ncoa2,D1Ertd433e|GRIP-1|Grip1|KAT13C|NCoA-2|SRC-2|TIF2|bHLHe75,nuclear receptor coactivator 2,protein-coding
1495,chr2,18690155,18690608,+,0,NA,Intergenic,CpG,-8641,NM_001001334,381350,,NM_001001334,ENSMUSG00000037708,Spag6,Spag6l,sperm associated antigen 6,protein-coding
2674,chr8,15442333,15442672,+,0,NA,Intergenic,L1Md_T|LINE|L1,384849,NM_008664,17930,,NM_008664,ENSMUSG00000031461,Myom2,-,myomesin 2,protein-coding
1621,chr2,109890477,109890815,+,0,NA,promoter-TSS (NM_011699),promoter-TSS (NM_011699),-232,NM_011699,22343,,NM_011699,ENSMUSG00000027162,Lin7c,9130007B12Rik|D2Ertd520e|LIN-7-C|LIN-7C|MALS-3|Veli3,"lin-7 homolog C, crumbs cell polarity complex component",protein-coding
3134,chrX,143229835,143230284,+,0,NA,Intergenic,L1Md_T|LINE|L1,130465,NM_001040434,209540,,NM_001040434,ENSMUSG00000085584,Rtl9,Gm385|Mar9|Mart9|Rgag1,retrotransposon Gag like 9,protein-coding
1061,chr15,99874911,99875543,+,0,NA,"intron (NM_001113545, intron 1 of 10)","intron (NM_001113545, intron 1 of 10)",229,NM_001113545,65970,,NM_023063,ENSMUSG00000023022,Lima1,Eplin,LIM domain and actin binding 1,protein-coding
2621,chr7,126792048,126792454,+,0,NA,"5' UTR (NM_001360464, exon 1 of 8)","5' UTR (NM_001360464, exon 1 of 8)",113,NM_001360464,56420,,NM_019674,ENSMUSG00000030697,Ppp4c,1110002D08Rik|PP-X|PP4C|Ppx|pp4,"protein phosphatase 4, catalytic subunit",protein-coding
1671,chr2,148045862,148046942,+,0,NA,promoter-TSS (NM_001291067),promoter-TSS (NM_001291067),-454,NM_001291065,15376,,NM_010446,ENSMUSG00000037025,Foxa2,HNF3-beta|HNF3beta|Hnf-3b|Hnf3b|Tcf-3b|Tcf3b,forkhead box A2,protein-coding
474,chr11,97415575,97416174,+,0,NA,Intergenic,CpG,-34286,NM_021493,58996,,NM_021493,ENSMUSG00000049807,Arhgap23,A330041B18Rik,Rho GTPase activating protein 23,protein-coding
200,chr10,18022740,18023090,+,0,NA,"intron (NM_028440, intron 1 of 2)",CpG,175,NM_001359560,73112,,NM_028440,ENSMUSG00000078453,Abracl,1700028I04Rik|3110003A17Rik,ABRA C-terminal like,protein-coding
1237,chr17,35379733,35380615,+,0,NA,"intron (NM_001143689, intron 2 of 5)",CpG-6320,557,NM_001143689,15015,,NM_001143689,ENSMUSG00000035929,H2-Q4,H-2Q4|H2-D1|H2-Gs10|Qa-4|Qa4|Qat-4|Qb-1|Qb1,"histocompatibility 2, Q region locus 4",protein-coding
1209,chr17,29007325,29008029,+,0,NA,"intron (NM_001357173, intron 1 of 13)",CpG,318,NM_001357173,106504,,NM_134115,ENSMUSG00000024006,Stk38,5830476G13Rik|9530097A09Rik|Ndr1,serine/threonine kinase 38,protein-coding
1839,chr3,104219553,104219896,+,0,NA,"exon (NM_001159354, exon 1 of 21)","exon (NM_001159354, exon 1 of 21)",682,NM_133853,99470,,NM_133853,ENSMUSG00000052539,Magi3,4732496O19Rik|6530407C02Rik|mKIAA1634,"membrane associated guanylate kinase, WW and PDZ domain containing 3",protein-coding
1300,chr17,88440204,88440577,+,0,NA,promoter-TSS (NM_180974),promoter-TSS (NM_180974),-314,NM_001355742,14236,,NM_180974,ENSMUSG00000034998,Foxn2,3230402J05Rik|6030465J18Rik|Fkh19|Foxn1|HTLF,forkhead box N2,protein-coding
1068,chr15,101077970,101079138,+,0,NA,Intergenic,CpG,-24155,NM_001214911,668225,,NM_001214911,ENSMUSG00000095440,Fignl2,EG668225,fidgetin-like 2,protein-coding
2669,chr8,13907736,13908027,+,0,NA,"intron (NM_001359061, intron 1 of 10)",CpG,142,NM_025785,66822,,NM_025785,ENSMUSG00000038365,Fbxo25,9130015I06Rik|Fbx25,F-box protein 25,protein-coding
294,chr10,121641672,121642086,+,0,NA,"exon (NM_177335, exon 1 of 13)","exon (NM_177335, exon 1 of 13)",178,NM_177335,216393,,NM_177335,ENSMUSG00000047642,D930020B18Rik,1500017I17Rik,RIKEN cDNA D930020B18 gene,protein-coding
435,chr11,79711310,79712299,+,0,NA,promoter-TSS (NR_029579),promoter-TSS (NR_029579),-165,NR_029579,387188,,NR_029579,ENSMUSG00000065395,Mir193a,Mir193|Mirn193|mir-193a|mmu-mir-193|mmu-mir-193a,microRNA 193a,ncRNA
2346,chr6,52314298,52314818,+,0,NA,"intron (NM_007966, intron 1 of 2)","intron (NM_007966, intron 1 of 2)",274,NR_038163,70593,,NR_038163,ENSMUSG00000086126,Evx1os,5730457N03Rik|Evx1as,"even skipped homeotic gene 1, opposite strand",ncRNA
1191,chr17,24658053,24658583,+,0,NA,"exon (NM_001099664, exon 1 of 2)","exon (NM_001099664, exon 1 of 2)",234,NM_001099664,381073,,NM_001099664,ENSMUSG00000071230,Npw,Gm935,neuropeptide W,protein-coding
670,chr12,108274694,108274940,+,0,NA,"exon (NM_001159910, exon 1 of 6)","exon (NM_001159910, exon 1 of 6)",576,NM_001159910,668158,,NM_001159910,ENSMUSG00000084883,Ccdc85c,EG668158|Gm265|Gm9010|hhy,coiled-coil domain containing 85C,protein-coding
853,chr14,26182227,26182444,+,0,NA,promoter-TSS (NM_001270503).3,promoter-TSS (NM_001270503).3,16,NM_001374766,211623,,NM_207229,ENSMUSG00000095304,Plac9,Gm10393|Gm9780|Plac9a|Plac9b,placenta specific 9,protein-coding
259,chr10,81996986,81997313,+,0,NA,Intergenic,CpG,-50974,NM_001319203,408062,,NM_001024626,ENSMUSG00000061371,Zfp873,-,zinc finger protein 873,protein-coding
1461,chr19,45039705,45040106,+,0,NA,"intron (NM_001195265, intron 3 of 15)","intron (NM_001195265, intron 3 of 15)",5867,NM_001195265,100503041,,NM_177605,ENSMUSG00000074818,Pdzd7,9130207N01|EG435601|Pdzk7,PDZ domain containing 7,protein-coding
359,chr11,54438255,54438684,+,0,NA,"intron (NM_173753, intron 1 of 17)",CpG,290,NM_173753,216742,,NM_173753,ENSMUSG00000035992,Fnip1,A730024A03Rik,folliculin interacting protein 1,protein-coding
1598,chr2,85048312,85048607,+,0,NA,Intergenic,CpG,-2001,NM_001081260,228140,,NM_001081260,ENSMUSG00000033955,Tnks1bp1,Tab182|mKIAA1741,tankyrase 1 binding protein 1,protein-coding
596,chr12,51348068,51348557,+,0,NA,promoter-TSS (NM_001167964),promoter-TSS (NM_001167964),82,NM_001167963,217558,,NM_001015099,ENSMUSG00000035293,G2e3,6030408C04Rik|9030416F18|D930034K21Rik|mKIAA1333,G2/M-phase specific E3 ubiquitin ligase,protein-coding
491,chr11,100939018,100939507,+,0,NA,"5' UTR (NM_213660, exon 1 of 24)","5' UTR (NM_213660, exon 1 of 24)",278,NM_011486,20848,,NM_011486,ENSMUSG00000004040,Stat3,1110034C02Rik|Aprf,signal transducer and activator of transcription 3,protein-coding
2088,chr4,138395350,138396417,+,0,NA,"exon (NM_001081672, exon 1 of 1)","exon (NM_001081672, exon 1 of 1)",575,NM_001081672,625638,,NM_001081672,ENSMUSG00000078235,Fam43b,-,"family with sequence similarity 43, member B",protein-coding
633,chr12,83771796,83772386,+,0,NA,"intron (NM_001205343, intron 4 of 27)",CpG-3345,8457,NM_130887,170721,,NM_130887,ENSMUSG00000021223,Papln,E030033C16Rik,"papilin, proteoglycan-like sulfated glycoprotein",protein-coding
2892,chr9,20727673,20727995,+,0,NA,promoter-TSS (NM_001357635),promoter-TSS (NM_001357635),395,NM_173777,244723,,NM_173777,ENSMUSG00000032172,Olfm2,A030009A06Rik,olfactomedin 2,protein-coding
1161,chr16,96127400,96128417,+,0,NA,promoter-TSS (NM_008251),promoter-TSS (NM_008251),-183,NM_008251,15312,,NM_008251,ENSMUSG00000040681,Hmgn1,HMG-14|Hmg14,high mobility group nucleosomal binding domain 1,protein-coding
3072,chrX,12087285,12087853,+,0,NA,"intron (NM_001168321, intron 1 of 13)",CpG,-7016,NM_029510,71458,,NM_029510,ENSMUSG00000040363,Bcor,2900008C10Rik|5830466J11Rik|8430401K06Rik|BcorR|D930024N20Rik|mKIAA1575,BCL6 interacting corepressor,protein-coding
2903,chr9,24147440,24148609,+,0,NA,"intron (NM_175678, intron 3 of 9)",L1Md_T|LINE|L1,50006,NM_175678,319239,,NM_175678,ENSMUSG00000043659,Npsr1,9330128H10Rik|GPRA|Gpr154|MVTR|PGR14|VRR1,neuropeptide S receptor 1,protein-coding
272,chr10,96616954,96618001,+,0,NA,"intron (NM_007569, intron 1 of 1)",CpG,476,NM_007569,12226,,NM_007569,ENSMUSG00000036478,Btg1,-,BTG anti-proliferation factor 1,protein-coding
420,chr11,75172433,75173501,+,0,NA,promoter-TSS (NR_029546),promoter-TSS (NR_029546),-421,NR_029794,387208,,NR_029794,ENSMUSG00000065590,Mir212,Mirn212|mir-212|mmu-mir-212,microRNA 212,ncRNA
2852,chr8,123613237,123613918,+,0,NA,Intergenic,(CTCG)n|Simple_repeat|Simple_repeat,-40352,NM_133955,69581,,NM_133955,ENSMUSG00000039960,Rhou,2310026M05Rik|Arhu|CDC42L1|G28K|WRCH-1|WRCH1|mG28K,ras homolog family member U,protein-coding
2342,chr6,51612468,51612751,+,0,NA,Intergenic,CpG,67316,NM_001361577,71982,,NM_028035,ENSMUSG00000038301,Snx10,2410004M09Rik,sorting nexin 10,protein-coding
789,chr13,92530553,92530853,+,0,NA,"5' UTR (NM_173392, exon 1 of 18)","5' UTR (NM_173392, exon 1 of 18)",107,NM_173392,218441,,NM_173392,ENSMUSG00000021706,Zfyve16,B130024H06Rik|B130031L15|mKIAA0305,"zinc finger, FYVE domain containing 16",protein-coding
1675,chr2,151842693,151843158,+,0,NA,promoter-TSS (NM_001040689),promoter-TSS (NM_001040689),-2,NM_001040689,228770,,NM_001040689,ENSMUSG00000032852,Rspo4,A730099F22|A930029K19Rik,R-spondin 4,protein-coding
2031,chr4,123233643,123233957,+,0,NA,"5' UTR (NM_013905, exon 1 of 5)","5' UTR (NM_013905, exon 1 of 5)",244,NM_013905,56198,,NM_013905,ENSMUSG00000032744,Heyl,Hey3|Hrt3|bHLHb33|hesr3,hairy/enhancer-of-split related with YRPW motif-like,protein-coding
3038,chr9,114057009,114058280,+,0,NA,"exon (NM_001101510, exon 1 of 5)","exon (NM_001101510, exon 1 of 5)",290,NM_001101510,382111,,NM_001101510,ENSMUSG00000086596,Susd5,Gm1126,sushi domain containing 5,protein-coding
3097,chrX,74282515,74283125,+,0,NA,promoter-TSS (NM_001172154),promoter-TSS (NM_001172154),102,NM_001290738,66826,,NM_181516,ENSMUSG00000009995,Tafazzin,5031411C02Rik|9130012G04Rik|G4.5|Taz,"tafazzin, phospholipid-lysophospholipid transacylase",protein-coding
3077,chrX,21245668,21245828,+,0,NA,Intergenic,L1Md_T|LINE|L1,-24083,NR_169166,100503481,,NM_001252013,ENSMUSG00000087358,4930453H23Rik,-,RIKEN cDNA 4930453H23 gene,pseudo
851,chr14,25694320,25694526,+,0,NA,"exon (NM_134084, exon 1 of 6)","exon (NM_134084, exon 1 of 6)",253,NM_134084,105675,,NM_134084,ENSMUSG00000021868,Ppif,CyP-D|CyP-F|CypD|PPIase,peptidylprolyl isomerase F (cyclophilin F),protein-coding
2232,chr5,113772782,113773200,+,0,NA,promoter-TSS (NM_016926),promoter-TSS (NM_016926),190,NM_001363317,66383,,NM_025526,ENSMUSG00000025825,Iscu,2310020H20Rik|ISCU2|Nifu|Nifun,iron-sulfur cluster assembly enzyme,protein-coding
2077,chr4,135152141,135153144,+,0,NA,promoter-TSS (NM_001369050),promoter-TSS (NM_001369050),97,NM_001369050,12399,,NM_019732,ENSMUSG00000070691,Runx3,AML2|Cbfa3|Pebp2a3|Rx3,runt related transcription factor 3,protein-coding
2147,chr5,25759927,25760440,+,0,NA,"intron (NM_001310504, intron 1 of 10)",CpG,210,NM_001004365,242894,,NM_001004365,ENSMUSG00000056367,Actr3b,9630005C02|ARP11|Arp3b|Arp3beta,ARP3 actin-related protein 3B,protein-coding
469,chr11,97021553,97022344,+,0,NA,"non-coding (NR_133649, exon 1 of 2)","non-coding (NR_133649, exon 1 of 2)",3206,NM_001363230,83395,,NM_031183,ENSMUSG00000038560,Sp6,1110025J03Rik|Epfn|Klf14,trans-acting transcription factor 6,protein-coding
1359,chr18,53464049,53465378,+,0,NA,"exon (NM_001033281, exon 1 of 7)","exon (NM_001033281, exon 1 of 7)",167,NM_001033281,225518,,NM_001033281,ENSMUSG00000069378,Prdm6,Gm92|PRISM,PR domain containing 6,protein-coding
368,chr11,59307033,59307556,+,0,NA,"intron (NM_139298, intron 1 of 3)",CpG,364,NM_139298,216795,,NM_139298,ENSMUSG00000000126,Wnt9a,Wnt14|wnt-14,"wingless-type MMTV integration site family, member 9A",protein-coding
3054,chr9,121995694,121996011,+,0,NA,"intron (NM_001289558, intron 1 of 3)",CpG,174,NM_001289560,215494,,NM_153540,ENSMUSG00000066235,Pomgnt2,Ago61|Gtdc2,"protein O-linked mannose beta 1,4-N-acetylglucosaminyltransferase 2",protein-coding
1602,chr2,91921430,91923212,+,0,NA,"5' UTR (NM_007699, exon 1 of 2)","5' UTR (NM_007699, exon 1 of 2)",132,NM_007699,12672,,NM_007699,ENSMUSG00000040495,Chrm4,AChR M4|Chrm-4|M4|mm4 mAChR,"cholinergic receptor, muscarinic 4",protein-coding
801,chr13,103334001,103334321,+,0,NA,"exon (NM_175171, exon 1 of 29)","exon (NM_175171, exon 1 of 29)",331,NM_175171,328329,,NM_175171,ENSMUSG00000034751,Mast4,4930420O11Rik|mKIAA0303,microtubule associated serine/threonine kinase family member 4,protein-coding
556,chr11,121387725,121388227,+,0,NA,promoter-TSS (NR_106095),promoter-TSS (NR_106095),275,NM_139147,217371,,NM_139147,ENSMUSG00000025170,Rab40b,SEC4L|rar,"Rab40B, member RAS oncogene family",protein-coding
2862,chr8,125054191,125054575,+,0,NA,"intron (NM_174854, intron 1 of 12)",CpG,188,NM_174853,244667,,NM_170596,ENSMUSG00000043051,Disc1,-,disrupted in schizophrenia 1,protein-coding
1254,chr17,47010017,47010581,+,0,NA,"5' UTR (NM_146078, exon 1 of 47)","5' UTR (NM_146078, exon 1 of 47)",233,NM_146078,224826,,NM_146078,ENSMUSG00000023977,Ubr2,9930021A08Rik|E130209G04Rik|mKIAA0349,ubiquitin protein ligase E3 component n-recognin 2,protein-coding
1511,chr2,26021249,26021694,+,0,NA,"exon (NM_133835, exon 1 of 10)","exon (NM_133835, exon 1 of 10)",289,NM_001362681,98766,,NM_133835,ENSMUSG00000036352,Ubac1,1110033G07Rik|GBDR1|Gdbr1|Kpc2|Ubadc1,ubiquitin associated domain containing 1,protein-coding
1659,chr2,137116832,137117415,+,0,NA,promoter-TSS (NM_013822),promoter-TSS (NM_013822),-603,NM_013822,16449,,NM_013822,ENSMUSG00000027276,Jag1,ABE2|Gena228|Gsfabe2|Htu|Ozz|Ser-1,jagged 1,protein-coding
1817,chr3,89830807,89831833,+,0,NA,promoter-TSS (NM_172530),promoter-TSS (NM_172530),-50,NM_172530,214547,,NM_172530,ENSMUSG00000046280,She,9430022A14,src homology 2 domain-containing transforming protein E,protein-coding
449,chr11,88620280,88620600,+,0,NA,"intron (NR_131025, intron 1 of 2)","intron (NR_131025, intron 1 of 2)",1189,NR_131025,68397,,NR_131025,,0610039H22Rik,-,RIKEN cDNA 0610039H22 gene,ncRNA
2877,chr9,3028516,3028867,+,0,NA,Intergenic,GSAT_MM|Satellite|Satellite,10052,NR_039546,100628572,,NR_039546,ENSMUSG00000106183,Mir101c,mir-101c|mmu-mir-101c,microRNA 101c,ncRNA
2180,chr5,62227964,62228361,+,0,NA,Intergenic,L1Md_T|LINE|L1,419319,NM_019468,14380,,NM_019468,ENSMUSG00000089992,G6pd2,G6pdx-ps1|Gpd-2|Gpd2,glucose-6-phosphate dehydrogenase 2,protein-coding
1394,chr18,86395178,86395494,+,0,NA,"5' UTR (NM_144946, exon 1 of 11)","5' UTR (NM_144946, exon 1 of 11)",384,NM_144946,246317,,NM_144946,ENSMUSG00000050321,Neto1,Btcl1|C130005O10Rik,neuropilin (NRP) and tolloid (TLL)-like 1,protein-coding
112,chr1,95313667,95314399,+,0,NA,"exon (NM_026321, exon 1 of 3)","exon (NM_026321, exon 1 of 3)",405,NM_026321,67698,,NM_026321,ENSMUSG00000051185,Fam174a,2310044D20Rik|Fam174|Naa6|Tmem157,"family with sequence similarity 174, member A",protein-coding
178,chr1,179902633,179903047,+,0,NA,Intergenic,(TCTA)n|Simple_repeat|Simple_repeat,-57920,NM_001359543,226751,,NM_001033285,ENSMUSG00000026490,Cdc42bpa,A930014J19Rik|DMPK-like,CDC42 binding protein kinase alpha,protein-coding
2959,chr9,64020213,64020558,+,0,NA,"exon (NM_008542, exon 1 of 4)","exon (NM_008542, exon 1 of 4)",1674,NM_008542,17130,,NM_008542,ENSMUSG00000036867,Smad6,Madh6|b2b390Clo,SMAD family member 6,protein-coding
1541,chr2,34772269,34772611,+,0,NA,"exon (NM_022310, exon 1 of 8)","exon (NM_022310, exon 1 of 8)",350,NM_022310,14828,,NM_022310,ENSMUSG00000026864,Hspa5,Bip|D2Wsu141e|D2Wsu17e|Grp78|Hsce70|SEZ-7|Sez7|baffled|mBiP,heat shock protein 5,protein-coding
318,chr11,7063960,7064297,+,0,NA,"exon (NM_009622, exon 1 of 20)","exon (NM_009622, exon 1 of 20)",695,NM_009622,432530,,NM_009622,ENSMUSG00000020431,Adcy1,AC1|D11Bwg1392e|I-AC|brl,adenylate cyclase 1,protein-coding
2362,chr6,83070104,83070350,+,0,NA,promoter-TSS (NM_009392),promoter-TSS (NM_009392),-2,NM_009392,21909,,NM_009392,ENSMUSG00000068327,Tlx2,Enx|Hox11L.1|Hox11l1|NCX|Ncx1|Tlx1l1|Tlx1l2,"T cell leukemia, homeobox 2",protein-coding
2330,chr6,47659936,47660441,+,0,NA,promoter-TSS (NR_002841).10,promoter-TSS (NR_002841).10,-773,NR_002841,19799,,NR_002841,,Rn4.5s,-,4.5S RNA,rRNA
1721,chr2,173737451,173738201,+,0,NA,"intron (NM_019806, intron 1 of 5)",CpG,255,NM_019806,56491,,NM_019806,ENSMUSG00000054455,Vapb,D2Abb2e|VAMP-B|VAP-B|VAP33b|Vamp33b,"vesicle-associated membrane protein, associated protein B and C",protein-coding
2705,chr8,54077491,54078088,+,0,NA,"exon (NM_009506, exon 1 of 7)","exon (NM_009506, exon 1 of 7)",257,NM_009506,22341,,NM_009506,ENSMUSG00000031520,Vegfc,VEGF-C,vascular endothelial growth factor C,protein-coding
328,chr11,21992837,21994152,+,0,NA,Intergenic,CpG,8157,NM_011023,18423,,NM_011023,ENSMUSG00000005917,Otx1,A730044F23Rik|jv,orthodenticle homeobox 1,protein-coding
2968,chr9,66591897,66593522,+,0,NA,"intron (NM_001302116, intron 1 of 13)",CpG,406,NM_001302116,235441,,NM_144937,ENSMUSG00000032376,Usp3,-,ubiquitin specific peptidase 3,protein-coding
2512,chr7,31126228,31126767,+,0,NA,"intron (NM_011322, intron 1 of 5)","intron (NM_011322, intron 1 of 5)",526,NM_011322,20266,,NM_011322,ENSMUSG00000019194,Scn1b,-,"sodium channel, voltage-gated, type I, beta",protein-coding
2727,chr8,71558196,71559133,+,0,NA,"exon (NM_001100462, exon 1 of 4)","exon (NM_001100462, exon 1 of 4)",207,NM_001100462,434325,,NM_001100462,ENSMUSG00000043664,Tmem221,-,transmembrane protein 221,protein-coding
646,chr12,86883013,86884383,+,0,NA,"exon (NM_145836, exon 1 of 1)","exon (NM_145836, exon 1 of 1)",1116,NM_145836,238330,,NM_145836,ENSMUSG00000034168,Irf2bpl,6430527G18Rik|Eap1,interferon regulatory factor 2 binding protein-like,protein-coding
1076,chr16,4726316,4726910,+,0,NA,"intron (NM_001136066, intron 1 of 5)",CpG,252,NM_001136066,15369,,NM_010443,ENSMUSG00000004070,Hmox2,HO-2|HO2,heme oxygenase 2,protein-coding
845,chr14,20545826,20546296,+,0,NA,promoter-TSS (NR_033571),promoter-TSS (NR_033571),-232,NR_033571,75602,,NR_033571,ENSMUSG00000084925,1810062O18Rik,-,RIKEN cDNA 1810062O18 gene,ncRNA
2089,chr4,139074121,139075125,+,0,NA,"exon (NM_021358, exon 1 of 3)","exon (NM_021358, exon 1 of 3)",166,NM_021358,15565,,NM_021358,ENSMUSG00000028747,Htr6,5-HT6,5-hydroxytryptamine (serotonin) receptor 6,protein-coding
680,chr12,111165846,111166067,+,0,NA,promoter-TSS (NM_001286122),promoter-TSS (NM_001286122),-414,NM_001364364,22031,,NM_011632,ENSMUSG00000021277,Traf3,CAP-1|CD40bp|CRAF1|LAP1|T-BAM|TRAFAMN|amn,TNF receptor-associated factor 3,protein-coding
452,chr11,88973869,88974229,+,0,NA,"exon (NM_016706, exon 1 of 7)","exon (NM_016706, exon 1 of 7)",114,NM_016706,12812,,NM_016706,ENSMUSG00000033983,Coil,Cln80|p80|p80-coilin,coilin,protein-coding
1283,chr17,79020363,79021281,+,0,NA,promoter-TSS (NM_001171004),promoter-TSS (NM_001171004),-6,NM_001171004,75292,,NM_029239,ENSMUSG00000024070,Prkd3,4930557O20Rik|5730497N19Rik|PKD3|Pkcnu|Prkcn,protein kinase D3,protein-coding
832,chr14,7244251,7245087,+,0,NA,"non-coding (NR_169097, exon 1 of 5)","non-coding (NR_169097, exon 1 of 5)",143,NR_169099,100036569,,NR_169097,,Gm16525,5033421C21Rik|Gm3715,"predicted gene, 16525",pseudo
1795,chr3,82875651,82876688,+,0,NA,promoter-TSS (NR_040382),promoter-TSS (NR_040382),314,NM_001146328,633285,,NM_001146328,ENSMUSG00000033882,Rbm46,EG633285|Gm761,RNA binding motif protein 46,protein-coding
2062,chr4,132884091,132884387,+,0,NA,"intron (NM_133887, intron 1 of 8)",CpG,219,NM_133887,100226,,NM_133887,ENSMUSG00000028879,Stx12,Stx13,syntaxin 12,protein-coding
2407,chr6,115993499,115994781,+,0,NA,"exon (NM_026376, exon 1 of 36)","exon (NM_026376, exon 1 of 36)",865,NM_026376,67784,,NM_026376,ENSMUSG00000030123,Plxnd1,6230425C21Rik|b2b1863Clo|b2b553Clo,plexin D1,protein-coding
2824,chr8,123566029,123566736,+,0,NA,promoter-TSS (NR_046147).6,promoter-TSS (NR_046147).6,-295,NR_046127,100861480,,NR_046127,ENSMUSG00000119748,Gm25018,Rn5s10,"predicted gene, 25018",rRNA
161,chr1,166309236,166309334,+,0,NA,"exon (NM_001357430, exon 8 of 9)","exon (NM_001357430, exon 8 of 9)",55146,NM_001357431,100039795,,NM_001164528,ENSMUSG00000040612,Ildr2,2810478N18Rik|3110063L10Rik|D1Ertd471e|Dbsm1|Ll,immunoglobulin-like domain containing receptor 2,protein-coding
1530,chr2,31887040,31887700,+,0,NA,promoter-TSS (NM_011836),promoter-TSS (NM_011836),89,NM_011836,23928,,NM_011836,ENSMUSG00000026840,Lamc3,1110064A23Rik,laminin gamma 3,protein-coding
2697,chr8,40307821,40308244,+,0,NA,promoter-TSS (NR_106126),promoter-TSS (NR_106126),9,NM_030110,78506,,NM_030110,ENSMUSG00000039478,Micu3,2900075B16Rik|Efha2,"mitochondrial calcium uptake family, member 3",protein-coding
1731,chr2,180776149,180776922,+,0,NA,"exon (NM_080641, exon 1 of 1)","exon (NM_080641, exon 1 of 1)",365,NM_080641,140489,,NM_080641,ENSMUSG00000045493,Bhlhe23,A930001L02Rik|BETA4|Beta3b|Bhlhb4,"basic helix-loop-helix family, member e23",protein-coding
991,chr15,65786824,65787705,+,0,NA,"intron (NM_133766, intron 1 of 22)",CpG,244,NM_001356582,76740,,NM_133766,ENSMUSG00000015002,Efr3a,A130089M23Rik|C920006C10Rik|D030063F01Rik|mKIAA0143,EFR3 homolog A,protein-coding
1165,chr17,3012403,3012501,+,0,NA,Intergenic,Intergenic,71731,NR_003519,328734,,NR_003519,,Pisd-ps2,D030013I16Rik,"phosphatidylserine decarboxylase, pseudogene 2",pseudo
632,chr12,81780303,81781034,+,0,NA,"exon (NM_177395, exon 1 of 8)","exon (NM_177395, exon 1 of 8)",502,NM_177395,338372,,NM_177395,ENSMUSG00000042724,Map3k9,E130314H24Rik|Mlk1|Prke1,mitogen-activated protein kinase kinase kinase 9,protein-coding
403,chr11,70700662,70701020,+,0,NA,promoter-TSS (NM_213729),promoter-TSS (NM_213729),293,NM_153103,16562,,NM_153103,ENSMUSG00000020821,Kif1c,B430105J22Rik|D11Bwg1349e|Ltxs1|Orch3,kinesin family member 1C,protein-coding
782,chr13,83725007,83725721,+,0,NA,"intron (NR_152245, intron 1 of 3)","intron (NR_152245, intron 1 of 3)",-2742,NR_015561,320203,,NM_177100,ENSMUSG00000050334,Mir9-2hg,2810449C10Rik|C130071C03Rik|ECONEXIN|EyeLinc1|Visc-1,Mir9-2 host gene,ncRNA
2598,chr7,105581303,105581611,+,0,NA,promoter-TSS (NM_001253885),promoter-TSS (NM_001253885),34,NM_001253886,11785,,NM_009685,ENSMUSG00000037032,Apbb1,Fe65|Rir,amyloid beta precursor protein binding family B member 1,protein-coding
884,chr14,49065725,49066342,+,0,NA,promoter-TSS (NM_144535),promoter-TSS (NM_144535),-516,NM_144535,74385,,NM_144535,ENSMUSG00000036291,Ap5m1,4932432K03Rik|Mu5|Mudeng,"adaptor-related protein complex 5, mu 1 subunit",protein-coding
2440,chr6,145862845,145863627,+,0,NA,"exon (NM_024469, exon 5 of 5)","exon (NM_024469, exon 5 of 5)",2184,NM_024469,79362,,NM_024469,ENSMUSG00000030256,Bhlhe41,6430520M22Rik|Bhlhb2l|Bhlhb3|DEC2|Sharp1,"basic helix-loop-helix family, member e41",protein-coding
2614,chr7,121980959,121981965,+,0,NA,"exon (NM_001033318, exon 1 of 17)","exon (NM_001033318, exon 1 of 17)",231,NM_001033318,233824,,NM_001033318,ENSMUSG00000034951,Cog7,5630400E24Rik|Gm167,component of oligomeric golgi complex 7,protein-coding
812,chr13,112987851,112988382,+,0,NA,"exon (NM_001081062, exon 1 of 3)","exon (NM_001081062, exon 1 of 3)",314,NM_001081062,218630,,NM_001081062,ENSMUSG00000042417,Ccno,Ccnu|E130318K11|UDG2|Ung2,cyclin O,protein-coding
839,chr14,14703160,14703792,+,0,NA,"intron (NM_001360506, intron 1 of 24)",CpG,451,NM_001360504,218756,,NM_001033270,ENSMUSG00000021733,Slc4a7,E430014N10Rik|NBC3|NBCn1|NBCn1-G|Tg(Thy1-SNCA)12Mjff,"solute carrier family 4, sodium bicarbonate cotransporter, member 7",protein-coding
2492,chr7,27403683,27405096,+,0,NA,"exon (NM_032610, exon 16 of 36)","exon (NM_032610, exon 16 of 36)",-7836,NM_001199236,80297,,NM_032610,ENSMUSG00000011751,Sptbn4,1700022P15Rik|5830426A08Rik|ROSA62|SpbIV|Spnb4|dyn|lnd|nmf261|nmf379|qv,"spectrin beta, non-erythrocytic 4",protein-coding
3066,chrX,6172324,6172957,+,0,NA,"exon (NM_001031664, exon 1 of 2)","exon (NM_001031664, exon 1 of 2)",351,NM_001031664,102954,,NM_001031664,ENSMUSG00000073293,Nudt10,DIPP3-beta|Dipp3a|Dipp3b|Nudt11,nudix hydrolase 10,protein-coding
110,chr1,93635212,93635668,+,0,NA,"intron (NM_021537, intron 1 of 11)",CpG-428,287,NM_021537,59041,,NM_021537,ENSMUSG00000026277,Stk25,1500019J11Rik|Ste20-like|Ysk1,serine/threonine kinase 25 (yeast),protein-coding
84,chr1,69826866,69827391,+,0,NA,"intron (NM_029160, intron 1 of 16)",CpG,158,NM_001271533,66722,,NM_025728,ENSMUSG00000053153,Spag16,4921511D23Rik|4930524F24Rik|4930585K05Rik|Pf20|Wdr29,sperm associated antigen 16,protein-coding
5,JH584292.1,13759,14060,+,0,NA,NA,NA,NA,NA,,,,,,,,
1291,chr17,85685154,85685522,+,0,NA,"exon (NM_011380, exon 2 of 2)","exon (NM_011380, exon 2 of 2)",2916,NM_011380,20472,,NM_011380,ENSMUSG00000024134,Six2,-,sine oculis-related homeobox 2,protein-coding
852,chr14,25902659,25903129,+,0,NA,promoter-TSS (NM_001374766),promoter-TSS (NM_001374766),-1,NM_207229,211623,,NM_207229,ENSMUSG00000095304,Plac9,Gm10393|Gm9780|Plac9a|Plac9b,placenta specific 9,protein-coding
2646,chr7,139943977,139944844,+,0,NA,"exon (NM_009482, exon 1 of 2)","exon (NM_009482, exon 1 of 2)",554,NM_009482,22286,,NM_009482,ENSMUSG00000047751,Utf1,-,undifferentiated embryonic cell transcription factor 1,protein-coding
92,chr1,75479004,75479316,+,0,NA,promoter-TSS (NM_177056),promoter-TSS (NM_177056),311,NM_001001565,74241,,NM_001001565,ENSMUSG00000032997,Chpf,1700028N03Rik|D1Bwg1363e,chondroitin polymerizing factor,protein-coding
2227,chr5,110653198,110654180,+,0,NA,promoter-TSS (NM_153570),promoter-TSS (NM_153570),238,NM_027156,69663,,NM_027156,ENSMUSG00000029504,Ddx51,2310061O04Rik,DEAD box helicase 51,protein-coding
2944,chr9,55511720,55512214,+,0,NA,"intron (NM_145615, intron 1 of 11)",CpG,276,NM_145615,110842,,NM_145615,ENSMUSG00000032314,Etfa,2010200I21Rik|D9Ertd394e,"electron transferring flavoprotein, alpha polypeptide",protein-coding
3089,chrX,59134054,59134735,+,0,NA,promoter-TSS (NM_010200),promoter-TSS (NM_010200),42,NM_010200,14168,,NM_010200,ENSMUSG00000031137,Fgf13,Fgf1c|Fhf2,fibroblast growth factor 13,protein-coding
2691,chr8,32883248,32884806,+,0,NA,Intergenic,CpG,65999,NM_001177589,100042715,,NM_001177589,ENSMUSG00000079070,Gm3985,-,predicted gene 3985,protein-coding
2268,chr5,137644844,137645736,+,0,NA,"exon (NM_010571, exon 1 of 2)","exon (NM_010571, exon 1 of 2)",424,NM_010571,16369,,NM_010571,ENSMUSG00000047182,Irs3,-,insulin receptor substrate 3,protein-coding
1251,chr17,46555442,46555889,+,0,NA,"exon (NM_020493, exon 1 of 7)","exon (NM_020493, exon 1 of 7)",497,NM_020493,20807,,NM_020493,ENSMUSG00000015605,Srf,-,serum response factor,protein-coding
2891,chr9,20644718,20645256,+,0,NA,promoter-TSS (NM_001286530),promoter-TSS (NM_001286530),184,NR_153858,66177,,NM_025401,ENSMUSG00000084786,Ubl5,1110030M22Rik|Ubl5a|beacon,ubiquitin-like 5,protein-coding
1540,chr2,34753742,34754100,+,0,NA,"intron (NR_151469, intron 2 of 26)",CpG,1311,NM_001356441,66691,,NM_025709,ENSMUSG00000026867,Gapvd1,2010005B09Rik|4432404J10Rik|Gapex-5|RAP6|RME-6|mKIAA1521,GTPase activating protein and VPS9 domains 1,protein-coding
2000,chr4,108217481,108218191,+,0,NA,"exon (NM_001167936, exon 1 of 14)","exon (NM_001167936, exon 1 of 14)",207,NM_001167936,230590,,NM_001167936,ENSMUSG00000034645,Zyg11a,-,"zyg-11 family member A, cell cycle regulator",protein-coding
3006,chr9,95955032,95955237,+,0,NA,"intron (NM_001311130, intron 1 of 41)","intron (NM_001311130, intron 1 of 41)",374,NM_011916,24127,,NM_011916,ENSMUSG00000032410,Xrn1,Dhm2|exo|mXrn1,5'-3' exoribonuclease 1,protein-coding
148,chr1,153493826,153494389,+,0,NA,Intergenic,MLTR14|LTR|ERV1,-6447,NM_007842,13211,,NM_007842,ENSMUSG00000042699,Dhx9,Ddx9|HEL-5|NDHII|RHA|mHEL-5,DExH-box helicase 9,protein-coding
2940,chr9,54765125,54765521,+,0,NA,"intron (NM_001284507, intron 1 of 2)",MIRb|SINE|MIR,575,NM_013496,12903,,NM_013496,ENSMUSG00000032291,Crabp1,CRABP-I|Crabp-1|CrabpI|Rbp-5,cellular retinoic acid binding protein I,protein-coding
963,chr15,17266573,17267039,+,0,NA,Intergenic,L1Md_T|LINE|L1,537891,NM_009869,12565,,NM_009869,ENSMUSG00000025370,Cdh9,-,cadherin 9,protein-coding
264,chr10,88356947,88357298,+,0,NA,promoter-TSS (NM_027878),promoter-TSS (NM_027878),-47,NM_027878,71712,,NM_027878,ENSMUSG00000020057,Dram1,1200002N14Rik|Dram,DNA-damage regulated autophagy modulator 1,protein-coding
837,chr14,13641097,13641462,+,0,NA,Intergenic,L1_Mus2|LINE|L1,-29597,NM_177624,218739,,NM_177624,ENSMUSG00000044772,Sntn,A430083B19Rik,"sentan, cilia apical structure protein",protein-coding
1769,chr3,45578470,45578824,+,0,NA,Intergenic,L1Md_T|LINE|L1,-139338,NR_040594,72274,,NR_040594,ENSMUSG00000100799,1700027H10Rik,-,RIKEN cDNA 1700027H10 gene,ncRNA
1128,chr16,57391261,57391682,+,0,NA,"intron (NM_001040397, intron 1 of 4)",LSU-rRNA_Hsa|rRNA|rRNA,38194,NM_001040397,78749,,NM_001040397,ENSMUSG00000043336,Filip1l,4631422O05Rik|Doc1,filamin A interacting protein 1-like,protein-coding
2150,chr5,28457842,28458362,+,0,NA,"exon (NM_009170, exon 3 of 3)","exon (NM_009170, exon 3 of 3)",-8882,NR_015562,654796,,NR_015562,ENSMUSG00000097726,9530036O11Rik,-,RIKEN cDNA 9530036O11Rik,ncRNA
396,chr11,70220350,70221676,+,0,NA,promoter-TSS (NM_172371),promoter-TSS (NM_172371),-19,NM_172371,69309,,NM_172371,ENSMUSG00000044367,Slc16a13,1700007D07Rik,"solute carrier family 16 (monocarboxylic acid transporters), member 13",protein-coding
2955,chr9,62343845,62344633,+,0,NA,"exon (NM_001378702, exon 1 of 2)","exon (NM_001378702, exon 1 of 2)",408,NM_001378702,102638888,,NM_001378702,,Gm20346,-,"predicted gene, 20346",protein-coding
2855,chr8,123618385,123619231,+,0,NA,Intergenic,Intergenic,-35121,NM_133955,69581,,NM_133955,ENSMUSG00000039960,Rhou,2310026M05Rik|Arhu|CDC42L1|G28K|WRCH-1|WRCH1|mG28K,ras homolog family member U,protein-coding
2582,chr7,87902988,87903444,+,0,NA,"intron (NM_001081414, intron 4 of 9)",L1Md_T|LINE|L1,319048,NM_001081414,108071,,NM_001033224,ENSMUSG00000049583,Grm5,6430542K11Rik|Glu5R|Gprc1e|mGluR5|mGluR5b,"glutamate receptor, metabotropic 5",protein-coding
344,chr11,48826503,48826979,+,0,NA,"intron (NM_053166, intron 1 of 6)","intron (NM_053166, intron 1 of 6)",603,NM_053166,94089,,NM_053166,ENSMUSG00000040350,Trim7,-,tripartite motif-containing 7,protein-coding
1096,chr16,17807315,17807558,+,0,NA,"exon (NM_153790, exon 11 of 11)","exon (NM_153790, exon 11 of 11)",10154,NM_153790,224024,,NM_153790,ENSMUSG00000012017,Scarf2,NSR1|SREC-II|SRECRP-1|Scatf1|Srec2|SrecII,"scavenger receptor class F, member 2",protein-coding
1085,chr16,13256149,13257076,+,0,NA,"intron (NM_001122667, intron 1 of 16)",CpG,131,NM_001122667,239719,,NM_153588,ENSMUSG00000009569,Mrtfb,Gt4-1|MRTF-B|Mkl2|SOLOIST|mKIAA1243,myocardin related transcription factor B,protein-coding
657,chr12,99392402,99392806,+,0,NA,"intron (NM_183186, intron 1 of 5)",CpG,51573,NR_166805,100503812,,NR_166805,,3300002A11Rik,2700016B18Rik,RIKEN cDNA 3300002A11 gene,ncRNA
2885,chr9,8134243,8134543,+,0,NA,promoter-TSS (NM_001045524),promoter-TSS (NM_001045524),53,NM_001045524,234915,,NM_001045524,ENSMUSG00000040729,Cep126,mKIAA1377,centrosomal protein 126,protein-coding
1172,chr17,5941394,5941970,+,0,NA,"intron (NR_151772, intron 1 of 25)",CpG,402,NM_001113353,20975,,NM_011523,ENSMUSG00000023805,Synj2,SJ2|mKIAA0348,synaptojanin 2,protein-coding
2171,chr5,36748309,36748632,+,0,NA,"exon (NM_133724, exon 1 of 1)","exon (NM_133724, exon 1 of 1)",209,NM_133724,117197,,NM_133724,ENSMUSG00000060708,Bloc1s4,2610101N07Rik|Blos4|Cno,"biogenesis of lysosomal organelles complex-1, subunit 4, cappuccino",protein-coding
2090,chr4,139092963,139093403,+,0,NA,promoter-TSS (NM_008675),promoter-TSS (NM_008675),-213,NM_008675,17965,,NM_008675,ENSMUSG00000041120,Nbl1,D4H1S1733E|DAN|Dana|NO3,"NBL1, DAN family BMP antagonist",protein-coding
1863,chr3,121426694,121427357,+,0,NA,"intron (NM_028044, intron 1 of 6)",CpG,484,NM_028044,71994,,NM_028044,ENSMUSG00000053931,Cnn3,1600014M03Rik|Calpo3,"calponin 3, acidic",protein-coding
2525,chr7,44591048,44591878,+,0,NA,"exon (NM_001290682, exon 1 of 5)","exon (NM_001290682, exon 1 of 5)",1011,NM_001385625,16504,,NM_008422,ENSMUSG00000062785,Kcnc3,KShIIID|Kcr2-3|Kv3.3,"potassium voltage gated channel, Shaw-related subfamily, member 3",protein-coding
2226,chr5,110386460,110387381,+,0,NA,"5' UTR (NM_028596, exon 1 of 12)","5' UTR (NM_028596, exon 1 of 12)",207,NM_028596,381668,,NM_028596,ENSMUSG00000043323,Fbrsl1,2410025L10Rik|Gm1049|Gm29766|mKIAA1545,fibrosin-like 1,protein-coding
1729,chr2,180333693,180334976,+,0,NA,"exon (NM_008093, exon 1 of 6)","exon (NM_008093, exon 1 of 6)",345,NM_008093,14464,,NM_008093,ENSMUSG00000015627,Gata5,-,GATA binding protein 5,protein-coding
2711,chr8,66953715,66954107,+,0,NA,Intergenic,L1Md_A|LINE|L1,93694,NM_001163564,234344,,NM_001163564,ENSMUSG00000014907,Naf1,Gm174,nuclear assembly factor 1 ribonucleoprotein,protein-coding
1265,chr17,56756840,56757205,+,0,NA,"intron (NM_008738, intron 1 of 2)",CpG,526,NM_008738,18188,,NM_008738,ENSMUSG00000039481,Nrtn,NTN,neurturin,protein-coding
645,chr12,86725992,86726329,+,0,NA,promoter-TSS (NR_136890),promoter-TSS (NR_136890),-147,NR_136890,102635405,,NR_136890,,Gm32755,-,"predicted gene, 32755",ncRNA
1105,chr16,20240872,20241300,+,0,NA,"exon (NM_198599, exon 1 of 3)","exon (NM_198599, exon 1 of 3)",272,NM_198599,208158,,NM_198599,ENSMUSG00000041205,Map6d1,A330066I15Rik,MAP6 domain containing 1,protein-coding
3085,chrX,48453200,48454772,+,0,NA,"5' UTR (NM_001381876, exon 1 of 9)","5' UTR (NM_001381876, exon 1 of 9)",333,NM_001381876,56501,,NM_019680,ENSMUSG00000031103,Elf4,Gm9907|Mef,E74 like ETS transcription factor 4,protein-coding
443,chr11,84957788,84958215,+,0,NA,"intron (NM_007607, intron 1 of 7)",CpG,247,NM_007607,12351,,NM_007607,ENSMUSG00000000805,Car4,Ca4,carbonic anhydrase 4,protein-coding
3058,chr9,123259902,123260981,+,0,NA,"exon (NM_001002267, exon 1 of 1)","exon (NM_001002267, exon 1 of 1)",348,NM_001002267,72309,,NM_001002267,ENSMUSG00000054871,Tmem158,2310037P21Rik|Ris1,transmembrane protein 158,protein-coding
914,chr14,65837457,65837867,+,0,NA,"intron (NM_145944, intron 1 of 8)",CpG,360,NM_145944,67179,,NM_145944,ENSMUSG00000022035,Ccdc25,2610528H13Rik|NSrp70,coiled-coil domain containing 25,protein-coding
718,chr13,31558358,31558584,+,0,NA,"5' UTR (NM_008239, exon 1 of 1)","5' UTR (NM_008239, exon 1 of 1)",301,NM_008239,15220,,NM_008239,ENSMUSG00000038415,Foxq1,HFH-1|Hfh1|Hfh1l|sa,forkhead box Q1,protein-coding
811,chr13,112652130,112652574,+,0,NA,promoter-TSS (NM_001145885),promoter-TSS (NM_001145885),-42,NM_010029,13206,,NM_010029,ENSMUSG00000021758,Ddx4,Mvh|VASA,DEAD box helicase 4,protein-coding
2385,chr6,97059767,97060701,+,0,NA,"5' UTR (NM_177233, exon 1 of 6)","5' UTR (NM_177233, exon 1 of 6)",177,NM_177233,320701,,NM_177233,ENSMUSG00000046500,Tafa4,C130034I18Rik|Fam19a4|Fam19a4 Tafa-4|Tafa-4,TAFA chemokine like family member 4,protein-coding
2774,chr8,105289694,105290495,+,0,NA,promoter-TSS (NM_001166394),promoter-TSS (NM_001166394),-566,NM_028888,74356,,NM_028888,ENSMUSG00000014837,Matcap1,4931428F04Rik|Kiaa0895l|MATCAP,microtubule associated tyrosine carboxypeptidase 1,protein-coding
1060,chr15,99590130,99591833,+,0,NA,promoter-TSS (NM_009701),promoter-TSS (NM_009701),-47,NM_009701,11830,,NM_009701,ENSMUSG00000044217,Aqp5,-,aquaporin 5,protein-coding
1854,chr3,108721732,108722122,+,0,NA,"intron (NM_029522, intron 1 of 14)",CpG,372,NM_029522,76123,,NM_029522,ENSMUSG00000027883,Gpsm2,6230410J09Rik|LGN|Pins,"G-protein signalling modulator 2 (AGS3-like, C. elegans)",protein-coding
912,chr14,64949024,64949831,+,0,NA,promoter-TSS (NM_153414),promoter-TSS (NM_153414),430,NM_177338,219150,,NM_177338,ENSMUSG00000021972,Hmbox1,F830020C16Rik,homeobox containing 1,protein-coding
571,chr12,20312190,20312971,+,0,NA,Intergenic,CpG,503199,NR_015521,69513,,NR_015521,ENSMUSG00000099759,1700030C10Rik,-,RIKEN cDNA 1700030C10 gene,ncRNA
1705,chr2,164400806,164401173,+,0,NA,"exon (NM_001252563, exon 3 of 11)","exon (NM_001252563, exon 3 of 11)",-2205,NM_009036,19668,,NM_009036,ENSMUSG00000017007,Rbpjl,RBP-L|Rbpsuhl,recombination signal binding protein for immunoglobulin kappa J region-like,protein-coding
1676,chr2,151996407,151996737,+,0,NA,promoter-TSS (NM_027172),promoter-TSS (NM_027172),61,NM_027172,69698,,NM_027172,ENSMUSG00000027463,Slc52a3,2310046K01Rik|RFT2,"solute carrier protein family 52, member 3",protein-coding
3025,chr9,108290248,108290901,+,0,NA,"exon (NM_025449, exon 1 of 6)","exon (NM_025449, exon 1 of 6)",131,NM_025449,66257,,NM_025449,ENSMUSG00000032606,Nicn1,1500032A17Rik|PGs5|p24,nicolin 1,protein-coding
273,chr10,96673810,96674039,+,0,NA,Intergenic,L1Md_T|LINE|L1,56923,NM_007569,12226,,NM_007569,ENSMUSG00000036478,Btg1,-,BTG anti-proliferation factor 1,protein-coding
905,chr14,60378314,60379085,+,0,NA,"exon (NM_001164705, exon 1 of 2)","exon (NM_001164705, exon 1 of 2)",1007,NM_001164705,72125,,NM_028113,ENSMUSG00000021986,Amer2,2600011E07Rik|Fam123a,APC membrane recruitment 2,protein-coding
2692,chr8,33929793,33930462,+,0,NA,promoter-TSS (NM_001042674),promoter-TSS (NM_001042674),-264,NM_001042675,19663,,NM_019733,ENSMUSG00000031586,Rbpms,2010300K22Rik|2700019M19Rik|RBP-MS|hermes,RNA binding protein gene with multiple splicing,protein-coding
351,chr11,51755867,51756704,+,0,NA,"5' UTR (NM_001290785, exon 1 of 23)","5' UTR (NM_001290785, exon 1 of 23)",549,NM_175255,77371,,NM_175255,ENSMUSG00000036391,Sec24a,-,"SEC24 homolog A, COPII coat complex component",protein-coding
877,chr14,46388543,46389090,+,0,NA,"non-coding (NR_166855, exon 2 of 2)","non-coding (NR_166855, exon 2 of 2)",1338,NR_166854,102638002,,NR_166853,ENSMUSG00000086746,Gm15222,-,predicted gene 15222,ncRNA
628,chr12,80790596,80790816,+,0,NA,"5' UTR (NM_178682, exon 1 of 6)","5' UTR (NM_178682, exon 1 of 6)",174,NM_178682,217684,,NM_178682,ENSMUSG00000021133,Susd6,4933426M11Rik|mKIAA0247,sushi domain containing 6,protein-coding
380,chr11,66525234,66525927,+,0,NA,"exon (NM_001034874, exon 1 of 5)","exon (NM_001034874, exon 1 of 5)",546,NM_001034874,380702,,NM_001034874,ENSMUSG00000053930,Shisa6,Gm879|ckamp52,shisa family member 6,protein-coding
357,chr11,53980043,53980249,+,0,NA,"non-coding (NR_168634, exon 1 of 4)","non-coding (NR_168634, exon 1 of 4)",115,NR_168636,102632992,,NR_168634,,Gm30927,-,"predicted gene, 30927",ncRNA
2311,chr6,30896125,30896767,+,0,NA,TTS (NM_054073),TTS (NM_054073),348,NR_149738,54160,,NM_017478,ENSMUSG00000025607,Copg2,gamma-2-COP,"coatomer protein complex, subunit gamma 2",protein-coding
1171,chr17,4994907,4995245,+,0,NA,promoter-TSS (NM_001085355),promoter-TSS (NM_001085355),2,NM_001085355,239985,,NM_001085355,ENSMUSG00000069729,Arid1b,8030481M12|9330189K18Rik|Ardi1b|B230217J03Rik|BAF250B|mKIAA1235,AT-rich interaction domain 1B,protein-coding
1481,chr19,59344764,59346325,+,0,NA,"exon (NM_001033222, exon 1 of 5)","exon (NM_001033222, exon 1 of 5)",236,NM_001033222,107368,,NM_001033222,ENSMUSG00000074746,Pdzd8,A630041P07Rik|Pdzk8,PDZ domain containing 8,protein-coding
1893,chr3,144490235,144490637,+,0,NA,"intron (NM_001355234, intron 1 of 6)","intron (NM_001355234, intron 1 of 6)",79780,NM_001355234,23908,,NM_011828,ENSMUSG00000040151,Hs2st1,2OST|Hs2st|mKIAA0448,heparan sulfate 2-O-sulfotransferase 1,protein-coding
804,chr13,107645817,107646308,+,0,NA,Intergenic,Intergenic,-41335,NR_045900,72257,,NR_045900,ENSMUSG00000102000,1700006H21Rik,-,RIKEN cDNA 1700006H21 gene,ncRNA
108,chr1,93479096,93479450,+,0,NA,promoter-TSS (NM_133808),promoter-TSS (NM_133808),212,NM_001159719,18000,,NM_010891,ENSMUSG00000026276,Septin2,Nedd-5|Nedd5|Sept2|mKIAA0158,septin 2,protein-coding
2778,chr8,106136433,106136982,+,0,NA,"exon (NM_176838, exon 1 of 15)","intron (NR_040344, intron 2 of 4)",267,NM_176838,77411,,NM_176838,ENSMUSG00000084128,Esrp2,9530027K23Rik|Rbm35b,epithelial splicing regulatory protein 2,protein-coding
2035,chr4,124155607,124155922,+,0,NA,Intergenic,(TAGA)n|Simple_repeat|Simple_repeat,176956,NR_166446,76410,,NR_166446,,1700021L23Rik,-,RIKEN cDNA 1700021L23 gene,ncRNA
2733,chr8,75212993,75213996,+,0,NA,promoter-TSS (NM_029182),promoter-TSS (NM_029182),-450,NM_029182,75141,,NM_029182,ENSMUSG00000034472,Rasd2,4930526B11Rik|Rhes|TEM-2|TEM2,"RASD family, member 2",protein-coding
2420,chr6,124769368,124769684,+,0,NA,TTS (NM_001302555),TTS (NM_001302555),147,NM_001302642,13807,,NM_013509,ENSMUSG00000004267,Eno2,D6Ertd375e|Eno-2|NSE,"enolase 2, gamma neuronal",protein-coding
153,chr1,157458747,157459050,+,0,NA,"intron (NM_001033284, intron 2 of 9)","intron (NM_001033284, intron 2 of 9)",330,NM_001033284,226527,,NM_001033284,ENSMUSG00000033488,Cryzl2,-,crystallin zeta like 2,protein-coding
1463,chr19,45076893,45077459,+,0,NA,"exon (NM_001362398, exon 3 of 6)","exon (NM_001362398, exon 3 of 6)",1089,NM_178929,107250,,NM_178929,ENSMUSG00000025213,Kazald1,Bono1|IGFBP-rP10,Kazal-type serine peptidase inhibitor domain 1,protein-coding
3061,chr9,123678411,123678832,+,0,NA,"intron (NM_139142, intron 1 of 10)",CpG,211,NM_139142,102680,,NM_139142,ENSMUSG00000036814,Slc6a20a,A730081N20Rik|Xt3s1|Xtrp3s1,"solute carrier family 6 (neurotransmitter transporter), member 20A",protein-coding
210,chr10,32972086,32972510,+,0,NA,Intergenic,L1Md_T|LINE|L1,-82383,NM_001013411,432450,,NM_001013411,ENSMUSG00000069670,Nkain2,6330571D19Rik|Tcba1,Na+/K+ transporting ATPase interacting 2,protein-coding
1312,chr18,10881797,10881986,+,0,NA,Intergenic,L1Md_T|LINE|L1,-96339,NR_029781,723959,,NR_029781,ENSMUSG00000106348,Mir1a-2,Mir1-2|Mirn1-2|mir-1a-2|mmu-mir-1-2|mmu-mir-1a-2,microRNA 1a-2,ncRNA
1183,chr17,17491606,17492296,+,0,NA,Intergenic,Intergenic,89265,NM_025681,66643,,NM_025681,ENSMUSG00000047786,Lix1,5730466L18Rik,limb and CNS expressed 1,protein-coding
2437,chr6,142387270,142387645,+,0,NA,promoter-TSS (NM_023042),promoter-TSS (NM_023042),214,NM_025872,66964,,NM_025872,ENSMUSG00000030245,Golt1b,2310061A22Rik|CGI-141,golgi transport 1B,protein-coding
441,chr11,83942059,83942445,+,0,NA,"exon (NM_030096, exon 1 of 15)","exon (NM_030096, exon 1 of 15)",162,NM_030096,78394,,NM_030096,ENSMUSG00000020677,Ddx52,2700029C06Rik|ROK1,DExD box helicase 52,protein-coding
3104,chrX,97966459,97967661,+,0,NA,Intergenic,L1Md_T|LINE|L1,-181697,NM_013476,11835,,NM_013476,ENSMUSG00000046532,Ar,Tfm,androgen receptor,protein-coding
1913,chr4,11190588,11191256,+,0,NA,promoter-TSS (NM_001282943),promoter-TSS (NM_001282943),-429,NM_001037134,12448,,NM_009830,ENSMUSG00000028212,Ccne2,-,cyclin E2,protein-coding
1922,chr4,15148707,15148990,+,0,NA,"exon (NM_178617, exon 1 of 13)","exon (NM_178617, exon 1 of 13)",283,NM_178617,69352,,NM_178617,ENSMUSG00000040536,Necab1,1700003H21Rik|Efcbp1|STIP-1,N-terminal EF-hand calcium binding protein 1,protein-coding
2091,chr4,139130451,139130806,+,0,NA,"intron (NM_001163006, intron 1 of 3)",CpG,409,NR_033745,433771,,NM_001163006,ENSMUSG00000050608,Micos10,2310028O11Rik|Minos1,mitochondrial contact site and cristae organizing system subunit 10,protein-coding
159,chr1,165642343,165642694,+,0,NA,Intergenic,CpG,-7977,NM_001347128,68481,,NM_001001880,ENSMUSG00000026566,Mpzl1,1110007A10Rik|PZR,myelin protein zero-like 1,protein-coding
2321,chr6,38433921,38434188,+,0,NA,"5' UTR (NM_177185, exon 1 of 17)","5' UTR (NM_177185, exon 1 of 17)",129,NM_177185,320538,,NM_177185,ENSMUSG00000038538,Ubn2,2900060J04Rik|6030408G03Rik|D130059P03Rik|mKIAA2030,ubinuclein 2,protein-coding
182,chr1,180813742,180814068,+,0,NA,promoter-TSS (NM_008210),promoter-TSS (NM_008210),-300,NM_008210,15078,,NM_008210,ENSMUSG00000060743,H3f3a,EyeLinc14|H3-3a|H3-3b|H3.3A,H3.3 histone A,protein-coding
1742,chr3,14533888,14534138,+,0,NA,"exon (NM_001163580, exon 1 of 19)","exon (NM_001163580, exon 1 of 19)",225,NM_001163580,71710,,NM_028915,ENSMUSG00000027550,Lrrcc1,1200008A14Rik|4932441F23Rik,leucine rich repeat and coiled-coil domain containing 1,protein-coding
1694,chr2,158611201,158611453,+,0,NA,promoter-TSS (NR_040359),promoter-TSS (NR_040359),569,NM_009508,22348,,NM_009508,ENSMUSG00000037771,Slc32a1,VGAT|Viaat,"solute carrier family 32 (GABA vesicular transporter), member 1",protein-coding
1196,chr17,25273365,25274701,+,0,NA,promoter-TSS (NR_027452),promoter-TSS (NR_027452),-91,NR_027452,100272221,,NR_027452,,Gm17801,-,"predicted gene, 17801",ncRNA
578,chr12,24572123,24572881,+,0,NA,"intron (NM_001161406, intron 1 of 15)",CpG,215,NM_001161406,195733,,NM_145890,ENSMUSG00000020656,Grhl1,LBP-32|MGR|Tcfcp2l2,grainyhead like transcription factor 1,protein-coding
286,chr10,117629168,117629337,+,0,NA,promoter-TSS (NM_027468),promoter-TSS (NM_027468),-248,NM_027468,70574,,NM_027468,ENSMUSG00000020183,Cpm,1110060I01Rik|5730456K23Rik|E030045M14Rik,carboxypeptidase M,protein-coding
492,chr11,100958549,100959030,+,0,NA,"exon (NM_008986, exon 2 of 2)","exon (NM_008986, exon 2 of 2)",11826,NM_001359105,19285,,NM_008986,ENSMUSG00000004044,Cavin1,2310075E07Rik|Cav-p60|Cavin|Ptrf,caveolae associated 1,protein-coding
3135,chrX,145045374,145045835,+,0,NA,"intron (NM_001033795, intron 2 of 6)",L1Md_T|LINE|L1,6260,NR_037309,100499526,,NR_037309,ENSMUSG00000118971,Mir3472,mmu-mir-3472,microRNA 3472,ncRNA
121,chr1,119420285,119421551,+,0,NA,"exon (NM_008381, exon 1 of 2)","exon (NM_008381, exon 1 of 2)",1330,NM_008381,16324,,NM_008381,ENSMUSG00000037035,Inhbb,-,inhibin beta-B,protein-coding
90,chr1,75360341,75360900,+,0,NA,"exon (NM_010043, exon 1 of 9)","exon (NM_010043, exon 1 of 9)",328,NM_010043,13346,,NM_010043,ENSMUSG00000026208,Des,-,desmin,protein-coding
1980,chr4,88796823,88797251,+,0,NA,promoter-TSS (NM_001161609).6,promoter-TSS (NM_001161609).6,-200,NM_001243166,545653,,NM_001243166,ENSMUSG00000099420,Gm13279,-,predicted gene 13279,protein-coding
1728,chr2,180103937,180104401,+,0,NA,"non-coding (NR_102309, exon 1 of 3)","non-coding (NR_102309, exon 1 of 3)",238,NR_102309,,,,,,,,
2906,chr9,30942633,30943092,+,0,NA,"exon (NM_013906, exon 1 of 9)","exon (NM_013906, exon 1 of 9)",300,NM_001326292,30806,,NM_013906,ENSMUSG00000031994,Adamts8,METH-2|METH2,ADAM metallopeptidase with thrombospondin type 1 motif 8,protein-coding
705,chr13,13590465,13590975,+,0,NA,"intron (NM_010748, intron 1 of 52)",CpG,311,NM_010748,17101,,NM_010748,ENSMUSG00000019726,Lyst,D13Sfk13|beige|bg,lysosomal trafficking regulator,protein-coding
145,chr1,151344493,151345036,+,0,NA,"intron (NM_054102, intron 1 of 14)",CpG,266,NM_054102,117198,,NM_028582,ENSMUSG00000023150,Ivns1abp,1190004M08Rik|1700126I16Rik|HSPC068|ND1|NS-1|NS1-BP|Nd1-L|Nd1-S|mKIAA0850,influenza virus NS1A binding protein,protein-coding
1952,chr4,49597414,49597684,+,0,NA,promoter-TSS (NR_149725),promoter-TSS (NR_149725),-79,NR_149725,67063,,NM_025944,ENSMUSG00000039611,Pgap4,2810432L12Rik|9330170P15Rik|Tmem246,post-GPI attachment to proteins GalNAc transferase 4,protein-coding
1741,chr3,12469088,12469474,+,0,NA,Intergenic,L1Md_T|LINE|L1,-624922,NR_040751,100038545,,NR_040751,ENSMUSG00000104015,Gm10745,-,predicted gene 10745,ncRNA
1709,chr2,164949364,164950748,+,0,NA,"exon (NM_013599, exon 5 of 13)","exon (NM_013599, exon 5 of 13)",1837,NM_013599,17395,,NM_013599,ENSMUSG00000017737,Mmp9,B/MMP9|Clg4b|Gel B|MMP-9|pro-MMP-9,matrix metallopeptidase 9,protein-coding
2498,chr7,28298646,28299332,+,0,NA,"exon (NM_007866, exon 4 of 9)","exon (NM_007866, exon 4 of 9)",2796,NM_007866,13389,,NM_007866,ENSMUSG00000003436,Dll3,pu|pudgy,delta like canonical Notch ligand 3,protein-coding
2006,chr4,108847797,108848130,+,0,NA,"exon (NM_029571, exon 1 of 1)","exon (NM_029571, exon 1 of 1)",106,NM_029571,100087,,NM_029571,ENSMUSG00000073775,Kti12,1110001A12Rik,"KTI12 homolog, chromatin associated",protein-coding
1160,chr16,96081915,96082143,+,0,NA,"intron (NM_145125, intron 2 of 41)",CpG-5898,399,NM_001103179,93871,,NM_145125,ENSMUSG00000022914,Brwd1,5330419I02Rik|D530019K20Rik|G1-403-16|Wdr9|repro5,bromodomain and WD repeat domain containing 1,protein-coding
1411,chr19,6363219,6363467,+,0,NA,promoter-TSS (NM_001360393),promoter-TSS (NM_001360393),-347,NM_011750,22668,,NM_011750,ENSMUSG00000024949,Sf1,BBP|MZFM|WBP4|Zfp162,splicing factor 1,protein-coding
208,chr10,30842283,30843454,+,0,NA,promoter-TSS (NM_013904),promoter-TSS (NM_013904),-85,NM_013904,15214,,NM_013904,ENSMUSG00000019789,Hey2,CHF1|Herp1|Hrt2|bHLHb32|hesr2,hairy/enhancer-of-split related with YRPW motif 2,protein-coding
1333,chr18,35598539,35599040,+,0,NA,"5' UTR (NM_001357471, exon 1 of 4)","5' UTR (NM_001357471, exon 1 of 4)",172,NM_001357472,67869,,NM_026420,ENSMUSG00000037058,Paip2,2310050K10Rik,polyadenylate-binding protein-interacting protein 2,protein-coding
1546,chr2,37422733,37423044,+,0,NA,promoter-TSS (NM_001290642),promoter-TSS (NM_001290642),15,NM_001290642,319817,,NM_001100591,ENSMUSG00000075376,Rc3h2,2900024N03Rik|9430019J22Rik|D930043C02Rik|Mnab|Rnf164,ring finger and CCCH-type zinc finger domains 2,protein-coding
2730,chr8,72161215,72161505,+,0,NA,"exon (NM_023126, exon 1 of 8)","exon (NM_023126, exon 1 of 8)",160,NM_023126,17274,,NM_023126,ENSMUSG00000003037,Rab8a,Mel,"RAB8A, member RAS oncogene family",protein-coding
426,chr11,77489250,77489605,+,0,NA,"intron (NM_001373882, intron 1 of 14)",CpG,251,NM_172945,268445,,NM_172945,ENSMUSG00000037907,Ankrd13b,B930093C12Rik,ankyrin repeat domain 13b,protein-coding
3131,chrX,140599378,140600240,+,0,NA,"intron (NM_001077364, intron 1 of 3)",CpG,713,NM_001077364,14605,,NM_010286,ENSMUSG00000031431,Tsc22d3,DIP|Dsip1|Gilz|TSC-22R|Tilz3,"TSC22 domain family, member 3",protein-coding
2707,chr8,58095907,58096289,+,0,NA,"intron (NM_175032, intron 4 of 11)",L1Md_A|LINE|L1,296230,NR_165835,105243194,,NR_165835,,Gm2921,100040711,predicted gene 2921,ncRNA
3063,chr9,123925069,123925526,+,0,NA,Intergenic,CpG,43395,NM_009912,12768,,NM_009912,ENSMUSG00000025804,Ccr1,Cmkbr1|Mip-1a-R,C-C motif chemokine receptor 1,protein-coding
1032,chr15,88751720,88752319,+,0,NA,"intron (NM_181412, intron 1 of 2)",CpG,308,NM_181412,223773,,NM_181412,ENSMUSG00000034333,Zbed4,1700009F06Rik,"zinc finger, BED type containing 4",protein-coding
2335,chr6,47768000,47768432,+,0,NA,Intergenic,Intergenic,-15291,NR_002841,19799,,NR_002841,,Rn4.5s,-,4.5S RNA,rRNA
620,chr12,72945536,72946290,+,0,NA,Intergenic,CpG,6031,NM_011384,20476,,NM_011384,ENSMUSG00000021099,Six6,Optx2|Six9,sine oculis-related homeobox 6,protein-coding
7,JH584304.1,70308,71499,+,0,NA,NA,NA,NA,NA,,,,,,,,
1003,chr15,76566116,76566406,+,0,NA,Intergenic,RLTR4_MM-int|LTR|ERV1,-10098,NR_073123,268822,,NM_172960,ENSMUSG00000022550,Adck5,A230108P17,aarF domain containing kinase 5,protein-coding
2569,chr7,80114344,80114799,+,0,NA,"intron (NM_173011, intron 1 of 10)","intron (NM_173011, intron 1 of 10)",779,NM_173011,269951,,NM_173011,ENSMUSG00000030541,Idh2,E430004F23|IDPm|Idh-2,"isocitrate dehydrogenase 2 (NADP+), mitochondrial",protein-coding
2004,chr4,108780062,108780593,+,0,NA,"intron (NM_001347163, intron 1 of 18)",CpG,512,NM_183300,230597,,NM_183300,ENSMUSG00000034557,Zfyve9,Madhip|NSP|SARA|SMADIP,"zinc finger, FYVE domain containing 9",protein-coding
1848,chr3,107517561,107518111,+,0,NA,"5' UTR (NM_172271, exon 1 of 12)","5' UTR (NM_172271, exon 1 of 12)",182,NM_172271,229706,,NM_172271,ENSMUSG00000027894,Slc6a17,D130012J15Rik|Ntt4,"solute carrier family 6 (neurotransmitter transporter), member 17",protein-coding
1323,chr18,25679066,25679363,+,0,NA,"intron (NM_001362275, intron 2 of 13)",CpG,534,NM_001362337,108013,,NM_133195,ENSMUSG00000024268,Celf4,A230070D14Rik|BRUNOL-4|Brul4|Brunol4|C130060B05Rik,"CUGBP, Elav-like family member 4",protein-coding
1614,chr2,104493397,104494257,+,0,NA,"intron (NM_001145824, intron 1 of 15)",CpG,662,NM_001145824,15259,,NM_010434,ENSMUSG00000027177,Hipk3,DYRK6|FIST3|PKY|mir-1902,homeodomain interacting protein kinase 3,protein-coding
1190,chr17,24470482,24470977,+,0,NA,"exon (NM_025954, exon 1 of 2)","exon (NM_025954, exon 1 of 2)",303,NM_025954,67078,,NM_025954,ENSMUSG00000043445,Pgp,1700012G19Rik|AUM|G3PP,phosphoglycolate phosphatase,protein-coding
759,chr13,55831115,55831506,+,0,NA,"5' UTR (NM_011097, exon 1 of 3)","5' UTR (NM_011097, exon 1 of 3)",115,NM_011097,18740,,NM_011097,ENSMUSG00000021506,Pitx1,Bft|P-OTX|Potx|Ptx1,paired-like homeodomain transcription factor 1,protein-coding
1696,chr2,160365528,160367081,+,0,NA,"exon (NM_010658, exon 1 of 1)","exon (NM_010658, exon 1 of 1)",761,NM_010658,16658,,NM_010658,ENSMUSG00000074622,Mafb,Kreisler|Krml|Krml1|kr,MAF bZIP transcription factor B,protein-coding
2844,chr8,123599812,123600243,+,0,NA,Intergenic,(CTCG)n|Simple_repeat|Simple_repeat,-33940,NR_046127,100861480,,NR_046127,ENSMUSG00000119748,Gm25018,Rn5s10,"predicted gene, 25018",rRNA
2261,chr5,134986287,134987192,+,0,NA,TTS (NR_026907),TTS (NR_026907),525,NM_009902,12739,,NM_009902,ENSMUSG00000070473,Cldn3,Cpetr2|mRVP1,claudin 3,protein-coding
2786,chr8,111094056,111094497,+,0,NA,promoter-TSS (NM_198308),promoter-TSS (NM_198308),-469,NM_198308,319518,,NM_198308,ENSMUSG00000033624,Pdpr,4930402E16Rik|mKIAA1990,pyruvate dehydrogenase phosphatase regulatory subunit,protein-coding
2985,chr9,78442656,78443208,+,0,NA,"exon (NM_173386, exon 1 of 5)","exon (NM_173386, exon 1 of 5)",305,NM_173386,214763,,NM_173386,ENSMUSG00000032344,Cgas,E330016A19Rik|Mb21d1,cyclic GMP-AMP synthase,protein-coding
2074,chr4,134534721,134535113,+,0,NA,"5' UTR (NM_001355188, exon 1 of 8)","5' UTR (NM_001355188, exon 1 of 8)",179,NM_001355188,76824,,NM_029759,ENSMUSG00000046671,Mtfr1l,2410166I05Rik|Fam54b,mitochondrial fission regulator 1-like,protein-coding
1232,chr17,35050331,35050832,+,0,NA,"intron (NM_033444, intron 1 of 5)","intron (NM_033444, intron 1 of 5)",338,NM_033444,114584,,NM_033444,ENSMUSG00000007041,Clic1,Clcp|G6,chloride intracellular channel 1,protein-coding
39,chr1,13588913,13589892,+,0,NA,"intron (NM_028173, intron 1 of 10)",CpG,508,NM_028173,72265,,NM_028173,ENSMUSG00000025935,Tram1,1810049E02Rik|TRAMP,translocating chain-associating membrane protein 1,protein-coding
2779,chr8,106510769,106512065,+,0,NA,"intron (NM_007665, intron 2 of 15)",CpG,565,NM_001037809,12560,,NM_007665,ENSMUSG00000061048,Cdh3,Cadp|Cdhp|P-cadherin|Pcad,cadherin 3,protein-coding
1505,chr2,25263023,25263463,+,0,NA,"exon (NM_175286, exon 1 of 4)","exon (NM_175286, exon 1 of 4)",645,NM_175286,97031,,NM_175286,ENSMUSG00000048707,Tprn,C430004E15Rik,taperin,protein-coding
2789,chr8,111853803,111854116,+,0,NA,"intron (NM_001368337, intron 1 of 5)",CpG,378,NM_011801,23837,,NM_011801,ENSMUSG00000031954,Cfdp1,Bcnt|Bucentaur|Cfdp|cp27,craniofacial development protein 1,protein-coding
1313,chr18,11052804,11052884,+,0,NA,promoter-TSS (NR_105022),promoter-TSS (NR_105022),-277,NR_105023,68434,,NR_105022,ENSMUSG00000097222,Gata6os,1010001N08Rik|Gata6as|LncGata6,"GATA binding protein 6, opposite strand",ncRNA
726,chr13,37311469,37311834,+,0,NA,Intergenic,Intergenic,-33694,NM_010745,17084,,NM_010745,ENSMUSG00000021423,Ly86,MD-1|MD1|ly86_tv2,lymphocyte antigen 86,protein-coding
2803,chr8,121753350,121753832,+,0,NA,"exon (NM_020605, exon 2 of 5)","exon (NM_020605, exon 2 of 5)",23032,NM_020605,57340,,NM_020605,ENSMUSG00000025318,Jph3,JP-3|Jp3,junctophilin 3,protein-coding
803,chr13,103921497,103921814,+,0,NA,Intergenic,CpG,-1069,NM_001289475,59079,,NM_021563,ENSMUSG00000021709,Erbin,1700028E05Rik|Erbb2ip|mKIAA1225,Erbb2 interacting protein,protein-coding
116,chr1,105356201,105356878,+,0,NA,"non-coding (NR_151538, exon 1 of 2)","non-coding (NR_151538, exon 1 of 2)",171,NM_178779,320311,,NM_178779,ENSMUSG00000047496,Rnf152,A930029B02Rik,ring finger protein 152,protein-coding
113,chr1,97660967,97661002,+,0,NA,"5' UTR (NM_001355072, exon 1 of 3)","5' UTR (NM_001355072, exon 1 of 3)",692,NM_001355074,52392,,NM_133825,ENSMUSG00000044768,Macir,D1Ertd622e,macrophage immunometabolism regulator,protein-coding
2394,chr6,108828608,108829055,+,0,NA,"exon (NM_138677, exon 1 of 12)","exon (NM_138677, exon 1 of 12)",190,NM_138677,192193,,NM_138677,ENSMUSG00000030104,Edem1,A130059K23Rik|EDEM|mKIAA0212,"ER degradation enhancer, mannosidase alpha-like 1",protein-coding
1883,chr3,132949449,132950110,+,0,NA,promoter-TSS (NM_001287103),promoter-TSS (NM_001287103),35,NM_001287103,114249,,NM_033525,ENSMUSG00000040998,Npnt,1110009H02Rik|Nctn|POEM,nephronectin,protein-coding
479,chr11,97985684,97986649,+,0,NA,"intron (NM_028199, intron 1 of 13)","intron (NM_028199, intron 1 of 13)",280,NM_001163608,72324,,NM_028199,ENSMUSG00000017417,Plxdc1,2410003I07Rik|Tem7,plexin domain containing 1,protein-coding
2033,chr4,123342184,123343565,+,0,NA,"5' UTR (NM_007558, exon 1 of 7)","5' UTR (NM_007558, exon 1 of 7)",378,NM_001256019,12163,,NM_007558,ENSMUSG00000032726,Bmp8a,Bmp7r1|OP-2|OP2,bone morphogenetic protein 8a,protein-coding
1507,chr2,25311074,25311547,+,0,NA,"intron (NM_001372562, intron 3 of 18)",CpG,7877,NM_001177656,14810,,NM_008169,ENSMUSG00000026959,Grin1,GluN1|GluRdelta1|GluRzeta1|M100174|NMD-R1|NMDAR1|NR1|Nmdar|Rgsc174,"glutamate receptor, ionotropic, NMDA1 (zeta 1)",protein-coding
1796,chr3,83055618,83055939,+,0,NA,"intron (NM_016784, intron 1 of 14)","intron (NM_016784, intron 1 of 14)",240,NM_016784,53317,,NM_016784,ENSMUSG00000027998,Plrg1,Tango4,pleiotropic regulator 1,protein-coding
3022,chr9,107534169,107534584,+,0,NA,"5' UTR (NM_019704, exon 1 of 2)","5' UTR (NM_019704, exon 1 of 2)",431,NM_019704,56395,,NM_019704,ENSMUSG00000010045,Tmem115,Pl6|Pp6,transmembrane protein 115,protein-coding
805,chr13,107888678,107889525,+,0,NA,"intron (NM_145456, intron 5 of 17)",CpG,963,NM_145456,67263,,NM_145456,ENSMUSG00000032846,Zswim6,2900036G02Rik|mKIAA1577,zinc finger SWIM-type containing 6,protein-coding
834,chr14,8097984,8098636,+,0,NA,promoter-TSS (NM_178279),promoter-TSS (NM_178279),99,NM_001360315,218699,,NM_145458,ENSMUSG00000033885,Pxk,C230080L11Rik|D14Ertd813e|Monaka|Slob,PX domain containing serine/threonine kinase,protein-coding
1455,chr19,42201400,42202388,+,0,NA,"exon (NM_018780, exon 1 of 3)","exon (NM_018780, exon 1 of 3)",358,NM_018780,54612,,NM_018780,ENSMUSG00000018822,Sfrp5,SARP3,secreted frizzled-related sequence protein 5,protein-coding
2477,chr7,19403786,19404095,+,0,NA,"intron (NM_001286039, intron 1 of 12)",CpG,164,NM_001286039,232943,,NM_146182,ENSMUSG00000040714,Klc3,Klct,kinesin light chain 3,protein-coding
204,chr10,20311903,20312517,+,0,NA,promoter-TSS (NM_153787),promoter-TSS (NM_153787),-259,NM_001025393,72567,,NM_153787,ENSMUSG00000037608,Bclaf1,2610102K23Rik|2700025J07Rik|2810454G14Rik|5730534O06Rik|Btf|mKIAA0164,BCL2-associated transcription factor 1,protein-coding
1413,chr19,6933696,6934368,+,0,NA,"intron (NM_008431, intron 1 of 6)",CpG,483,NM_008431,16528,,NM_008431,ENSMUSG00000024957,Kcnk4,Catsperz|MLZ-622|TRAAK|TRAAKt|Tex40,"potassium channel, subfamily K, member 4",protein-coding
444,chr11,85829999,85830328,+,0,NA,"intron (NR_077059, intron 1 of 4)","intron (NR_077059, intron 1 of 4)",2225,NR_077059,69909,,NR_077059,ENSMUSG00000087013,2610027K06Rik,-,RIKEN cDNA 2610027K06 gene,ncRNA
1669,chr2,147177867,147178292,+,0,NA,"intron (NM_001077632, intron 2 of 2)","intron (NM_001077632, intron 2 of 2)",-6004,NR_030769,100313531,,NR_030769,ENSMUSG00000086509,Nkx2-2os,Gm14112|Nkx2-2as|Nkx2.2AS,"NK2 homeobox 2, opposite strand",ncRNA
1832,chr3,95930049,95930529,+,0,NA,"intron (NM_001253758, intron 1 of 4)",CpG,1032,NM_001253757,66471,,NM_023210,ENSMUSG00000015749,Anp32e,2810018A15Rik|CPD1|LANP-L|LANPL|mLANP-L,acidic nuclear phosphoprotein 32 family member E,protein-coding
1144,chr16,87455156,87455540,+,0,NA,"intron (NM_024258, intron 1 of 17)",CpG,363,NM_024258,74112,,NM_024258,ENSMUSG00000025616,Usp16,1200004E02Rik|2810483I07Rik|6330514E22Rik|UBPM,ubiquitin specific peptidase 16,protein-coding
57,chr1,42695701,42696846,+,0,NA,"5' UTR (NM_008900, exon 1 of 1)","5' UTR (NM_008900, exon 1 of 1)",505,NM_008900,18993,,NM_008900,ENSMUSG00000045515,Pou3f3,Brn-1|Brn1|HST011|Otf8|Skin1|urehr2,"POU domain, class 3, transcription factor 3",protein-coding
1814,chr3,89349838,89350153,+,0,NA,promoter-TSS (NM_009614),promoter-TSS (NM_009614),33,NM_009614,11490,,NM_009614,ENSMUSG00000028041,Adam15,AD56|MDC15,ADAM metallopeptidase domain 15,protein-coding
95,chr1,78657662,78657997,+,0,NA,promoter-TSS (NM_001136226),promoter-TSS (NM_001136226),4,NM_028817,74205,,NM_028817,ENSMUSG00000032883,Acsl3,2610510B12Rik|Acs3|Facl3|LACS 3|Pro2194,acyl-CoA synthetase long-chain family member 3,protein-coding
1638,chr2,121805805,121807110,+,0,NA,"intron (NM_172673, intron 1 of 14)",CpG,600,NM_001360084,228564,,NM_172673,ENSMUSG00000027238,Frmd5,1500032A09Rik|A930004K21Rik,FERM domain containing 5,protein-coding
1879,chr3,129830658,129831535,+,0,NA,"intron (NM_026578, intron 1 of 6)",CpG,300,NM_026578,68147,,NM_026578,ENSMUSG00000028010,Gar1,C430047J18Rik|Nola1,GAR1 ribonucleoprotein,protein-coding
1367,chr18,60595911,60596563,+,0,NA,"exon (NM_177340, exon 3 of 3)","exon (NM_177340, exon 3 of 3)",-4521,NM_133363,170947,,NM_133363,ENSMUSG00000049173,Myoz3,4833419K08Rik|Fatz-3,myozenin 3,protein-coding
2195,chr5,73006874,73007643,+,0,NA,"exon (NM_173403, exon 1 of 3)","exon (NM_173403, exon 1 of 3)",354,NM_173403,231290,,NM_173403,ENSMUSG00000029219,Slc10a4,E130304D01,"solute carrier family 10 (sodium/bile acid cotransporter family), member 4",protein-coding
2801,chr8,121128545,121129030,+,0,NA,"exon (NM_008024, exon 1 of 1)","exon (NM_008024, exon 1 of 1)",1102,NM_008024,14241,,NM_008024,ENSMUSG00000097084,Foxl1,FREAC7|Fkh6|fkh-6,forkhead box L1,protein-coding
530,chr11,115266039,115266440,+,0,NA,"5' UTR (NM_010350, exon 3 of 15)","5' UTR (NM_010350, exon 3 of 15)",1004,NM_010350,14813,,NM_010350,ENSMUSG00000020734,Grin2c,GluN2C|NMDAR2C|NR2C,"glutamate receptor, ionotropic, NMDA2C (epsilon 3)",protein-coding
685,chr12,112146232,112146551,+,0,NA,"exon (NM_001097621, exon 1 of 16)","exon (NM_001097621, exon 1 of 16)",183,NM_001097621,668303,,NM_001097621,ENSMUSG00000021294,Kif26a,mKIAA1236,kinesin family member 26A,protein-coding
1350,chr18,46465501,46465883,+,0,NA,"non-coding (NR_045438, exon 1 of 1)","non-coding (NR_045438, exon 1 of 1)",124,NR_045438,72076,,NM_028086,,Mospd4,2010013H21Rik,motile sperm domain containing 4,pseudo
1414,chr19,6969469,6969928,+,0,NA,"5' UTR (NM_008874, exon 1 of 31)","5' UTR (NM_008874, exon 1 of 31)",116,NM_008874,18797,,NM_008874,ENSMUSG00000024960,Plcb3,mKIAA4098,"phospholipase C, beta 3",protein-coding
2616,chr7,123097779,123098130,+,0,NA,Intergenic,Intergenic,-25931,NM_144925,233833,,NM_144925,ENSMUSG00000052707,Tnrc6a,2010321I05Rik|3110054G10Rik|CAGH26|D130023A07Rik|GW182|Tnrc6,trinucleotide repeat containing 6a,protein-coding
2864,chr8,126474320,126474638,+,0,NA,"exon (NM_001159907, exon 1 of 30)","exon (NM_001159907, exon 1 of 30)",586,NM_001159907,212728,,NM_001159907,ENSMUSG00000090290,Tarbp1,Gm17296|Gm179,TAR RNA binding protein 1,protein-coding
132,chr1,132007486,132008064,+,0,NA,promoter-TSS (NM_001376958),promoter-TSS (NM_001376958),155,NM_001376957,13714,,NM_007923,ENSMUSG00000026436,Elk4,2310011G17Rik|A130026I01Rik|SAP-1|Sap1,"ELK4, member of ETS oncogene family",protein-coding
2489,chr7,27364135,27364524,+,0,NA,"exon (NM_001199234, exon 14 of 19)","exon (NM_001199234, exon 14 of 19)",-8321,NM_138676,192192,,NM_138676,ENSMUSG00000089832,Shkbp1,B930062H15Rik|Sb1,Sh3kbp1 binding protein 1,protein-coding
293,chr10,121351012,121351512,+,0,NA,"exon (NM_001361015, exon 1 of 13)","exon (NM_001361015, exon 1 of 13)",382,NM_001361015,74694,,NM_029057,ENSMUSG00000052302,Tbc1d30,4930505D03Rik|9530013E20Rik,"TBC1 domain family, member 30",protein-coding
1449,chr19,37434048,37435763,+,0,NA,promoter-TSS (NM_008245),promoter-TSS (NM_008245),64,NM_008245,15242,,NM_008245,ENSMUSG00000024986,Hhex,Hex|Hex1|Hhex-rs2|Prh|Prhx,hematopoietically expressed homeobox,protein-coding
1981,chr4,88799738,88800240,+,0,NA,promoter-TSS (NM_001161609),promoter-TSS (NM_001161609),-331,NM_001161610,545655,,NM_001161610,ENSMUSG00000094648,Gm13287,-,predicted gene 13287,protein-coding
1595,chr2,84714678,84715090,+,0,NA,"intron (NM_144887, intron 1 of 11)",CpG,280,NM_144887,228136,,NM_144887,ENSMUSG00000034075,Zdhhc5,1110032A17Rik|Zisp,"zinc finger, DHHC domain containing 5",protein-coding
2629,chr7,130519740,130520004,+,0,NA,promoter-TSS (NM_013799),promoter-TSS (NM_013799),-292,NM_013799,11907,,NM_013799,ENSMUSG00000030850,Ate1,-,arginyltransferase 1,protein-coding
2432,chr6,128687006,128687164,+,0,NA,Intergenic,L1Md_T|LINE|L1,24700,NM_053165,94071,,NM_053165,ENSMUSG00000030364,Clec2h,Clrf|clr-f,"C-type lectin domain family 2, member h",protein-coding
2279,chr5,145113932,145114996,+,0,NA,"intron (NM_023142, intron 1 of 9)",CpG,208,NM_023142,11867,,NM_023142,ENSMUSG00000029622,Arpc1b,41kDa|L72|SOP2Hs|p41-ARC,"actin related protein 2/3 complex, subunit 1B",protein-coding
3051,chr9,121719766,121720109,+,0,NA,"intron (NM_010918, intron 2 of 16)",CpG-15515,756,NM_010918,18087,,NM_010918,ENSMUSG00000032525,Nktr,5330401F18Rik|D9Wsu172e,natural killer tumor recognition sequence,protein-coding
207,chr10,24595444,24596213,+,0,NA,promoter-TSS (NR_163910),promoter-TSS (NR_163910),-25,NR_163910,102638890,,NR_163910,,Gm15270,-,predicted gene 15270,ncRNA
338,chr11,35797750,35798005,+,0,NA,"exon (NM_001004147, exon 1 of 1)","exon (NM_001004147, exon 1 of 1)",1007,NM_001004147,237730,,NM_001004147,ENSMUSG00000051062,Fbll1,-,fibrillarin-like 1,protein-coding
201,chr10,18318968,18319260,+,0,NA,Intergenic,CpG,-84133,NM_144820,215814,,NM_144820,ENSMUSG00000059554,Ccdc28a,1700009P13Rik,coiled-coil domain containing 28A,protein-coding
276,chr10,99739680,99740178,+,0,NA,Intergenic,L1Md_T|LINE|L1,-19577,NR_155868,102638712,,NR_155868,ENSMUSG00000112304,Gm35206,-,"predicted gene, 35206",ncRNA
1066,chr15,101046290,101046852,+,0,NA,TTS (NM_001077499),TTS (NM_001077499),7828,NM_001214911,668225,,NM_001214911,ENSMUSG00000095440,Fignl2,EG668225,fidgetin-like 2,protein-coding
1021,chr15,81967878,81968267,+,0,NA,Intergenic,RLTR9D|LTR|ERVK,-7142,NM_013872,29858,,NM_013872,ENSMUSG00000022474,Pmm1,-,phosphomannomutase 1,protein-coding
2908,chr9,32032860,32033107,+,0,NA,"intron (NM_001370958, intron 1 of 22)",CpG,680,NM_001370958,330914,,NM_177379,ENSMUSG00000041444,Arhgap32,3426406O18Rik|Gc-gap|Grit|Px-rics|Rics|mKIAA0712|p200Rhogap|p250Gap,Rho GTPase activating protein 32,protein-coding
1321,chr18,24576220,24576543,+,0,NA,Intergenic,L1Md_T|LINE|L1,27436,NM_139143,106957,,NM_139143,ENSMUSG00000024270,Slc39a6,Ermelin|Zip6,"solute carrier family 39 (metal ion transporter), member 6",protein-coding
387,chr11,69326226,69326885,+,0,NA,TTS (NM_001024206),TTS (NM_001024206),297,NM_010599,16499,,NM_010599,ENSMUSG00000018470,Kcnab3,C330022D06Rik|Kcnab4|mKv(beta)4,"potassium voltage-gated channel, shaker-related subfamily, beta member 3",protein-coding
2626,chr7,127769550,127769753,+,0,NA,promoter-TSS (NM_198424),promoter-TSS (NM_198424),-164,NM_198424,269999,,NM_198424,ENSMUSG00000043964,Orai3,9930124N15|Tmem142c,ORAI calcium release-activated calcium modulator 3,protein-coding
2829,chr8,123574230,123575104,+,0,NA,Intergenic,Intergenic,-8580,NR_046127,100861480,,NR_046127,ENSMUSG00000119748,Gm25018,Rn5s10,"predicted gene, 25018",rRNA
2625,chr7,127042064,127042411,+,0,NA,"intron (NM_145588, intron 1 of 13)",CpG,183,NM_145588,110033,,NM_145588,ENSMUSG00000030677,Kif22,Kid|Kif22a,kinesin family member 22,protein-coding
526,chr11,114786291,114786969,+,0,NA,"exon (NM_001102615, exon 13 of 20)","exon (NM_001102615, exon 13 of 20)",9262,NM_028055,72014,,NM_028055,ENSMUSG00000000202,Btbd17,1500005I02Rik|Tango10a,BTB domain containing 17,protein-coding
392,chr11,69795689,69796193,+,0,NA,promoter-TSS (NM_009601),promoter-TSS (NM_009601),-4,NM_009601,11443,,NM_009601,ENSMUSG00000041189,Chrnb1,Achr-2|Acrb,cholinergic receptor nicotinic beta 1 subunit,protein-coding
2313,chr6,31398807,31399627,+,0,NA,promoter-TSS (NR_040300),promoter-TSS (NR_040300),389,NM_013791,27418,,NM_013791,ENSMUSG00000025609,Mkln1,A130067F06Rik,"muskelin 1, intracellular mediator containing kelch motifs",protein-coding
649,chr12,91400464,91400906,+,0,NA,promoter-TSS (NM_011648),promoter-TSS (NM_011648),-308,NM_001113404,22095,,NM_011648,ENSMUSG00000020963,Tshr,hypothroid|hyt|pet,thyroid stimulating hormone receptor,protein-coding
2344,chr6,52245216,52245428,+,0,NA,promoter-TSS (NR_015348),promoter-TSS (NR_015348),79,NR_015348,15397,,NR_015348,ENSMUSG00000086427,Hoxa11os,Hoxa11as|Hoxa11s,"homeobox A11, opposite strand",ncRNA
1299,chr17,87797409,87797754,+,0,NA,"5' UTR (NM_199251, exon 1 of 2)","5' UTR (NM_199251, exon 1 of 2)",413,NM_199251,210741,,NM_199251,ENSMUSG00000050138,Kcnk12,mntk1,"potassium channel, subfamily K, member 12",protein-coding
2657,chr7,143501986,143502840,+,0,NA,"exon (NM_009434, exon 1 of 2)","exon (NM_009434, exon 1 of 2)",111,NM_009434,22113,,NM_009434,ENSMUSG00000010760,Phlda2,Ipl|Tssc3,"pleckstrin homology like domain, family A, member 2",protein-coding
166,chr1,171071719,171073589,+,0,NA,Intergenic,CpG,-8002,NR_106103,102466998,,NR_106103,ENSMUSG00000118979,Mir6546,Gm27408|mmu-mir-6546,microRNA 6546,ncRNA
1099,chr16,18581754,18582925,+,0,NA,"exon (NM_001285476, exon 7 of 7)","exon (NM_001285476, exon 7 of 7)",4630,NM_001285476,21380,,NM_011532,ENSMUSG00000009097,Tbx1,nmf219,T-box 1,protein-coding
352,chr11,51858594,51858992,+,0,NA,Intergenic,Intergenic,-1125,NM_001357588,76901,,NM_199299,ENSMUSG00000020387,Jade2,1200017K05Rik|Phf15|mKIAA0239,jade family PHD finger 2,protein-coding
865,chr14,33923246,33923893,+,0,NA,promoter-TSS (NM_145741),promoter-TSS (NM_145741),-18,NM_145741,14560,,NM_145741,ENSMUSG00000021943,Gdf10,Bmp3b,growth differentiation factor 10,protein-coding
2001,chr4,108383221,108383705,+,0,NA,"5' UTR (NM_001099303, exon 1 of 3)","5' UTR (NM_001099303, exon 1 of 3)",192,NM_001099303,545667,,NM_001099303,ENSMUSG00000059816,Shisal2a,Fam159a,shisa like 2A,protein-coding
2314,chr6,31563665,31563997,+,0,NA,"5' UTR (NM_013723, exon 1 of 8)","5' UTR (NM_013723, exon 1 of 8)",106,NM_013723,27205,,NM_013723,ENSMUSG00000025608,Podxl,Ly102|PC|PCLP-1|Pclp1|Podxl1,podocalyxin-like,protein-coding
1627,chr2,118544227,118544760,+,0,NA,promoter-TSS (NR_138603),promoter-TSS (NR_138603),94,NR_138603,171543,,NM_138313,ENSMUSG00000040093,Bmf,-,BCL2 modifying factor,protein-coding
2465,chr7,16144839,16145438,+,0,NA,"exon (NM_001347561, exon 4 of 9)","exon (NM_001347561, exon 4 of 9)",15312,NM_001347561,110891,,NM_148946,ENSMUSG00000030376,Slc8a2,Ncx2,"solute carrier family 8 (sodium/calcium exchanger), member 2",protein-coding
2471,chr7,18991740,18992690,+,0,NA,"exon (NM_145579, exon 2 of 3)","exon (NM_145579, exon 2 of 3)",970,NM_145579,232934,,NM_145579,ENSMUSG00000048481,Mypop,Myodysa|P42pop,"Myb-related transcription factor, partner of profilin",protein-coding
3026,chr9,108517654,108517926,+,0,NA,"intron (NM_175143, intron 1 of 9)",CpG,703,NM_175143,69232,,NM_175143,ENSMUSG00000006673,Qrich1,2610028H07Rik|b2b2404Clo,glutamine-rich 1,protein-coding
2253,chr5,124861836,124862422,+,0,NA,promoter-TSS (NM_001081750),promoter-TSS (NM_001081750),92,NM_144819,215707,,NM_144819,ENSMUSG00000037979,Ccdc92,D5Bwg0834e,coiled-coil domain containing 92,protein-coding
1388,chr18,80206441,80206873,+,0,NA,promoter-TSS (NM_001384176),promoter-TSS (NM_001384176),-169,NM_001384173,27366,,NM_025299,ENSMUSG00000057130,Txnl4a,D18Wsu98e|Dim1|Txnl4|U5-15kD|U5-15kDa,thioredoxin-like 4A,protein-coding
1415,chr19,7268470,7268863,+,0,NA,"5' UTR (NM_001320554, exon 1 of 12)","5' UTR (NM_001320554, exon 1 of 12)",387,NM_001320554,104383,,NM_054048,ENSMUSG00000024968,Rcor2,1A13|CoREST|Rcor|Rcor1,REST corepressor 2,protein-coding
862,chr14,32463882,32465422,+,0,NA,"5' UTR (NM_021712, exon 1 of 1)","5' UTR (NM_021712, exon 1 of 1)",198,NM_021712,20508,,NM_021712,ENSMUSG00000100241,Slc18a3,VAChT|VAT,"solute carrier family 18 (vesicular monoamine), member 3",protein-coding
2450,chr7,4137023,4137229,+,0,NA,promoter-TSS (NM_001374609),promoter-TSS (NM_001374609),70,NM_172736,232798,,NM_172736,ENSMUSG00000035545,Leng8,-,leukocyte receptor cluster (LRC) member 8,protein-coding
2316,chr6,32587536,32588017,+,0,NA,"5' UTR (NM_175750, exon 1 of 32)","5' UTR (NM_175750, exon 1 of 32)",416,NM_175750,243743,,NM_175750,ENSMUSG00000029765,Plxna4,9330117B14|Plxa4|mKIAA1550,plexin A4,protein-coding
1691,chr2,156144169,156144539,+,0,NA,promoter-TSS (NM_010911),promoter-TSS (NM_010911),121,NM_025946,67067,,NM_025946,ENSMUSG00000067847,Romo1,2010100O12Rik,reactive oxygen species modulator 1,protein-coding
799,chr13,99515484,99515715,+,0,NA,"intron (NM_008634, intron 1 of 6)",CpG,1003,NM_008634,17755,,NM_008634,ENSMUSG00000052727,Map1b,A230055D22|LC1|MAP5|Mtap-5|Mtap1b|Mtap5,microtubule-associated protein 1B,protein-coding
2934,chr9,51765380,51766055,+,0,NA,"intron (NM_175535, intron 1 of 14)",CpG,366,NM_175535,244867,,NM_175535,ENSMUSG00000053199,Arhgap20,6530403F17Rik|A530023E23Rik|RARhoGAP|mKIAA1391,Rho GTPase activating protein 20,protein-coding
2493,chr7,27408237,27408646,+,0,NA,"exon (NM_032610, exon 14 of 36)","exon (NM_032610, exon 14 of 36)",-11888,NM_001199236,80297,,NM_032610,ENSMUSG00000011751,Sptbn4,1700022P15Rik|5830426A08Rik|ROSA62|SpbIV|Spnb4|dyn|lnd|nmf261|nmf379|qv,"spectrin beta, non-erythrocytic 4",protein-coding
1108,chr16,22009629,22010149,+,0,NA,"intron (NM_001357424, intron 1 of 15)",CpG,405,NR_027488,75826,,NM_029457,ENSMUSG00000022855,Senp2,2310007L05Rik|4930538C18Rik|Smt3ip2|SuPr-1|mKIAA1331,SUMO/sentrin specific peptidase 2,protein-coding
2718,chr8,69902810,69902993,+,0,NA,promoter-TSS (NM_023312),promoter-TSS (NM_023312),-343,NM_023312,67184,,NM_023312,ENSMUSG00000036199,Ndufa13,2700054G14Rik|CDA016|CGI-39|CI-B16.6|GRIM-19|Grim19,NADH:ubiquinone oxidoreductase subunit A13,protein-coding
1503,chr2,25180716,25181935,+,0,NA,"exon (NM_025980, exon 1 of 1)","exon (NM_025980, exon 1 of 1)",567,NM_025980,67122,,NM_025980,ENSMUSG00000078202,Nrarp,2700054M22Rik,Notch-regulated ankyrin repeat protein,protein-coding
378,chr11,64435950,64436785,+,0,NA,"non-coding (NR_028445, exon 1 of 1)","non-coding (NR_028445, exon 1 of 1)",307,NR_028445,654805,,NM_001039541,,F930015N05Rik,-,RIKEN cDNA F930015N05 gene,ncRNA
373,chr11,61408114,61408644,+,0,NA,Intergenic,CpG,-30304,NM_026183,67473,,NM_026183,ENSMUSG00000010122,Slc47a1,1300013J15Rik|MATE1|mMATE1,"solute carrier family 47, member 1",protein-coding
2415,chr6,122339981,122340485,+,0,NA,promoter-TSS (NM_001271579),promoter-TSS (NM_001271579),-6,NM_001271579,13619,,NM_007905,ENSMUSG00000040669,Phc1,Edr|Edr1|Mph1|Rae-28|rae28,polyhomeotic 1,protein-coding
2764,chr8,94386386,94386734,+,0,NA,"5' UTR (NM_022331, exon 1 of 8)","5' UTR (NM_022331, exon 1 of 8)",131,NM_001357205,64209,,NM_022331,ENSMUSG00000031770,Herpud1,Herp|Mifl|SUP,"homocysteine-inducible, endoplasmic reticulum stress-inducible, ubiquitin-like domain member 1",protein-coding
2481,chr7,19796480,19796822,+,0,NA,"exon (NM_001161844, exon 1 of 11)","exon (NM_001161844, exon 1 of 11)",158,NM_001161844,80794,,NM_023224,ENSMUSG00000040525,Cblc,2310076I21Rik|2310079L19Rik|Cbl3,Casitas B-lineage lymphoma c,protein-coding
1126,chr16,52452122,52453082,+,0,NA,"5' UTR (NM_001331110, exon 1 of 15)","5' UTR (NM_001331110, exon 1 of 15)",479,NM_001331110,11658,,NM_009655,ENSMUSG00000022636,Alcam,BEN|CD166|DM-GRASP|MuSC|SC1,activated leukocyte cell adhesion molecule,protein-coding
528,chr11,115250228,115250562,+,0,NA,"exon (NM_010350, exon 15 of 15)","exon (NM_010350, exon 15 of 15)",16848,NM_010350,14813,,NM_010350,ENSMUSG00000020734,Grin2c,GluN2C|NMDAR2C|NR2C,"glutamate receptor, ionotropic, NMDA2C (epsilon 3)",protein-coding
311,chr11,3123313,3123796,+,0,NA,promoter-TSS (NR_003517),promoter-TSS (NR_003517),-448,NR_003517,236604,,NM_001004146,ENSMUSG00000121500,Pisd-ps1,-,"phosphatidylserine decarboxylase, pseudogene 1",pseudo
485,chr11,98741850,98742686,+,0,NA,"intron (NM_001313983, intron 1 of 9)",CpG,483,NM_001313983,21833,,NM_178060,ENSMUSG00000058756,Thra,6430529J03Rik|Erba|Nr1a1|Rvr|T3R[a]|T3Ralpha|Thra1|Thra2|c-erbA-1|c-erbA-alpha|c-erbAalpha,thyroid hormone receptor alpha,protein-coding
3157,chrY,17464844,17465751,+,0,NA,Intergenic,IMPB_01|Satellite|Satellite,64536,NM_028970,74484,,NM_028970,ENSMUSG00000095365,Rbm31y,4933434H11Rik,"RNA binding motif 31, Y-linked",protein-coding
2814,chr8,123547056,123547961,+,0,NA,promoter-TSS (NR_046152).5,promoter-TSS (NR_046152).5,-125,NR_046147,100861494,,NR_046147,ENSMUSG00000118747,Gm22109,Rn5s23,"predicted gene, 22109",rRNA
841,chr14,19415844,19416243,+,0,NA,Intergenic,GSAT_MM|Satellite|Satellite,88852,NR_164364,100042024,,NM_001374231,ENSMUSG00000094590,Gm3629,-,predicted gene 3629,protein-coding
157,chr1,164249077,164249400,+,0,NA,"5' UTR (NM_001276455, exon 1 of 6)","5' UTR (NM_001276455, exon 1 of 6)",192,NM_001276455,116914,,NM_054087,ENSMUSG00000040918,Slc19a2,DDA1|THTR1|TRMA|ThTr-1,"solute carrier family 19 (thiamine transporter), member 2",protein-coding
1703,chr2,163858368,163858633,+,0,NA,"exon (NM_001030292, exon 2 of 2)","exon (NM_001030292, exon 2 of 2)",4750,NM_001030292,241769,,NM_001030292,ENSMUSG00000035238,Kcnk15,KCNK11|KCNK14|KT3.3|TASK5,"potassium channel, subfamily K, member 15",protein-coding
2979,chr9,75231932,75232334,+,0,NA,"5' UTR (NM_001081322, exon 1 of 41)","5' UTR (NM_001081322, exon 1 of 41)",119,NM_001081322,208943,,NM_145366,ENSMUSG00000033590,Myo5c,9130003O20Rik|C330029I24,myosin VC,protein-coding
1908,chr4,8646840,8647488,+,0,NA,"non-coding (NR_168732, exon 1 of 1)","non-coding (NR_168732, exon 1 of 1)",293,NR_168732,666752,,NR_168732,,Gm8273,EG666752,predicted gene 8273,ncRNA
1895,chr3,144598683,144599041,+,0,NA,Intergenic,Intergenic,28435,NM_053102,93684,,NM_053102,ENSMUSG00000037072,Selenof,9430015P09Rik|Sep15,selenoprotein F,protein-coding
2495,chr7,27653873,27654743,+,0,NA,"exon (NM_028417, exon 1 of 3)","exon (NM_028417, exon 1 of 3)",384,NM_028417,73032,,NM_028417,ENSMUSG00000007944,Ttc9b,2900074C18Rik,tetratricopeptide repeat domain 9B,protein-coding
2129,chr4,156034656,156035102,+,0,NA,TTS (NM_029264),TTS (NM_029264),-3217,NR_169176,100038526,,NR_040563,,Gm16008,Gm10560,predicted gene 16008,ncRNA
1831,chr3,95871301,95871707,+,0,NA,promoter-TSS (NM_078479),promoter-TSS (NM_078479),10,NM_001355759,66292,,NM_078479,ENSMUSG00000054312,Mrps21,1810031B19Rik|S21mt,mitochondrial ribosomal protein S21,protein-coding
1767,chr3,45377330,45377767,+,0,NA,promoter-TSS (NM_011043),promoter-TSS (NM_011043),712,NR_045172,72511,,NR_045172,ENSMUSG00000097040,2610316D01Rik,-,RIKEN cDNA 2610316D01 gene,ncRNA
2982,chr9,77910777,77911291,+,0,NA,Intergenic,Intergenic,-6331,NM_134255,68801,,NM_134255,ENSMUSG00000032349,Elovl5,1110059L23Rik|HELO1,ELOVL fatty acid elongase 5,protein-coding
1611,chr2,102450535,102451301,+,0,NA,"exon (NM_010218, exon 1 of 1)","exon (NM_010218, exon 1 of 1)",874,NM_010218,14221,,NM_010218,ENSMUSG00000075012,Fjx1,-,four jointed box 1,protein-coding
245,chr10,78425782,78426243,+,0,NA,"intron (NM_007793, intron 1 of 2)","intron (NM_007793, intron 1 of 2)",342,NM_007793,13014,,NM_007793,ENSMUSG00000005054,Cstb,Stfb,cystatin B,protein-coding
73,chr1,57969448,57969865,+,0,NA,promoter-TSS (NR_027630),promoter-TSS (NR_027630),-132,NR_027630,51960,,NM_030211,ENSMUSG00000054770,Kctd18,4932411A20Rik|6530404F10Rik,potassium channel tetramerisation domain containing 18,protein-coding
1432,chr19,24861420,24861898,+,0,NA,"exon (NM_175013, exon 1 of 11)","exon (NM_175013, exon 1 of 11)",183,NM_175013,226041,,NM_175013,ENSMUSG00000041731,Pgm5,4833423B07|9530034F03Rik|D830025G17|aciculin,phosphoglucomutase 5,protein-coding
744,chr13,51408811,51409050,+,0,NA,"5' UTR (NM_010101, exon 1 of 2)","5' UTR (NM_010101, exon 1 of 2)",312,NM_010101,13610,,NM_010101,ENSMUSG00000067586,S1pr3,Edg3|Lpb3|S1p3,sphingosine-1-phosphate receptor 3,protein-coding
175,chr1,173367118,173367596,+,0,NA,"intron (NM_053199, intron 1 of 8)",CpG,338,NM_053199,94332,,NM_053199,ENSMUSG00000005338,Cadm3,BIgR|Igsf4b|Necl-1|Necl1|SynCAM3|Tsll1,cell adhesion molecule 3,protein-coding
2528,chr7,44929161,44929506,+,0,NA,"exon (NM_007458, exon 1 of 24)","exon (NM_007458, exon 1 of 24)",157,NM_007458,11771,,NM_007458,ENSMUSG00000060279,Ap2a1,Adtaa,"adaptor-related protein complex 2, alpha 1 subunit",protein-coding
2537,chr7,45862034,45862343,+,0,NA,"exon (NM_008172, exon 2 of 12)","exon (NM_008172, exon 2 of 12)",4493,NM_008172,14814,,NM_008172,ENSMUSG00000002771,Grin2d,GluN2D|NMDAR2D|NR2D,"glutamate receptor, ionotropic, NMDA2D (epsilon 4)",protein-coding
1667,chr2,147013062,147013393,+,0,NA,"intron (NM_001356402, intron 1 of 28)",CpG,228,NM_001356402,24128,,NM_011917,ENSMUSG00000027433,Xrn2,-,5'-3' exoribonuclease 2,protein-coding
2977,chr9,72110689,72111354,+,0,NA,"5' UTR (NM_001253862, exon 1 of 20)","5' UTR (NM_001253862, exon 1 of 20)",180,NM_001253862,21406,,NM_011544,ENSMUSG00000032228,Tcf12,A130037E08Rik|ALF1|HEB|HEBAlt|HTF-4|HTF4|ME1|REB|bHLHb20,transcription factor 12,protein-coding
933,chr14,79426508,79427196,+,0,NA,"exon (NM_001024135, exon 1 of 1)","exon (NM_001024135, exon 1 of 1)",341,NM_001024135,211255,,NM_001024135,ENSMUSG00000043881,Kbtbd7,1110008P08Rik|Gm295,kelch repeat and BTB (POZ) domain containing 7,protein-coding
525,chr11,114542099,114542475,+,0,NA,Intergenic,Intergenic,-93427,NR_027643,319819,,NM_177008,ENSMUSG00000062391,4932435O22Rik,-,RIKEN cDNA 4932435O22 gene,ncRNA
1421,chr19,10388444,10389029,+,0,NA,promoter-TSS (NM_173068),promoter-TSS (NM_173068),-287,NM_001373944,54525,,NM_018801,ENSMUSG00000024743,Syt7,B230112P13Rik,synaptotagmin VII,protein-coding
3062,chr9,123923356,123923755,+,0,NA,Intergenic,Intergenic,45137,NM_009912,12768,,NM_009912,ENSMUSG00000025804,Ccr1,Cmkbr1|Mip-1a-R,C-C motif chemokine receptor 1,protein-coding
167,chr1,171079365,171081200,+,0,NA,Intergenic,CpG,-15630,NR_106103,102466998,,NR_106103,ENSMUSG00000118979,Mir6546,Gm27408|mmu-mir-6546,microRNA 6546,ncRNA
2326,chr6,41880270,41880714,+,0,NA,Intergenic,L1Md_A|LINE|L1,20185,NM_032542,84543,,NM_032542,ENSMUSG00000014104,Sval2,SLP-M,seminal vesicle antigen-like 2,protein-coding
1112,chr16,31428613,31429280,+,0,NA,"non-coding (NR_152205, exon 1 of 1)","non-coding (NR_152205, exon 1 of 1)",193,NM_001122683,71911,,NM_175177,ENSMUSG00000046598,Bdh1,2310032J20Rik|Bdh,"3-hydroxybutyrate dehydrogenase, type 1",protein-coding
3092,chrX,60892860,60893376,+,0,NA,promoter-TSS (NR_155290),promoter-TSS (NR_155290),312,NM_009237,20675,,NM_009237,ENSMUSG00000045179,Sox3,Sox-3,SRY (sex determining region Y)-box 3,protein-coding
859,chr14,31131149,31131751,+,0,NA,"intron (NM_001374087, intron 1 of 13)",CpG,361,NM_001374087,70021,,NM_027289,ENSMUSG00000071547,Nt5dc2,2510015F01Rik,5'-nucleotidase domain containing 2,protein-coding
1483,chr19,60467094,60468084,+,0,NA,"exon (NM_201615, exon 1 of 1)","exon (NM_201615, exon 1 of 1)",715,NM_201615,226278,,NM_201615,ENSMUSG00000045052,Prlhr,Gm339|Gpr10|Gr3|Prrpr,prolactin releasing hormone receptor,protein-coding
1208,chr17,28473098,28473462,+,0,NA,"intron (NM_010220, intron 1 of 10)",B2_Mm1a|SINE|B2,12869,NM_010220,14229,,NM_010220,ENSMUSG00000024222,Fkbp5,D17Ertd592e|Dit1|FKBP-5|FKBP51,FK506 binding protein 5,protein-coding
401,chr11,70539919,70540909,+,0,NA,"5' UTR (NM_008876, exon 1 of 25)","5' UTR (NM_008876, exon 1 of 25)",142,NM_008876,18806,,NM_008876,ENSMUSG00000020828,Pld2,PLD1C,phospholipase D2,protein-coding
1713,chr2,166793861,166794039,+,0,NA,"exon (NM_023815, exon 1 of 2)","exon (NM_023815, exon 1 of 2)",183,NM_023815,76367,,NM_023815,ENSMUSG00000042854,Trp53rkb,2810408M09Rik|4933401B08Rik|5630401H01Rik|Nori-2|PRPK|Tp53rk|Tp53rkb|Trp53rk|Trp53tk|mNori-2p,transformation related protein 53 regulating kinase B,protein-coding
993,chr15,67176990,67177560,+,0,NA,promoter-TSS (NM_009177),promoter-TSS (NM_009177),-393,NM_009177,20442,,NM_009177,ENSMUSG00000013846,St3gal1,5330418N22Rik|ST3GalI|Siat4|Siat4a|St3gal-1,"ST3 beta-galactoside alpha-2,3-sialyltransferase 1",protein-coding
196,chr10,9900264,9900669,+,0,NA,"intron (NM_001081344, intron 1 of 25)",CpG,574,NM_001081344,78808,,NM_030191,ENSMUSG00000019790,Stxbp5,0710001E20Rik|4930565N16Rik|LGL3|mKIAA1006,syntaxin binding protein 5 (tomosyn),protein-coding
2610,chr7,117380733,117381099,+,0,NA,promoter-TSS (NM_175645),promoter-TSS (NM_175645),-63,NM_175645,233781,,NM_175645,ENSMUSG00000030657,Xylt1,8030490L12,xylosyltransferase 1,protein-coding
1787,chr3,63964227,63964324,+,0,NA,"5' UTR (NM_001331067, exon 1 of 5)","5' UTR (NM_001331067, exon 1 of 5)",458,NM_015728,11416,,NM_015728,ENSMUSG00000027822,Slc33a1,Acatn|D630022N01Rik,"solute carrier family 33 (acetyl-CoA transporter), member 1",protein-coding
2571,chr7,80860866,80861482,+,0,NA,promoter-TSS (NM_009553),promoter-TSS (NM_009553),243,NM_001382514,22691,,NM_009553,ENSMUSG00000038797,Zscan2,Zfp-29|Zfp29,zinc finger and SCAN domain containing 2,protein-coding
450,chr11,88820790,88821199,+,0,NA,Intergenic,Intergenic,30509,NM_009648,11640,,NM_009648,ENSMUSG00000018428,Akap1,AKAP121|AKAP84|Akap|DAKAP1|S-AKAP84,A kinase anchor protein 1,protein-coding
260,chr10,82699007,82699707,+,0,NA,"intron (NM_001368720, intron 1 of 13)",CpG,243,NM_001368720,67933,,NM_026462,ENSMUSG00000020246,Hcfc2,1700129L13Rik|fkls,host cell factor C2,protein-coding
1811,chr3,88142228,88143668,+,0,NA,"intron (NM_133665, intron 1 of 10)",CpG,576,NM_001310587,17261,,NM_133665,ENSMUSG00000001419,Mef2d,-,myocyte enhancer factor 2D,protein-coding
2745,chr8,84558947,84559947,+,0,NA,"exon (NM_001252061, exon 19 of 47)","exon (NM_001252061, exon 19 of 47)",103405,NM_010499,15936,,NM_010499,ENSMUSG00000053560,Ier2,Ch1|Pip92,immediate early response 2,protein-coding
2160,chr5,33629219,33629639,+,0,NA,"5' UTR (NM_001359462, exon 1 of 6)","5' UTR (NM_001359462, exon 1 of 6)",206,NM_001359462,74504,,NM_178390,ENSMUSG00000037339,Fam53a,2410018C17Rik|5430419M09Rik|Dntnp,"family with sequence similarity 53, member A",protein-coding
2167,chr5,35279827,35281220,+,0,NA,"exon (NM_007418, exon 1 of 1)","exon (NM_007418, exon 1 of 1)",1957,NM_007418,11553,,NM_007418,ENSMUSG00000045318,Adra2c,Adra-2c|[a]2C|alpha2-C4|alpha2C,"adrenergic receptor, alpha 2c",protein-coding
1227,chr17,34630809,34631332,+,0,NA,"exon (NM_030890, exon 2 of 4)","exon (NM_030890, exon 2 of 4)",1506,NM_001368730,260297,,NM_030890,ENSMUSG00000015476,Prrt1,Bat-4|Bat4|D17H6S54E|DSPD1|G5b|NG5|ORF31|SynDIG4,proline-rich transmembrane protein 1,protein-coding
2410,chr6,120037778,120038188,+,0,NA,"5' UTR (NM_001199084, exon 1 of 28)","5' UTR (NM_001199084, exon 1 of 28)",672,NM_198703,232341,,NM_198703,ENSMUSG00000045962,Wnk1,6430573H23Rik|EG406236|Hsn2|Prkwnk1|mKIAA0344,WNK lysine deficient protein kinase 1,protein-coding
955,chr14,122490426,122491055,+,0,NA,"intron (NR_153443, intron 1 of 24)",CpG,6375,NR_153443,110821,,NM_144844,ENSMUSG00000041650,Pcca,-,"propionyl-Coenzyme A carboxylase, alpha polypeptide",protein-coding
2734,chr8,75339348,75339868,+,0,NA,Intergenic,L1Md_T|LINE|L1,-109086,NM_027944,71831,,NM_027944,ENSMUSG00000031620,Iqcm,1700007B14Rik,IQ motif containing M,protein-coding
1986,chr4,95967176,95967772,+,0,NA,promoter-TSS (NR_045777),promoter-TSS (NR_045777),95,NM_030014,77963,,NM_030014,ENSMUSG00000028572,Hook1,A930033L17Rik|azh,hook microtubule tethering protein 1,protein-coding
3150,chrY,258171,260486,+,0,NA,Intergenic,(CAGA)n|Simple_repeat|Simple_repeat,53178,NR_126546,102631771,,NR_126546,ENSMUSG00000101492,Gm29089,-,predicted gene 29089,ncRNA
3129,chrX,139870981,139871649,+,0,NA,"exon (NM_001193309, exon 1 of 17)","exon (NM_001193309, exon 1 of 17)",339,NM_029413,75746,,NM_029413,ENSMUSG00000031434,Morc4,1600017G11Rik|5630401M14Rik|Zcwcc2,microrchidia 4,protein-coding
3094,chrX,69573116,69573503,+,0,NA,"intron (NM_008032, intron 3 of 19)",L1Md_T|LINE|L1,212978,NM_008032,14266,,NM_008032,ENSMUSG00000031189,Aff2,FMR2P|Fmr2|Ox19|Oxh,"AF4/FMR2 family, member 2",protein-coding
2109,chr4,150913768,150914302,+,0,NA,Intergenic,Intergenic,-4114,NM_020569,57320,,NM_020569,ENSMUSG00000028964,Park7,DJ-1|Dj1,"Parkinson disease (autosomal recessive, early onset) 7",protein-coding
2169,chr5,35678867,35679547,+,0,NA,"exon (NM_001042615, exon 1 of 7)","exon (NM_001042615, exon 1 of 7)",573,NM_001042615,78558,,NM_030127,ENSMUSG00000029096,Htra3,2210021K23Rik|9530081K03Rik|Prsp|Tasp,HtrA serine peptidase 3,protein-coding
2670,chr8,13974426,13974693,+,0,NA,"exon (NM_173744, exon 1 of 3)","exon (NM_173744, exon 1 of 3)",218,NM_173744,72148,,NM_173744,ENSMUSG00000050052,Tdrp,2610019F03Rik,testis development related protein,protein-coding
2956,chr9,63131992,63132533,+,0,NA,Intergenic,Intergenic,14718,NM_172446,207667,,NM_172446,ENSMUSG00000022245,Skor1,C230094B15Rik|Corl1|Lbxcor1,SKI family transcriptional corepressor 1,protein-coding
1655,chr2,131561286,131562872,+,0,NA,"exon (NM_013460, exon 1 of 2)","exon (NM_013460, exon 1 of 2)",418,NM_013460,11550,,NM_013460,ENSMUSG00000027335,Adra1d,Adra-1|Adra1|Adra1a|Gpcr8|Spr8|[a]1d|alpha1D-AR,"adrenergic receptor, alpha 1d",protein-coding
2454,chr7,4776555,4777616,+,0,NA,"intron (NM_001290423, intron 1 of 4)",CpG,1056,NM_008350,16156,,NM_008350,ENSMUSG00000004371,Il11,IL-11,interleukin 11,protein-coding
2186,chr5,67607455,67608765,+,0,NA,"5' UTR (NM_001033415, exon 1 of 2)","5' UTR (NM_001033415, exon 1 of 2)",227,NM_001033415,330096,,NM_001033415,ENSMUSG00000050010,Shisa3,D830007B15Rik,shisa family member 3,protein-coding
2358,chr6,66895837,66896994,+,0,NA,promoter-TSS (NM_001177557),promoter-TSS (NM_001177557),18,NM_025278,14701,,NM_025278,ENSMUSG00000036402,Gng12,2010305F15Rik|Hg3a,"guanine nucleotide binding protein (G protein), gamma 12",protein-coding
2849,chr8,123608152,123608929,+,0,NA,Intergenic,Intergenic,-42453,NR_046127,100861480,,NR_046127,ENSMUSG00000119748,Gm25018,Rn5s10,"predicted gene, 25018",rRNA
1246,chr17,39848166,39848815,+,0,NA,"non-coding (NR_046233, exon 1 of 1)","non-coding (NR_046233, exon 1 of 1)",5493,NR_046233,100861531,,NR_046233,,Rn45s,-,45S pre-ribosomal RNA,rRNA
2209,chr5,92942517,92942952,+,0,NA,"exon (NM_015756, exon 5 of 11)","exon (NM_015756, exon 5 of 11)",44741,NM_001077596,27428,,NM_015756,ENSMUSG00000029381,Shroom3,D5Ertd287e|Shrm|Shrm3,shroom family member 3,protein-coding
774,chr13,73536340,73536938,+,0,NA,promoter-TSS (NM_010020),promoter-TSS (NM_010020),-108,NM_010020,13162,,NM_010020,ENSMUSG00000021609,Slc6a3,DAT|Dat1,"solute carrier family 6 (neurotransmitter transporter, dopamine), member 3",protein-coding
3029,chr9,108825915,108826447,+,0,NA,"5' UTR (NM_001359572, exon 1 of 36)","5' UTR (NM_001359572, exon 1 of 36)",136,NM_001359572,107934,,NM_080437,ENSMUSG00000023473,Celsr3,Adgrc3|Fmi1|flamingo|mKIAA0812,"cadherin, EGF LAG seven-pass G-type receptor 3",protein-coding
1944,chr4,45529989,45530304,+,0,NA,"exon (NM_001033306, exon 1 of 6)","exon (NM_001033306, exon 1 of 6)",682,NM_001033306,230126,,NM_001033306,ENSMUSG00000044813,Shb,-,src homology 2 domain-containing transforming protein B,protein-coding
343,chr11,45980649,45981371,+,0,NA,"exon (NM_173384, exon 1 of 5)","exon (NM_173384, exon 1 of 5)",700,NM_173384,214105,,NM_173384,ENSMUSG00000040489,Sox30,-,SRY (sex determining region Y)-box 30,protein-coding
1245,chr17,39843086,39846543,+,0,NA,"non-coding (NR_046233, exon 1 of 1)","non-coding (NR_046233, exon 1 of 1)",1817,NR_046233,100861531,,NR_046233,,Rn45s,-,45S pre-ribosomal RNA,rRNA
2030,chr4,123104443,123105745,+,0,NA,promoter-TSS (NM_007559),promoter-TSS (NM_007559),-67,NM_007559,12164,,NM_007559,ENSMUSG00000002384,Bmp8b,Op3,bone morphogenetic protein 8b,protein-coding
3155,chrY,12752210,12753135,+,0,NA,Intergenic,IMPB_01|Satellite|Satellite,64562,NM_028970,74484,,NM_028970,ENSMUSG00000095365,Rbm31y,4933434H11Rik,"RNA binding motif 31, Y-linked",protein-coding
2412,chr6,120463006,120464121,+,0,NA,"intron (NM_008359, intron 1 of 12)",CpG,366,NM_008359,16172,,NM_008359,ENSMUSG00000002897,Il17ra,Cdw217|Il17r|VDw217,interleukin 17 receptor A,protein-coding
521,chr11,107028221,107028677,+,0,NA,"exon (NM_001372502, exon 3 of 4)","exon (NM_001372502, exon 3 of 4)",2580,NM_001372504,69066,,NM_001163473,ENSMUSG00000078607,1810010H24Rik,-,RIKEN cDNA 1810010H24 gene,protein-coding
2119,chr4,154160305,154160656,+,0,NA,"non-coding (NR_151647, exon 1 of 4)","non-coding (NR_151647, exon 1 of 4)",204,NM_026388,67808,,NM_026388,ENSMUSG00000029030,Tprg1l,1200015A19Rik|Svap30|Tprgl|mover,transformation related protein 63 regulated 1 like,protein-coding
439,chr11,82907999,82908414,+,0,NA,"exon (NM_145431, exon 2 of 13)","exon (NM_145431, exon 2 of 13)",189,NM_145431,217011,,NM_145431,ENSMUSG00000020692,Nle1,Nle|l11Jus1|l11Jus4,notchless homolog 1,protein-coding
2202,chr5,76140199,76140838,+,0,NA,"exon (NM_020611, exon 1 of 6)","exon (NM_020611, exon 1 of 6)",245,NM_020611,57357,,NM_020611,ENSMUSG00000029233,Srd5a3,1110025P14Rik|A430076C09|D730040M03Rik|H5ar|S5AR 3|Srd5a2l,steroid 5 alpha-reductase 3,protein-coding
3008,chr9,98251187,98251669,+,0,NA,Intergenic,L1Md_T|LINE|L1,-45142,NM_001357451,74080,,NM_144533,ENSMUSG00000032456,Nmnat3,4933408N02Rik|PNAT3,nicotinamide nucleotide adenylyltransferase 3,protein-coding
2999,chr9,91261395,91261949,+,0,NA,Intergenic,L1Md_T|LINE|L1,104096,NM_001376941,22771,,NM_009573,ENSMUSG00000032368,Zic1,ZIC|ZNF201,zinc finger protein of the cerebellum 1,protein-coding
3033,chr9,110742412,110743696,+,0,NA,promoter-TSS (NM_001083936),promoter-TSS (NM_001083936),-444,NM_001083936,19228,,NM_011199,ENSMUSG00000032492,Pth1r,PPR|Pthr|Pthr1,parathyroid hormone 1 receptor,protein-coding
94,chr1,78216009,78216980,+,0,NA,"3' UTR (NM_001378660, exon 2 of 2)","3' UTR (NM_001378660, exon 2 of 2)",1776,NM_001378660,100039210,,NM_001378660,,Gm2102,-,predicted gene 2102,protein-coding
1766,chr3,41083435,41083675,+,0,NA,promoter-TSS (NM_027558),promoter-TSS (NM_027558),-509,NM_027558,70804,,NM_027558,ENSMUSG00000049940,Pgrmc2,4631434O19Rik|5730409G06Rik|DG6|PMBP,progesterone receptor membrane component 2,protein-coding
176,chr1,178406110,178406388,+,0,NA,"intron (NM_026626, intron 1 of 6)",CpG,231,NM_026626,68226,,NM_026626,ENSMUSG00000026495,Efcab2,1700073K01Rik|D830011E08Rik,EF-hand calcium binding domain 2,protein-coding
540,chr11,116334428,116335767,+,0,NA,"intron (NM_008240, intron 1 of 2)",CpG,257,NM_008240,15223,,NM_008240,ENSMUSG00000034227,Foxj1,FKHL-13|HFH-4|Hfh4,forkhead box J1,protein-coding
1781,chr3,59005658,59007162,+,0,NA,promoter-TSS (NM_177855),promoter-TSS (NM_177855),-568,NM_177855,329650,,NM_177855,ENSMUSG00000056476,Med12l,A130035F20|A630079M02|TRALPUSH,mediator complex subunit 12-like,protein-coding
1007,chr15,78982721,78983258,+,0,NA,promoter-TSS (NM_001024716),promoter-TSS (NM_001024716),-67,NM_001024716,110253,,NM_138579,ENSMUSG00000033088,Triobp,EST478828|Tara|mKIAA1662,TRIO and F-actin binding protein,protein-coding
3127,chrX,137117982,137118223,+,0,NA,"intron (NM_007957, intron 3 of 4)","intron (NM_007957, intron 3 of 4)",2224,NM_007957,13984,,NM_007957,ENSMUSG00000023443,Esx1,Spx1,"extraembryonic, spermatogenesis, homeobox 1",protein-coding
2413,chr6,120492103,120494009,+,0,NA,"exon (NM_033567, exon 1 of 1)","exon (NM_033567, exon 1 of 1)",890,NM_033567,94047,,NM_033567,ENSMUSG00000094626,Tmem121b,Cecr6,transmembrane protein 121B,protein-coding
1360,chr18,54640729,54641062,+,0,NA,Intergenic,(CCTA)n|Simple_repeat|Simple_repeat,29151,NR_045400,328957,,NR_045400,ENSMUSG00000118154,9330117O12Rik,9330117O12,RIKEN cDNA 9330117O12 gene,ncRNA
2427,chr6,126534868,126535375,+,0,NA,"exon (NM_145983, exon 1 of 1)","exon (NM_145983, exon 1 of 1)",434,NM_145983,16493,,NM_145983,ENSMUSG00000045534,Kcna5,Kv1.5,"potassium voltage-gated channel, shaker-related subfamily, member 5",protein-coding
2464,chr7,13030307,13030601,+,0,NA,"intron (NM_011588, intron 15 of 16)","intron (NM_011588, intron 15 of 16)",4323,NR_153796,68953,,NM_026885,ENSMUSG00000033916,Chmp2a,1500016L11Rik|mVps2,charged multivesicular body protein 2A,protein-coding
609,chr12,59219781,59220262,+,0,NA,promoter-TSS (NM_001033156),promoter-TSS (NM_001033156),-538,NM_001033156,70611,,NM_001033156,ENSMUSG00000035329,Fbxo33,5730501N20Rik,F-box protein 33,protein-coding
1320,chr18,24121565,24121930,+,0,NA,promoter-TSS (NM_172625),promoter-TSS (NM_172625),72,NM_172625,225280,,NM_172625,ENSMUSG00000047989,Ino80c,D030070L09Rik,INO80 complex subunit C,protein-coding
1364,chr18,58836239,58836864,+,0,NA,"5' UTR (NM_175506, exon 1 of 23)","5' UTR (NM_175506, exon 1 of 23)",188,NM_175506,240322,,NM_175506,ENSMUSG00000053441,Adamts19,4831407I23Rik|D230034E10Rik,ADAM metallopeptidase with thrombospondin type 1 motif 19,protein-coding
1211,chr17,29094730,29095155,+,0,NA,"intron (NM_007669, intron 1 of 2)",CpG,1173,NM_007669,12575,,NM_007669,ENSMUSG00000023067,Cdkn1a,CAP20|CDKI|CIP1|Cdkn1|P21|SDI1|Waf1|mda6|p21Cip1|p21WAF,cyclin dependent kinase inhibitor 1A,protein-coding
2624,chr7,127025540,127026035,+,0,NA,"exon (NM_010772, exon 2 of 5)","exon (NM_010772, exon 2 of 5)",692,NM_010772,17188,,NM_010772,ENSMUSG00000030678,Maz,MAZI|PUR1|Pur-1|SAF-1|SAF-2,MYC-associated zinc finger protein (purine-binding transcription factor),protein-coding
1015,chr15,80211885,80212126,+,0,NA,"exon (NM_010795, exon 2 of 2)","exon (NM_010795, exon 2 of 2)",-22075,NM_001357660,239555,,NM_178719,ENSMUSG00000022412,Mief1,A230016E22|Smcr7l,mitochondrial elongation factor 1,protein-coding
1024,chr15,82340916,82341551,+,0,NA,promoter-TSS (NM_177391),promoter-TSS (NM_177391),54,NM_177391,338368,,NM_177391,ENSMUSG00000049687,Pheta2,C920005C14Rik|Fam109b|IPIP27B|Ses2,PH domain containing endocytic trafficking adaptor 2,protein-coding
683,chr12,111485164,111486064,+,0,NA,"exon (NM_001033248, exon 1 of 1)","exon (NM_001033248, exon 1 of 1)",209,NM_001033248,212539,,NM_001033248,ENSMUSG00000010529,Gm266,-,predicted gene 266,protein-coding
563,chr12,4907064,4907461,+,0,NA,"intron (NM_145441, intron 1 of 6)",CpG,291,NM_145441,217379,,NM_145441,ENSMUSG00000020634,Ubxn2a,6330407P03Rik|Ubxd4,UBX domain protein 2A,protein-coding
2238,chr5,115235313,115235562,+,0,NA,promoter-TSS (NM_026398),promoter-TSS (NM_026398),-414,NM_026398,117109,,NM_026398,ENSMUSG00000060152,Pop5,1500019J17Rik|2700077E03Rik|Rnasep3,"processing of precursor 5, ribonuclease P/MRP family (S. cerevisiae)",protein-coding
454,chr11,89301208,89302270,+,0,NA,"exon (NM_008711, exon 1 of 1)","exon (NM_008711, exon 1 of 1)",820,NM_008711,18121,,NM_008711,ENSMUSG00000048616,Nog,-,noggin,protein-coding
2883,chr9,3258804,3259156,+,0,NA,Intergenic,LSU-rRNA_Hsa|rRNA|rRNA,59086,NR_166724,102633275,,NR_166723,,Gm31138,Gm45831,"predicted gene, 31138",ncRNA
1689,chr2,155729008,155729531,+,0,NA,"exon (NM_145537, exon 1 of 11)","exon (NM_145537, exon 1 of 11)",206,NM_145537,108687,,NM_145537,ENSMUSG00000038312,Edem2,9530090G24Rik,"ER degradation enhancer, mannosidase alpha-like 2",protein-coding
1497,chr2,18698813,18699272,+,0,NA,promoter-TSS (NM_001001334),promoter-TSS (NM_001001334),20,NM_001001334,381350,,NM_001001334,ENSMUSG00000037708,Spag6,Spag6l,sperm associated antigen 6,protein-coding
638,chr12,84069353,84069967,+,0,NA,"exon (NM_001347417, exon 1 of 4)","exon (NM_001347417, exon 1 of 4)",335,NM_145444,217698,,NM_145444,ENSMUSG00000042540,Acot5,PTE-Ic,acyl-CoA thioesterase 5,protein-coding
2468,chr7,16816283,16816636,+,0,NA,"exon (NM_133789, exon 1 of 18)","exon (NM_133789, exon 1 of 18)",273,NM_001358846,243853,,NM_173430,ENSMUSG00000048920,Fkrp,A830029B19Rik|LGMD1I|MDC1C,fukutin related protein,protein-coding
727,chr13,37826960,37827444,+,0,NA,promoter-TSS (NM_001039188),"intron (NR_033615, intron 1 of 9)",-191,NM_001039188,68750,,NM_026830,ENSMUSG00000039087,Rreb1,1110037N09Rik|B930013M22Rik|sao,ras responsive element binding protein 1,protein-coding
2243,chr5,119687043,119687386,+,0,NA,"intron (NR_040416, intron 2 of 2)","intron (NR_040416, intron 2 of 2)",4004,NR_040416,433944,,NR_040416,ENSMUSG00000086847,Tbx3os2,Gm16065,"T-box 3, opposite strand 2",ncRNA
2531,chr7,45367306,45367582,+,0,NA,promoter-TSS (NM_029741),promoter-TSS (NM_029741),211,NR_027802,50994,,NM_016664,ENSMUSG00000091510,Mtag2,MAG,metastasis associated gene 2,ncRNA
1274,chr17,69969613,69969969,+,0,NA,"intron (NM_001347411, intron 1 of 14)",CpG,718,NM_001347411,224997,,NM_027712,ENSMUSG00000003279,Dlgap1,4933422O14Rik|9630002F18|D17Bwg0511e|GKAP/SAPAP|GKPA/SAPAP|Gkap|Sapap1|mKIAA4162,DLG associated protein 1,protein-coding
1809,chr3,87970980,87971711,+,0,NA,"exon (NM_016701, exon 1 of 4)","exon (NM_016701, exon 1 of 4)",252,NM_016701,18008,,NM_016701,ENSMUSG00000004891,Nes,ESTM46|Ifaprc2|Marc2|RC2,nestin,protein-coding
790,chr13,92794555,92795099,+,0,NA,promoter-TSS (NM_011582),promoter-TSS (NM_011582),-9,NM_011582,21828,,NM_011582,ENSMUSG00000021702,Thbs4,TSP4,thrombospondin 4,protein-coding
2211,chr5,94045975,94046374,+,0,NA,Intergenic,L1Md_T|LINE|L1,24371,NM_001270457,666203,,NM_001270457,ENSMUSG00000096139,Pramel50,EG666203|Gm7978,PRAME like 50,protein-coding
1653,chr2,131262535,131262903,+,0,NA,promoter-TSS (NR_149748),promoter-TSS (NR_149748),-120,NR_149748,74450,,NM_153501,ENSMUSG00000037514,Pank2,4933409I19Rik|hPanK2,pantothenate kinase 2,protein-coding
709,chr13,19623188,19623547,+,0,NA,"5' UTR (NM_016687, exon 1 of 6)","5' UTR (NM_016687, exon 1 of 6)",192,NM_016687,20379,,NM_016687,ENSMUSG00000021319,Sfrp4,-,secreted frizzled-related protein 4,protein-coding
913,chr14,65149345,65149767,+,0,NA,Intergenic,Intergenic,-22761,NR_166862,105245784,,NR_166862,ENSMUSG00000114693,Gm41177,-,"predicted gene, 41177",ncRNA
926,chr14,70618241,70618563,+,0,NA,"5' UTR (NM_013514, exon 3 of 15)","5' UTR (NM_013514, exon 3 of 15)",167,NM_001252666,13829,,NM_013514,ENSMUSG00000022099,Dmtn,Epb4.9|Epb49|dematin,dematin actin binding protein,protein-coding
1924,chr4,17309237,17309532,+,0,NA,Intergenic,L1Md_T|LINE|L1,326807,NR_168595,102631866,,NR_168595,ENSMUSG00000120707,Gm30092,-,"predicted gene, 30092",ncRNA
3158,chrY,29429552,29430420,+,0,NA,Intergenic,L1Md_T|LINE|L1,254623,NR_164188,108168506,,NR_164188,ENSMUSG00000121343,Gm21679,-,"predicted gene, 21679",ncRNA
1592,chr2,80315385,80315647,+,0,NA,promoter-TSS (NM_024181),promoter-TSS (NM_024181),50,NM_024181,66861,,NM_024181,ENSMUSG00000027006,Dnajc10,1200006L06Rik|D2Ertd706e|ERdj5|JPDI,DnaJ heat shock protein family (Hsp40) member C10,protein-coding
1478,chr19,56722380,56723313,+,0,NA,"exon (NM_007419, exon 1 of 1)","exon (NM_007419, exon 1 of 1)",729,NM_007419,11554,,NM_007419,ENSMUSG00000035283,Adrb1,Adrb-1|beta-AR,"adrenergic receptor, beta 1",protein-coding
2702,chr8,47989777,47990569,+,0,NA,"exon (NM_133791, exon 1 of 23)","exon (NM_133791, exon 1 of 23)",371,NM_133791,52357,,NM_133791,ENSMUSG00000031563,Wwc2,5330431C14Rik|D8Ertd594e,"WW, C2 and coiled-coil domain containing 2",protein-coding
2136,chr5,9161663,9162326,+,0,NA,promoter-TSS (NM_001110327),promoter-TSS (NM_001110327),-218,NM_001110327,23857,,NM_011806,ENSMUSG00000042508,Dmtf1,Dimp|Dmp1,cyclin D binding myb like transcription factor 1,protein-coding
2572,chr7,81212192,81214763,+,0,NA,"5' UTR (NM_008803, exon 1 of 22)","5' UTR (NM_008803, exon 1 of 22)",212,NM_008803,18584,,NM_008803,ENSMUSG00000025584,Pde8a,Pde8,phosphodiesterase 8A,protein-coding
2277,chr5,142960494,142961155,+,0,NA,"exon (NM_007984, exon 1 of 5)","exon (NM_007984, exon 1 of 5)",469,NM_007984,14086,,NM_007984,ENSMUSG00000029581,Fscn1,Fan1|fascin-1,fascin actin-bundling protein 1,protein-coding
2881,chr9,3037169,3037544,+,0,NA,Intergenic,GSAT_MM|Satellite|Satellite,1387,NR_039546,100628572,,NR_039546,ENSMUSG00000106183,Mir101c,mir-101c|mmu-mir-101c,microRNA 101c,ncRNA
2672,chr8,14097014,14097026,+,0,NA,"intron (NM_001145965, intron 1 of 14)",CpG,1145,NM_001145965,244310,,NM_172910,ENSMUSG00000047495,Dlgap2,6430596N04Rik|Dap-2|Dap2|Sapap2,DLG associated protein 2,protein-coding
879,chr14,46882726,46883603,+,0,NA,"5' UTR (NM_001037221, exon 1 of 13)","5' UTR (NM_001037221, exon 1 of 13)",199,NM_028966,74480,,NM_028966,ENSMUSG00000021838,Samd4,1700024G08Rik|1700111L17Rik|4933436G17Rik|Samd4a|Smaug|Smaug1|sunk,sterile alpha motif domain containing 4,protein-coding
2748,chr8,84704621,84705768,+,0,NA,TTS (NM_008535),TTS (NM_008535),3737,NM_008535,17095,,NM_008535,ENSMUSG00000034041,Lyl1,Lyl-1|bHLHa18,lymphoblastomic leukemia 1,protein-coding
1967,chr4,67916227,67916781,+,0,NA,Intergenic,L1Md_T|LINE|L1,405457,NR_151548,102633975,,NR_151548,ENSMUSG00000086790,Gm12911,-,predicted gene 12911,ncRNA
59,chr1,44101961,44102378,+,0,NA,"intron (NM_029368, intron 1 of 7)",CpG,272,NM_029368,75623,,NM_029368,ENSMUSG00000026049,Tex30,1700029F09Rik|3110030D08Rik,testis expressed 30,protein-coding
2831,chr8,123577571,123578504,+,0,NA,Intergenic,Intergenic,-11950,NR_046127,100861480,,NR_046127,ENSMUSG00000119748,Gm25018,Rn5s10,"predicted gene, 25018",rRNA
3004,chr9,95406613,95407332,+,0,NA,"5' UTR (NM_018763, exon 1 of 2)","5' UTR (NM_018763, exon 1 of 2)",298,NM_018763,54371,,NM_018763,ENSMUSG00000033350,Chst2,C130041E03Rik|Chts2|GST-2|GlcNAc6ST|Gn6st,carbohydrate sulfotransferase 2,protein-coding
831,chr14,6037830,6038508,+,0,NA,Intergenic,CpG,-230230,NM_001291094,100041515,,NM_001205306,ENSMUSG00000096629,Gm3383,-,predicted gene 3383,protein-coding
8,JH584304.1,72177,73417,+,0,NA,NA,NA,NA,NA,,,,,,,,
2138,chr5,21186176,21186491,+,0,NA,promoter-TSS (NM_175437),promoter-TSS (NM_175437),66,NM_001359877,212167,,NM_175437,ENSMUSG00000039934,Gsap,A530088I07Rik|Pion,gamma-secretase activating protein,protein-coding
1278,chr17,72918647,72919334,+,0,NA,promoter-TSS (NR_168598),promoter-TSS (NR_168598),685,NM_029999,77889,,NM_029999,ENSMUSG00000024063,Lbh,1810009F10Rik|6720416L16Rik,limb-bud and heart,protein-coding
2026,chr4,120282569,120283063,+,0,NA,"intron (NM_194060, intron 1 of 1)",CpG,4445,NM_194060,329934,,NM_194060,ENSMUSG00000052135,Foxo6,-,forkhead box O6,protein-coding
2502,chr7,28888430,28888940,+,0,NA,"exon (NM_001110807, exon 12 of 21)","exon (NM_001110807, exon 12 of 21)",7029,NM_001110807,60594,,NM_021894,ENSMUSG00000054083,Capn12,CANP 12,calpain 12,protein-coding
613,chr12,68407162,68407597,+,0,NA,Intergenic,L1Md_T|LINE|L1,-722454,NR_168640,102633682,,NR_168640,ENSMUSG00000113158,Gm31447,-,"predicted gene, 31447",ncRNA
943,chr14,104071297,104071591,+,0,NA,Intergenic,L1Md_T|LINE|L1,-44302,NR_045953,73877,,NR_045953,ENSMUSG00000115727,4930432J09Rik,-,RIKEN cDNA 4930432J09 gene,ncRNA
205,chr10,22730832,22731486,+,0,NA,"5' UTR (NM_011603, exon 1 of 7)","5' UTR (NM_011603, exon 1 of 7)",288,NM_011603,237336,,NM_011603,ENSMUSG00000071359,Tbpl1,4732475G08|STD|TLF|TRF2|TRP|Tlp,TATA box binding protein-like 1,protein-coding
1707,chr2,164414389,164414712,+,0,NA,"exon (NM_009036, exon 12 of 12)","exon (NM_009036, exon 12 of 12)",-9390,NM_001252563,17183,,NM_013592,ENSMUSG00000016995,Matn4,matrilin-4,matrilin 4,protein-coding
1474,chr19,53529170,53530169,+,0,NA,"exon (NM_001085390, exon 1 of 4)","exon (NM_001085390, exon 1 of 4)",524,NM_001085390,240672,,NM_001085390,ENSMUSG00000034765,Dusp5,Gm337,dual specificity phosphatase 5,protein-coding
2434,chr6,136803949,136804384,+,0,NA,"exon (NM_175652, exon 1 of 1)","exon (NM_175652, exon 1 of 1)",265,NM_175652,320332,,NM_175652,ENSMUSG00000096010,H4c16,B130044J01Rik|H4-16|H4c1|H4c11|H4c12|H4c14|H4c2|H4c3|H4c4|H4c6|H4c8|H4c9|H4f16|Hist4h4,H4 histone 16,protein-coding
3018,chr9,106198629,106199286,+,0,NA,promoter-TSS (NM_198931),promoter-TSS (NM_198931),-18,NM_198931,67905,,NM_026447,ENSMUSG00000020253,Ppm1m,2810423O19Rik|PP2Ceta,protein phosphatase 1M,protein-coding
2151,chr5,29568991,29569352,+,0,NA,promoter-TSS (NM_133907),promoter-TSS (NM_133907),-71,NM_133907,100763,,NM_133907,ENSMUSG00000039000,Ube3c,RAUL|mKIAA0010,ubiquitin protein ligase E3C,protein-coding
402,chr11,70687921,70688124,+,0,NA,promoter-TSS (NM_178116),promoter-TSS (NM_178116),83,NM_178116,216874,,NM_178116,ENSMUSG00000040712,Camta2,Kiaa0909-hp|mKIAA0909,calmodulin binding transcription activator 2,protein-coding
2273,chr5,139826685,139827072,+,0,NA,promoter-TSS (NM_001356963),promoter-TSS (NM_001356963),16,NM_025604,66506,,NM_025604,ENSMUSG00000029551,Psmg3,1810042K04Rik|4930403H09Rik,"proteasome (prosome, macropain) assembly chaperone 3",protein-coding
538,chr11,116198352,116199206,+,0,NA,promoter-TSS (NM_027107),promoter-TSS (NM_027107),0,NM_001377521,11430,,NM_015729,ENSMUSG00000020777,Acox1,AOX|Acox|D130055E20Rik|Paox,"acyl-Coenzyme A oxidase 1, palmitoyl",protein-coding
266,chr10,91082189,91082723,+,0,NA,promoter-TSS (NM_027078),promoter-TSS (NM_027078),287,NM_001042558,11783,,NM_009684,ENSMUSG00000019979,Apaf1,6230400I06Rik|Apaf-1|Apaf1l|fog|mKIAA0413,apoptotic peptidase activating factor 1,protein-coding
2076,chr4,134914438,134915068,+,0,NA,"intron (NM_027935, intron 1 of 6)",CpG,163,NM_027935,71817,,NM_027935,ENSMUSG00000028822,Tmem50a,3200001F09Rik|CAM|Smp1,transmembrane protein 50A,protein-coding
51,chr1,36511797,36512254,+,0,NA,"exon (NM_053186, exon 1 of 8)","exon (NM_053186, exon 1 of 8)",158,NM_001039551,94218,,NM_053186,ENSMUSG00000001138,Cnnm3,Acdp3|Clp3|mACDP3,cyclin M3,protein-coding
2861,chr8,124793381,124794375,+,0,NA,"5' UTR (NM_198632, exon 1 of 10)","5' UTR (NM_198632, exon 1 of 10)",859,NM_198632,330863,,NM_198632,ENSMUSG00000036913,Trim67,D130049O21Rik|TNL,tripartite motif-containing 67,protein-coding
561,chr12,4476954,4477617,+,0,NA,promoter-TSS (NM_010881),promoter-TSS (NM_010881),-103,NM_010881,17977,,NM_010881,ENSMUSG00000020647,Ncoa1,KAT13A|NCoA-1|NRC-1|SRC-1|SRC-a|SRC1|bHLHe74|mNRC-1,nuclear receptor coactivator 1,protein-coding
692,chr12,117534151,117534778,+,0,NA,"intron (NM_001373989, intron 1 of 25)","intron (NM_001373989, intron 1 of 25)",536,NM_001373989,217944,,NM_175930,ENSMUSG00000041992,Rapgef5,4932413M22|D030051B22Rik|GFR|Mrgef|mKIAA0277|mmr-gef,Rap guanine nucleotide exchange factor (GEF) 5,protein-coding
360,chr11,56204690,56205001,+,0,NA,Intergenic,L1Md_T|LINE|L1,-163858,NM_153079,216749,,NM_153079,ENSMUSG00000037393,Nmur2,Nmu2r,neuromedin U receptor 2,protein-coding
494,chr11,101070253,101070528,+,0,NA,"exon (NM_013792, exon 1 of 6)","exon (NM_013792, exon 1 of 6)",296,NM_013792,27419,,NM_013792,ENSMUSG00000001751,Naglu,-,alpha-N-acetylglucosaminidase (Sanfilippo disease IIIB),protein-coding
20,JH584304.1,94591,94947,+,0,NA,NA,NA,NA,NA,,,,,,,,
1568,chr2,69586010,69586595,+,0,NA,promoter-TSS (NM_001081088),promoter-TSS (NM_001081088),-273,NM_001081088,14725,,NM_001081088,ENSMUSG00000027070,Lrp2,D230004K18Rik|Gp330|Megalin|b2b1625.2Clo,low density lipoprotein receptor-related protein 2,protein-coding
2593,chr7,100931050,100932164,+,0,NA,"exon (NM_001081116, exon 1 of 21)","exon (NM_001081116, exon 1 of 21)",554,NM_001081116,207212,,NM_001081116,ENSMUSG00000032875,Arhgef17,8030463K16|mKIAA0337,Rho guanine nucleotide exchange factor 17,protein-coding
3159,chrY,34300764,34301664,+,0,NA,"intron (NR_164192, intron 4 of 7).3",L1Md_T|LINE|L1,17560,NR_164192,100042079,,NR_164192,,Gm20901,-,"predicted gene, 20901",pseudo
2174,chr5,44227020,44227239,+,0,NA,promoter-TSS (NM_173764),promoter-TSS (NM_173764),-523,NM_173764,231225,,NM_173764,ENSMUSG00000046985,Tapt1,4932414K18Rik,transmembrane anterior posterior transformation 1,protein-coding
2933,chr9,51008574,51008988,+,0,NA,"exon (NM_178710, exon 1 of 16)","exon (NM_178710, exon 1 of 16)",292,NM_178710,235344,,NM_178710,ENSMUSG00000037112,Sik2,G630080D20Rik|Snf1lk2,salt inducible kinase 2,protein-coding
2065,chr4,133241085,133241813,+,0,NA,"intron (NM_016693, intron 1 of 28)",CpG,631,NM_016693,53608,,NM_016693,ENSMUSG00000028862,Map3k6,Ask2|MAPKKK6|MEKK6,mitogen-activated protein kinase kinase kinase 6,protein-coding
1798,chr3,84190611,84190879,+,0,NA,"exon (NM_001271728, exon 6 of 12)","exon (NM_001271728, exon 6 of 12)",16107,NR_036654,624713,,NR_036654,,Gm6525,EG624713,ribosomal protein L36a pseudogene,pseudo
1122,chr16,38712414,38713022,+,0,NA,"5' UTR (NM_020260, exon 1 of 12)","5' UTR (NM_020260, exon 1 of 12)",317,NM_020260,12549,,NM_020260,ENSMUSG00000022799,Arhgap31,5830477L08Rik|Cdgap|D330026I07Rik,Rho GTPase activating protein 31,protein-coding
1942,chr4,44703432,44704230,+,0,NA,"non-coding (NR_073462, exon 1 of 1)","non-coding (NR_073462, exon 1 of 1)",1031,NR_073462,70602,,NR_073462,ENSMUSG00000103995,5730488B01Rik,-,RIKEN cDNA 5730488B01 gene,ncRNA
172,chr1,172340553,172341804,+,0,NA,promoter-TSS (NM_001039484),promoter-TSS (NM_001039484),-32,NM_001039484,16513,,NM_020269,ENSMUSG00000044708,Kcnj10,BIR10|BIRK-1|Kir1.2|Kir4.1,"potassium inwardly-rectifying channel, subfamily J, member 10",protein-coding
2123,chr4,155066744,155067276,+,0,NA,promoter-TSS (NM_001042407),promoter-TSS (NM_001042407),-20,NM_001042407,668173,,NM_001042407,ENSMUSG00000029047,Pex10,Gm142,peroxisomal biogenesis factor 10,protein-coding
604,chr12,56533210,56534595,+,0,NA,"intron (NM_009385, intron 2 of 2)",CpG,3006,NM_009385,21869,,NM_009385,ENSMUSG00000001496,Nkx2-1,Nkx2.1|T/EBP|Titf1|Ttf-1,NK2 homeobox 1,protein-coding
2135,chr5,9100952,9101234,+,0,NA,"intron (NM_001081029, intron 1 of 4)",CpG,356,NM_001081029,652925,,NM_001081029,ENSMUSG00000079659,Tmem243,4930420K17Rik|E030031F02Rik,"transmembrane protein 243, mitochondrial",protein-coding
2570,chr7,80687863,80688445,+,0,NA,"intron (NM_173863, intron 1 of 14)",CpG,723,NM_173863,70461,,NM_173863,ENSMUSG00000030527,Crtc3,2610312F20Rik|6332415K15Rik|TORC3,CREB regulated transcription coactivator 3,protein-coding
2588,chr7,98193815,98194300,+,0,NA,"exon (NM_001081167, exon 2 of 2)","exon (NM_001081167, exon 2 of 2)",5418,NM_001081167,272411,,NM_001081167,ENSMUSG00000074004,B3gnt6,Core-3|Core3,"UDP-GlcNAc:betaGal beta-1,3-N-acetylglucosaminyltransferase 6",protein-coding
765,chr13,58385043,58385507,+,0,NA,promoter-TSS (NM_027335),promoter-TSS (NM_027335),-50,NM_027335,70153,,NM_027335,ENSMUSG00000021550,Qng1,2210016F16Rik,Q-nucleotide N-glycosylase 1,protein-coding
146,chr1,151571241,151571723,+,0,NA,"5' UTR (NM_022018, exon 1 of 14)","5' UTR (NM_022018, exon 1 of 14)",109,NM_022018,63913,,NM_022018,ENSMUSG00000026483,Niban1,Fam129a|Niban,niban apoptosis regulator 1,protein-coding
911,chr14,64652389,64653244,+,0,NA,"intron (NM_001081177, intron 1 of 39)",CpG,275,NM_001081177,16554,,NM_001081177,ENSMUSG00000060012,Kif13b,5330429L19Rik|6030414C01|C130021D12Rik|GAKIN,kinesin family member 13B,protein-coding
1977,chr4,88785149,88785445,+,0,NA,"5' UTR (NM_001085532, exon 1 of 1)","5' UTR (NM_001085532, exon 1 of 1)",243,NM_001085532,545649,,NM_001085532,ENSMUSG00000099545,Gm13276,If1ha5,predicted gene 13276,protein-coding
1859,chr3,116594444,116595405,+,0,NA,promoter-TSS (NM_001289571),promoter-TSS (NM_001289571),-34,NM_001289568,72776,,NM_028349,ENSMUSG00000027959,Sass6,2810453L12Rik,SAS-6 centriolar assembly protein,protein-coding
802,chr13,103919808,103920988,+,0,NA,"5' UTR (NM_001289475, exon 1 of 26)","5' UTR (NM_001289475, exon 1 of 26)",188,NM_001289474,59079,,NM_021563,ENSMUSG00000021709,Erbin,1700028E05Rik|Erbb2ip|mKIAA1225,Erbb2 interacting protein,protein-coding
2923,chr9,44418164,44418528,+,0,NA,promoter-TSS (NM_201372),promoter-TSS (NM_201372),-277,NR_151775,382073,,NM_201372,ENSMUSG00000043923,Cenatac,Ccdc84|D630044F24Rik|Gm1114,centrosomal AT-AC splicing factor,protein-coding
61,chr1,46853857,46854253,+,0,NA,promoter-TSS (NM_172653),promoter-TSS (NM_172653),-437,NM_172653,227059,,NM_172653,ENSMUSG00000025986,Slc39a10,2900042E17Rik|5430433I10|Zip10|mKIAA1265,"solute carrier family 39 (zinc transporter), member 10",protein-coding
1723,chr2,174330514,174331001,+,0,NA,"intron (NM_001364030, intron 1 of 10)",CpG,751,NM_201616,14683,,NM_010309,ENSMUSG00000027523,Gnas,5530400H20Rik|A930027G11Rik|C130027O20Rik|GPSA|GSP|Galphas|Gnas1|Gnasxl|Gs-alpha|Gsa|Nesp|Nesp55|Nespl|Oed-Sml|Oedsml|P1|P2|P3|PHP1A|PHP1B|POH|SCG6,GNAS complex locus,protein-coding
2361,chr6,83069387,83069710,+,0,NA,"intron (NM_009392, intron 1 of 2)",CpG-12180,677,NM_009392,21909,,NM_009392,ENSMUSG00000068327,Tlx2,Enx|Hox11L.1|Hox11l1|NCX|Ncx1|Tlx1l1|Tlx1l2,"T cell leukemia, homeobox 2",protein-coding
53,chr1,37429386,37430211,+,0,NA,promoter-TSS (NM_026123),promoter-TSS (NM_026123),305,NM_198006,76178,,NM_198006,ENSMUSG00000026112,Coa5,1700001A24Rik|6330578E17Rik|Pet191,cytochrome C oxidase assembly factor 5,protein-coding
355,chr11,53478344,53480130,+,0,NA,"exon (NM_183173, exon 1 of 1)","exon (NM_183173, exon 1 of 1)",958,NM_183173,237761,,NM_183173,ENSMUSG00000044352,Sowaha,A830006N08Rik|Ankrd43,sosondowah ankyrin repeat domain family member A,protein-coding
918,chr14,69502931,69503182,+,0,NA,Intergenic,CpG,9493,NM_173420,239167,,NM_173420,ENSMUSG00000047977,Synb,D930020E02Rik|syncytin-B,syncytin b,protein-coding
819,chr13,117602611,117603144,+,0,NA,"exon (NM_010408, exon 1 of 8)","exon (NM_010408, exon 1 of 8)",557,NM_010408,15165,,NM_010408,ENSMUSG00000021730,Hcn1,Bcng1|C630013B14Rik|HAC2,hyperpolarization activated cyclic nucleotide gated potassium channel 1,protein-coding
183,chr1,180942508,180942984,+,0,NA,"intron (NM_144794, intron 1 of 22)",CpG,228,NM_144794,208795,,NM_144794,ENSMUSG00000026519,Tmem63a,Tmem64a,transmembrane protein 63a,protein-coding
860,chr14,31250915,31251380,+,0,NA,promoter-TSS (NM_027088),promoter-TSS (NM_027088),168,NM_001360624,71838,,NM_027949,ENSMUSG00000021902,Phf7,1700006H01Rik|1700010P14Rik,PHD finger protein 7,protein-coding
1398,chr19,3934997,3935957,+,0,NA,"intron (NM_019449, intron 1 of 10)","intron (NM_019449, intron 1 of 10)",291,NM_001161428,54445,,NM_019449,ENSMUSG00000036908,Unc93b1,Unc-93B1|Unc93b,"unc-93 homolog B1, TLR signaling regulator",protein-coding
2133,chr5,5748893,5749872,+,0,NA,promoter-TSS (NM_027399),promoter-TSS (NM_027399),-65,NM_027399,70358,,NM_027399,ENSMUSG00000015652,Steap1,2410007B19Rik|Prss24|Steap,six transmembrane epithelial antigen of the prostate 1,protein-coding
2827,chr8,123570780,123571778,+,0,NA,Intergenic,Intergenic,-5192,NR_046127,100861480,,NR_046127,ENSMUSG00000119748,Gm25018,Rn5s10,"predicted gene, 25018",rRNA
1065,chr15,100790560,100790822,+,0,NA,"intron (NM_021530, intron 9 of 24)",PB1D7|SINE|Alu,9437,NM_001347102,59033,,NM_021530,ENSMUSG00000023032,Slc4a8,C230026C11|NDCBE|kNBC-3,"solute carrier family 4 (anion exchanger), member 8",protein-coding
217,chr10,41519477,41520107,+,0,NA,"intron (NM_016898, intron 1 of 5)",CpG,292,NM_016898,53599,,NM_016898,ENSMUSG00000019818,Cd164,A115|A24|MGC-24|MSSP,CD164 antigen,protein-coding
2466,chr7,16400438,16401065,+,0,NA,promoter-TSS (NM_198631),promoter-TSS (NM_198631),-445,NM_198631,330474,,NM_198631,ENSMUSG00000059273,Zc3h4,Bwq1|Gm768|Kiaa1064-hp,zinc finger CCCH-type containing 4,protein-coding
797,chr13,98354465,98354724,+,0,NA,"5' UTR (NM_008242, exon 1 of 1)","5' UTR (NM_008242, exon 1 of 1)",349,NM_008242,15229,,NM_008242,ENSMUSG00000078302,Foxd1,BF-2|FREAC4|Hfh10|Hfhbf2,forkhead box D1,protein-coding
1092,chr16,17121445,17121664,+,0,NA,"intron (NM_001358255, intron 1 of 6)","intron (NM_001358255, intron 1 of 6)",2588,NR_029659,723816,,NR_029659,ENSMUSG00000065572,Mir130b,Mirn130b|mir-130b,microRNA 130b,ncRNA
1443,chr19,34474360,34474933,+,0,NA,"exon (NM_009890, exon 1 of 1)","exon (NM_009890, exon 1 of 1)",502,NM_009890,12642,,NM_009890,ENSMUSG00000050370,Ch25h,m25OH,cholesterol 25-hydroxylase,protein-coding
2587,chr7,97325037,97325978,+,0,NA,"exon (NM_001177412, exon 2 of 11)","exon (NM_001177412, exon 2 of 11)",6602,NM_001177412,244144,,NM_001177412,ENSMUSG00000035713,Usp35,Gm1088|Gm493,ubiquitin specific peptidase 35,protein-coding
337,chr11,33202454,33203803,+,0,NA,"exon (NM_019916, exon 1 of 3)","exon (NM_019916, exon 1 of 3)",460,NM_019916,27140,,NM_019916,ENSMUSG00000040610,Tlx3,Hox11l2|Rnx|Tlx1l2,"T cell leukemia, homeobox 3",protein-coding
2552,chr7,65862524,65862926,+,0,NA,promoter-TSS (NR_169041),promoter-TSS (NR_169041),589,NM_001291184,18553,,NM_011048,ENSMUSG00000030513,Pcsk6,Pace4|SPC4|b2b2830Clo,proprotein convertase subtilisin/kexin type 6,protein-coding
978,chr15,39076722,39077338,+,0,NA,promoter-TSS (NM_001364813),promoter-TSS (NM_001364813),98,NM_026778,68588,,NM_026778,ENSMUSG00000054196,Cthrc1,1110014B07Rik,collagen triple helix repeat containing 1,protein-coding
2850,chr8,123609961,123610808,+,0,NA,Intergenic,Intergenic,-43545,NM_133955,69581,,NM_133955,ENSMUSG00000039960,Rhou,2310026M05Rik|Arhu|CDC42L1|G28K|WRCH-1|WRCH1|mG28K,ras homolog family member U,protein-coding
1101,chr16,18621086,18621420,+,0,NA,TTS (NM_213614),TTS (NM_213614),1150,NM_010327,14724,,NM_010327,ENSMUSG00000050761,Gp1bb,-,"glycoprotein Ib, beta polypeptide",protein-coding
2771,chr8,95807723,95807976,+,0,NA,promoter-TSS (NM_153164),promoter-TSS (NM_153164),-404,NM_001372353,234594,,NM_153164,ENSMUSG00000036550,Cnot1,6030411K04Rik|D830048B13,"CCR4-NOT transcription complex, subunit 1",protein-coding
2930,chr9,50603534,50603824,+,0,NA,promoter-TSS (NM_013897),promoter-TSS (NM_013897),170,NM_025848,66925,,NM_025848,ENSMUSG00000000171,Sdhd,3110001M13Rik|AVLL5809|CII-4|PRO19626|QPs3|cybS,"succinate dehydrogenase complex, subunit D, integral membrane protein",protein-coding
2196,chr5,73013358,73014040,+,0,NA,TTS (NM_173403),TTS (NM_173403),6795,NM_173403,231290,,NM_173403,ENSMUSG00000029219,Slc10a4,E130304D01,"solute carrier family 10 (sodium/bile acid cotransporter family), member 4",protein-coding
2247,chr5,122501207,122501573,+,0,NA,"intron (NR_027838, intron 1 of 20)",CpG,835,NM_001110140,11938,,NM_009722,ENSMUSG00000029467,Atp2a2,9530097L16Rik|D5Wsu150e|SERCA2|SERCA2B|Serca2a|mKIAA4195,"ATPase, Ca++ transporting, cardiac muscle, slow twitch 2",protein-coding
169,chr1,171380092,171380601,+,0,NA,"exon (NM_027893, exon 2 of 9)","exon (NM_027893, exon 2 of 9)",-8614,NM_001005508,226652,,NM_001005508,ENSMUSG00000048865,Arhgap30,6030405P05Rik|Gm102|mFLJ00267,Rho GTPase activating protein 30,protein-coding
1389,chr18,80295976,80296197,+,0,NA,"exon (NM_001190373, exon 4 of 4)","exon (NM_001190373, exon 4 of 4)",39780,NM_001164421,66943,,NM_025861,ENSMUSG00000034006,Slc66a2,2310009N05Rik|4933425L21Rik|5730564E11Rik|Pqlc1,solute carrier family 66 member 2,protein-coding
2304,chr6,29735609,29736064,+,0,NA,"5' UTR (NM_176996, exon 1 of 12)","5' UTR (NM_176996, exon 1 of 12)",339,NM_176996,319757,,NM_176996,ENSMUSG00000001761,Smo,E130215L21Rik|Smoh|bnb|smoothened,"smoothened, frizzled class receptor",protein-coding
3149,chrY,144861,146458,+,0,NA,Intergenic,(TCTA)n|Simple_repeat|Simple_repeat,-60491,NR_126545,69438,,NR_126545,ENSMUSG00000101796,1700020D14Rik,Gm29277,RIKEN cDNA 1700020D14 gene,ncRNA
1115,chr16,35155110,35157104,+,0,NA,"exon (NM_001012765, exon 1 of 21)","exon (NM_001012765, exon 1 of 21)",1243,NM_001012765,224129,,NM_001012765,ENSMUSG00000022840,Adcy5,Ac5,adenylate cyclase 5,protein-coding
1242,chr17,36167284,36168432,+,0,NA,"intron (NM_001081032, intron 2 of 7)",CpG-6350,679,NM_001081032,667977,,NM_001081032,ENSMUSG00000073402,H2-T26,EG667977|Gm8909|H-2T5|H2-T5|H2-Tw5l|H2-gs17,"histocompatibility 2, T region locus 26",protein-coding
2978,chr9,72111654,72112374,+,0,NA,promoter-TSS (NM_011544),promoter-TSS (NM_011544),-195,NM_001253865,21406,,NM_011544,ENSMUSG00000032228,Tcf12,A130037E08Rik|ALF1|HEB|HEBAlt|HTF-4|HTF4|ME1|REB|bHLHb20,transcription factor 12,protein-coding
37,chr1,10232113,10232686,+,0,NA,"exon (NM_001102430, exon 1 of 38)","exon (NM_001102430, exon 1 of 38)",271,NM_001102430,211673,,NM_001102430,ENSMUSG00000067851,Arfgef1,ARFGEP1|BIG1|D130059B05Rik|D730028O18Rik|P200,ADP ribosylation factor guanine nucleotide exchange factor 1,protein-coding
1950,chr4,46990730,46991343,+,0,NA,"intron (NM_001081141, intron 1 of 18)",CpG,678,NM_001081141,242425,,NM_001081141,ENSMUSG00000039809,Gabbr2,GABABR2|Gb2|Gm425|Gpr51,gamma-aminobutyric acid type B receptor subunit 2,protein-coding
2818,chr8,123554172,123554751,+,0,NA,Intergenic,Intergenic,1420,NR_046127,100861480,,NR_046127,ENSMUSG00000119748,Gm25018,Rn5s10,"predicted gene, 25018",rRNA
63,chr1,48546284,48546465,+,0,NA,Intergenic,L1Md_T|LINE|L1,-698242,NR_151585,442837,,NM_001002792,ENSMUSG00000051616,C230029F24Rik,-,RIKEN cDNA C230029F24 gene,ncRNA
496,chr11,101170390,101171337,+,0,NA,"exon (NM_001346769, exon 1 of 13)","exon (NM_001346769, exon 1 of 13)",439,NM_146030,217198,,NM_146030,ENSMUSG00000035172,Plekhh3,-,"pleckstrin homology domain containing, family H (with MyTH4 domain) member 3",protein-coding
1764,chr3,40950689,40950989,+,0,NA,promoter-TSS (NM_001368222),"intron (NM_001040399, intron 1 of 9)",53,NM_001368222,214048,,NM_027663,ENSMUSG00000025762,Larp1b,1700108L22Rik|4933421B21Rik|Larp2,La ribonucleoprotein 1B,protein-coding
2098,chr4,145836770,145837485,+,0,NA,promoter-TSS (NR_033612),promoter-TSS (NR_033612),-92,NR_033612,236069,,NR_033612,ENSMUSG00000096233,Gm13238,-,carnitine deficiency-associated gene expressed in ventricle 3 pseudogene,pseudo
1755,chr3,32616365,32617488,+,0,NA,promoter-TSS (NM_001348105),promoter-TSS (NM_001348105),-336,NM_001348104,14696,,NM_013531,ENSMUSG00000027669,Gnb4,6720453A21Rik|G(beta)4|Hg2b,"guanine nucleotide binding protein (G protein), beta 4",protein-coding
1001,chr15,76343480,76344155,+,0,NA,"intron (NM_025567, intron 1 of 6)",CpG,294,NM_025567,66445,,NM_025567,ENSMUSG00000022551,Cyc1,2610002H19Rik|Cyct1,cytochrome c-1,protein-coding
2644,chr7,139582125,139582926,+,0,NA,"non-coding (NR_027857, exon 1 of 4)","non-coding (NR_027857, exon 1 of 4)",272,NR_027857,14912,,NM_183248,ENSMUSG00000041309,Nkx6-2,Gtx|Nkx6.2,NK6 homeobox 2,protein-coding
2857,chr8,123621706,123622609,+,0,NA,Intergenic,Intergenic,-31772,NM_133955,69581,,NM_133955,ENSMUSG00000039960,Rhou,2310026M05Rik|Arhu|CDC42L1|G28K|WRCH-1|WRCH1|mG28K,ras homolog family member U,protein-coding
2579,chr7,83882805,83884080,+,0,NA,promoter-TSS (NR_164324),promoter-TSS (NR_164324),-424,NM_001374090,67943,,NM_023403,ENSMUSG00000038503,Mesd,2210015O11Rik|Mesdc2|mKIAA0081|mesd|msd,mesoderm development LRP chaperone,protein-coding
2110,chr4,151057525,151057905,+,0,NA,"intron (NM_009498, intron 1 of 4)",CpG,238,NM_009498,22319,,NM_009498,ENSMUSG00000028955,Vamp3,D130027G05Rik|VAMP-3|ceb,vesicle-associated membrane protein 3,protein-coding
165,chr1,171063963,171066036,+,0,NA,promoter-TSS (NR_106103),promoter-TSS (NR_106103),-347,NR_106103,102466998,,NR_106103,ENSMUSG00000118979,Mir6546,Gm27408|mmu-mir-6546,microRNA 6546,ncRNA
2378,chr6,87980911,87981422,+,0,NA,promoter-TSS (NR_026990),promoter-TSS (NR_026990),316,NM_198622,243529,,NM_198622,ENSMUSG00000044927,H1f10,Gm461|H1-10|H1.10|H1X|H1fx,H1.10 linker histone,protein-coding
405,chr11,71032715,71033409,+,0,NA,"exon (NM_134022, exon 1 of 2)","exon (NM_134022, exon 1 of 2)",555,NM_134022,103712,,NM_134022,ENSMUSG00000018451,6330403K07Rik,UGS148,RIKEN cDNA 6330403K07 gene,protein-coding
263,chr10,85916449,85917006,+,0,NA,promoter-TSS (NM_181650),promoter-TSS (NM_181650),2,NM_001302887,72843,,NM_181650,ENSMUSG00000035529,Prdm4,1700031E19Rik|2810470D21Rik|SC-1|SC1,PR domain containing 4,protein-coding
2018,chr4,116557700,116558051,+,0,NA,promoter-TSS (NM_001368177),promoter-TSS (NM_001368177),-204,NM_001368177,77110,,NM_029868,ENSMUSG00000034042,Gpbp1l1,5330440M15Rik,GC-rich promoter binding protein 1-like 1,protein-coding
66,chr1,54194777,54195251,+,0,NA,promoter-TSS (NM_172655),promoter-TSS (NM_172655),20,NM_172655,329152,,NM_172655,ENSMUSG00000042807,Hecw2,A730039N16Rik|D030049F17Rik|Gm971|Nedl2|mKIAA1301,"HECT, C2 and WW domain containing E3 ubiquitin protein ligase 2",protein-coding
1030,chr15,86033023,86033809,+,0,NA,"exon (NM_009886, exon 1 of 35)","exon (NM_009886, exon 1 of 35)",361,NM_009886,12614,,NM_009886,ENSMUSG00000016028,Celsr1,Adgrc1|Crsh|Scy|crash,"cadherin, EGF LAG seven-pass G-type receptor 1",protein-coding
2162,chr5,33996080,33996651,+,0,NA,"5' UTR (NM_001001985, exon 1 of 3)","5' UTR (NM_001001985, exon 1 of 3)",381,NM_001001985,269642,,NM_001001985,ENSMUSG00000048142,Nat8l,1110038O08Rik|Shati,N-acetyltransferase 8-like,protein-coding
2541,chr7,46846206,46846620,+,0,NA,promoter-TSS (NM_001136069),promoter-TSS (NM_001136069),609,NR_102727,16828,,NM_010699,ENSMUSG00000063229,Ldha,Ldh1|Ldhm|l7R2,lactate dehydrogenase A,protein-coding
2783,chr8,109778950,109779860,+,0,NA,"intron (NM_001301211, intron 1 of 22)","intron (NM_001301211, intron 1 of 22)",822,NM_001301211,11765,,NM_009677,ENSMUSG00000031731,Ap1g1,Adtg|D8Ertd374e,"adaptor protein complex AP-1, gamma 1 subunit",protein-coding
348,chr11,49793656,49793916,+,0,NA,promoter-TSS (NM_013529),promoter-TSS (NM_013529),-369,NM_013529,14584,,NM_013529,ENSMUSG00000020363,Gfpt2,GFAT2,glutamine fructose-6-phosphate transaminase 2,protein-coding
3052,chr9,121857173,121858203,+,0,NA,promoter-TSS (NR_168944),promoter-TSS (NR_168944),-59,NR_168944,115487203,,NR_168944,ENSMUSG00000111079,Gm47112,-,"predicted gene, 47112",ncRNA
983,chr15,55906590,55907356,+,0,NA,promoter-TSS (NM_016667),promoter-TSS (NM_016667),-24,NM_016667,20649,,NM_016667,ENSMUSG00000060429,Sntb1,-,"syntrophin, basic 1",protein-coding
2448,chr7,3366673,3366980,+,0,NA,"exon (NM_133189, exon 6 of 6)","exon (NM_133189, exon 6 of 6)",-27216,NM_133190,81905,,NM_133190,ENSMUSG00000053395,Cacng8,-,"calcium channel, voltage-dependent, gamma subunit 8",protein-coding
1847,chr3,107459342,107460191,+,0,NA,promoter-TSS (NM_145922),promoter-TSS (NM_145922),-868,NM_001356447,99738,,NM_145922,ENSMUSG00000027895,Kcnc4,KSHIIIC|Kcr2-4|Kv3.4,"potassium voltage gated channel, Shaw-related subfamily, member 4",protein-coding
1947,chr4,46343368,46345727,+,0,NA,"exon (NM_183298, exon 1 of 1)","exon (NM_183298, exon 1 of 1)",903,NM_183298,110805,,NM_183298,ENSMUSG00000070990,Foxe1,TTF-2|Titf2,forkhead box E1,protein-coding
1605,chr2,93956255,93957371,+,0,NA,"5' UTR (NM_001145034, exon 1 of 1)","5' UTR (NM_001145034, exon 1 of 1)",287,NM_001145034,620695,,NM_001145034,ENSMUSG00000087006,Gm13889,Ag2,predicted gene 13889,protein-coding
2712,chr8,68793597,68793983,+,0,NA,promoter-TSS (NM_001293791),promoter-TSS (NM_001293791),-139,NM_027590,70885,,NM_027590,ENSMUSG00000031864,Ints10,4921521J11Rik,integrator complex subunit 10,protein-coding
2447,chr6,149188410,149188698,+,0,NA,"non-coding (NR_153963, exon 1 of 5)","non-coding (NR_153963, exon 1 of 5)",141,NR_167758,232566,,NM_001113424,ENSMUSG00000068250,Amn1,5830467E07Rik|A230083D09|C730024G19Rik,antagonist of mitotic exit network 1,protein-coding
1640,chr2,122630656,122631212,+,0,NA,"exon (NM_001033256, exon 1 of 2)","exon (NM_001033256, exon 1 of 2)",309,NM_001033256,214616,,NM_001033256,ENSMUSG00000118663,Afg2b,C130039A10Rik|Spata5l1,AFG2 AAA ATPase homolog B,protein-coding
1920,chr4,14825890,14826532,+,0,NA,"intron (NM_152812, intron 1 of 6)","intron (NM_152812, intron 1 of 6)",202,NM_152812,72201,,NM_152812,ENSMUSG00000040550,Otud6b,2600013N14Rik,OTU domain containing 6B,protein-coding
908,chr14,63543371,63544071,+,0,NA,"5' UTR (NM_177594, exon 1 of 10)","5' UTR (NM_177594, exon 1 of 10)",232,NM_177594,210376,,NM_177594,ENSMUSG00000035078,Mtmr9,9430075G12Rik|LIP-STYX|MTMR8|mMTMH3,myotubularin related protein 9,protein-coding
2242,chr5,119682533,119683175,+,0,NA,"exon (NM_198052, exon 8 of 8)","exon (NM_198052, exon 8 of 8)",8364,NR_040416,433944,,NR_040416,ENSMUSG00000086847,Tbx3os2,Gm16065,"T-box 3, opposite strand 2",ncRNA
2958,chr9,63757590,63757887,+,0,NA,"5' UTR (NM_016769, exon 1 of 9)","5' UTR (NM_016769, exon 1 of 9)",256,NM_016769,17127,,NM_016769,ENSMUSG00000032402,Smad3,Madh3,SMAD family member 3,protein-coding
2868,chr9,3006364,3007667,+,0,NA,Intergenic,GSAT_MM|Satellite|Satellite,31728,NR_039546,100628572,,NR_039546,ENSMUSG00000106183,Mir101c,mir-101c|mmu-mir-101c,microRNA 101c,ncRNA
1026,chr15,83724224,83725390,+,0,NA,"intron (NM_022723, intron 1 of 21)",CpG,232,NM_001271472,64706,,NM_022723,ENSMUSG00000016763,Scube1,7330410C13Rik|A630023E24Rik,"signal peptide, CUB domain, EGF-like 1",protein-coding
1424,chr19,14596921,14597328,+,0,NA,promoter-TSS (NM_001302951),promoter-TSS (NM_001302951),89,NM_001302951,21888,,NM_011600,ENSMUSG00000024642,Tle4,5730411M05Rik|Bce-1|Bce1|ESTM13|ESTM14|Grg4|grg-4,transducin-like enhancer of split 4,protein-coding
2879,chr9,3033734,3034003,+,0,NA,Intergenic,GSAT_MM|Satellite|Satellite,4875,NR_039546,100628572,,NR_039546,ENSMUSG00000106183,Mir101c,mir-101c|mmu-mir-101c,microRNA 101c,ncRNA
484,chr11,98457849,98458547,+,0,NA,Intergenic,CpG,11364,NM_010346,14786,,NM_010346,ENSMUSG00000019312,Grb7,mKIAA4028,growth factor receptor bound protein 7,protein-coding
2828,chr8,123572530,123573320,+,0,NA,Intergenic,Intergenic,-6838,NR_046127,100861480,,NR_046127,ENSMUSG00000119748,Gm25018,Rn5s10,"predicted gene, 25018",rRNA
1086,chr16,13672094,13672514,+,0,NA,"intron (NM_001177552, intron 1 of 5)",CpG,446,NM_025653,67118,,NM_025653,ENSMUSG00000022684,Bfar,3010001A07Rik|3110001I22Rik|Bar|Rnf47,bifunctional apoptosis regulator,protein-coding
2115,chr4,152151716,152152513,+,0,NA,"exon (NM_207687, exon 1 of 16)","exon (NM_207687, exon 1 of 16)",275,NM_207687,56226,,NM_019585,ENSMUSG00000028943,Espn,je,espin,protein-coding
2266,chr5,135887777,135888567,+,0,NA,"exon (NM_013560, exon 1 of 3)","exon (NM_013560, exon 1 of 3)",253,NM_013560,15507,,NM_013560,ENSMUSG00000004951,Hspb1,27kDa|Hsp25,heat shock protein 1,protein-coding
1929,chr4,32796765,32797075,+,0,NA,Intergenic,RLTR4_MM-int|LTR|ERV1,-3339,NM_175364,108755,,NM_175364,ENSMUSG00000045854,Lyrm2,2610208E05Rik,LYR motif containing 2,protein-coding
1674,chr2,151670292,151670618,+,0,NA,Intergenic,Intergenic,-1922,NM_001276400,668929,,NM_001114677,ENSMUSG00000074704,Rad21l,Gm14160|MeiRAD21L|Rad21l1,RAD21-like (S. pombe),protein-coding
2611,chr7,118447388,118448578,+,0,NA,"5' UTR (NM_001362179, exon 1 of 8)","5' UTR (NM_001362179, exon 1 of 8)",239,NM_001362179,110058,,NM_138649,ENSMUSG00000058420,Syt17,Bk|sytXVII,synaptotagmin XVII,protein-coding
1343,chr18,38338569,38338882,+,0,NA,"intron (NM_011937, intron 1 of 6)","intron (NM_011937, intron 1 of 6)",268,NM_011937,26384,,NM_011937,ENSMUSG00000052102,Gnpda1,GNPDA|Gnp1|Gnpi|oscillin,glucosamine-6-phosphate deaminase 1,protein-coding
2928,chr9,47530595,47530961,+,0,NA,"intron (NM_018770, intron 1 of 9)",CpG,426,NM_018770,54725,,NM_018770,ENSMUSG00000032076,Cadm1,2900073G06Rik|3100001I08Rik|Bl2|Igsf4|Igsf4a|Necl2|RA175|RA175A|RA175B|RA175C|RA175N|ST17|SgIGSF|SynCam|Tslc1,cell adhesion molecule 1,protein-coding
2175,chr5,45856540,45856659,+,0,NA,promoter-TSS (NM_172153),promoter-TSS (NM_172153),-47,NM_001359872,209707,,NM_172153,ENSMUSG00000015882,Lcorl,Gm3414|Mlr1,ligand dependent nuclear receptor corepressor-like,protein-coding
1403,chr19,5084983,5085339,+,0,NA,"intron (NM_001001885, intron 1 of 1)","intron (NM_001001885, intron 1 of 1)",330,NM_001001885,381199,,NM_001001885,ENSMUSG00000061451,Tmem151a,Gm30627|Gm961|Tmem151,transmembrane protein 151A,protein-coding
2045,chr4,126468428,126468854,+,0,NA,promoter-TSS (NM_001317174),promoter-TSS (NM_001317174),-10,NM_001378879,236511,,NM_153403,ENSMUSG00000041530,Ago1,Eif2c1,argonaute RISC catalytic subunit 1,protein-coding
1934,chr4,41497896,41498562,+,0,NA,"exon (NM_001085515, exon 2 of 2)","exon (NM_001085515, exon 2 of 2)",4846,NM_001085515,329828,,NM_001085515,ENSMUSG00000046312,Myorg,Gm762|Kiaa1161|NET37,myogenesis regulating glycosidase (putative),protein-coding
1738,chr2,182012783,182013161,+,0,NA,Intergenic,(TTAGGG)n|Simple_repeat|Simple_repeat,21746,NM_001205282,672125,,NM_001205282,ENSMUSG00000098505,Gm14496,-,predicted gene 14496,protein-coding
254,chr10,81059615,81060385,+,0,NA,"5' UTR (NM_001358549, exon 1 of 12)","5' UTR (NM_001358549, exon 1 of 12)",176,NM_001358549,52551,,NM_024499,ENSMUSG00000004937,Sgta,5330427H01Rik|D10Ertd190e|Sgt|Stg,"small glutamine-rich tetratricopeptide repeat (TPR)-containing, alpha",protein-coding
2219,chr5,103753717,103754652,+,0,NA,promoter-TSS (NM_133919),promoter-TSS (NM_133919),22,NM_133919,17355,,NM_133919,ENSMUSG00000029313,Aff1,9630032B01Rik|Af4|Mllt2h|Rob,"AF4/FMR2 family, member 1",protein-coding
800,chr13,100108054,100108538,+,0,NA,"intron (NM_011353, intron 1 of 2)",CpG,277,NM_011353,20365,,NM_011353,ENSMUSG00000021643,Serf1,4F5|Msmac1|m4F5,small EDRK-rich factor 1,protein-coding
1482,chr19,59943366,59943714,+,0,NA,promoter-TSS (NM_001033172),promoter-TSS (NM_001033172),114,NM_001164367,74998,,NM_001033172,ENSMUSG00000040022,Rab11fip2,4930470G04Rik|A830046J09Rik|Nrip11,RAB11 family interacting protein 2 (class I),protein-coding
2603,chr7,112158229,112158499,+,0,NA,"exon (NM_001360260, exon 2 of 8)","exon (NM_001360260, exon 2 of 8)",332,NM_001360260,50781,,NM_015814,ENSMUSG00000030772,Dkk3,dkk-3|mDkk-3,dickkopf WNT signaling pathway inhibitor 3,protein-coding
192,chr1,191907008,191907428,+,0,NA,"non-coding (NR_030669, exon 1 of 5)","non-coding (NR_030669, exon 1 of 5)",309,NR_030669,98736,,NM_001024489,ENSMUSG00000055833,1700034H15Rik,4930557M11Rik,RIKEN cDNA 1700034H15 gene,ncRNA
2899,chr9,21593360,21593757,+,0,NA,promoter-TSS (NM_001205158),promoter-TSS (NM_001205158),-727,NM_138303,74766,,NM_138303,ENSMUSG00000032182,Yipf2,1300010K09Rik,"Yip1 domain family, member 2",protein-coding
2590,chr7,99468133,99468474,+,0,NA,"exon (NM_028145, exon 2 of 7)","exon (NM_028145, exon 2 of 7)",2299,NM_028145,72184,,NM_028145,ENSMUSG00000035298,Klhl35,2810406K13Rik,kelch-like 35,protein-coding
822,chr13,119598489,119599137,+,0,NA,"intron (NM_001370626, intron 2 of 2)","intron (NM_001370626, intron 2 of 2)",-25006,NM_020279,56838,,NM_020279,ENSMUSG00000074715,Ccl28,CCK1|MEC|Scya28,C-C motif chemokine ligand 28,protein-coding
767,chr13,60097224,60097586,+,0,NA,"intron (NR_046142, intron 1 of 2)",(CACAG)n|Simple_repeat|Simple_repeat,67694,NR_046142,328263,,NR_046142,ENSMUSG00000114531,A530065N20Rik,A530065N20,RIKEN cDNA A530046M15 gene,ncRNA
1295,chr17,87265527,87265954,+,0,NA,"intron (NM_176808, intron 1 of 4)",CpG,207,NM_176808,193813,,NM_139295,ENSMUSG00000024150,Mcfd2,1810021C21Rik|F5f8d|Lman1ip|Sdnsf,multiple coagulation factor deficiency 2,protein-coding
981,chr15,51990727,51991376,+,0,NA,"intron (NM_009009, intron 1 of 13)",CpG,709,NM_009009,19357,,NM_009009,ENSMUSG00000022314,Rad21,SCC1|mHR21|mKIAA0078,RAD21 cohesin complex component,protein-coding
2396,chr6,110645782,110646287,+,0,NA,"exon (NM_001346640, exon 1 of 11)","exon (NM_001346640, exon 1 of 11)",436,NM_177328,108073,,NM_177328,ENSMUSG00000056755,Grm7,6330570A01Rik|C030018L03|E130018M02Rik|Gpr1g|Gprc1g|SMN2|Tg(SMN2)89Ahmb|mGluR7,"glutamate receptor, metabotropic 7",protein-coding
2331,chr6,47681411,47681790,+,0,NA,promoter-TSS (NR_002841).8,promoter-TSS (NR_002841).8,-542,NR_002841,19799,,NR_002841,,Rn4.5s,-,4.5S RNA,rRNA
135,chr1,133363564,133364357,+,0,NA,"exon (NM_175443, exon 1 of 8)","exon (NM_175443, exon 1 of 8)",388,NM_175443,214253,,NM_175443,ENSMUSG00000070644,Etnk2,4933417N20Rik|EKI 2|Eki2|Tuc1,ethanolamine kinase 2,protein-coding
506,chr11,102605115,102606420,+,0,NA,"exon (NM_020510, exon 1 of 1)","exon (NM_020510, exon 1 of 1)",1336,NM_020510,57265,,NM_020510,ENSMUSG00000050288,Fzd2,Fz10|Fzd10|Mfz10|Mfz10a,frizzled class receptor 2,protein-coding
2229,chr5,113015137,113015576,+,0,NA,"intron (NM_177078, intron 1 of 20)","intron (NM_177078, intron 1 of 20)",182,NM_001285806,320129,,NM_177078,ENSMUSG00000042249,Grk3,4833444A01Rik|Adrbk-2|Adrbk2|Bark-2,G protein-coupled receptor kinase 3,protein-coding
1961,chr4,62286397,62286748,+,0,NA,"exon (NM_025286, exon 1 of 4)","exon (NM_025286, exon 1 of 4)",143,NM_025286,20530,,NM_025286,ENSMUSG00000066152,Slc31a2,CTR2,"solute carrier family 31, member 2",protein-coding
27,JH584304.1,108082,109527,+,0,NA,NA,NA,NA,NA,,,,,,,,
830,chr14,5741313,5741904,+,0,NA,promoter-TSS (NM_001256886),promoter-TSS (NM_001256886),-6,NM_001256886,100041678,,NM_001256886,ENSMUSG00000096003,Gm3500,100041758|Gm3401,predicted gene 3500,protein-coding
2557,chr7,70369301,70369699,+,0,NA,"intron (NR_045850, intron 1 of 10)",CpG,-2754,NM_183261,11819,,NM_009697,ENSMUSG00000030551,Nr2f2,2700033K02Rik|9430015G03Rik|ARP-1|Aporp1|COUP-TF2|COUP-TFII|COUPTFB|EAR3|SVP40|Tcfcoup2,"nuclear receptor subfamily 2, group F, member 2",protein-coding
1342,chr18,37998341,37999181,+,0,NA,"5' UTR (NM_001205336, exon 1 of 33)","5' UTR (NM_001205336, exon 1 of 33)",208,NM_001205336,106952,,NM_139206,ENSMUSG00000024451,Arap3,Centd3|Drag1|E030006K04Rik|cnt-d3,"ArfGAP with RhoGAP domain, ankyrin repeat and PH domain 3",protein-coding
967,chr15,26308720,26309560,+,0,NA,promoter-TSS (NM_001310774),promoter-TSS (NM_001310774),92,NM_177597,211147,,NM_177597,ENSMUSG00000022269,Marchf11,9630025C22|March11,membrane associated ring-CH-type finger 11,protein-coding
3123,chrX,134756562,134757218,+,0,NA,promoter-TSS (NR_106061),promoter-TSS (NR_106061),139,NM_001358521,71703,,NM_027870,ENSMUSG00000049047,Armcx3,1200004E24Rik|ALEX3,"armadillo repeat containing, X-linked 3",protein-coding
1220,chr17,33810392,33810841,+,0,NA,promoter-TSS (NM_030697),promoter-TSS (NM_030697),93,NM_001357162,80880,,NM_030697,ENSMUSG00000042099,Kank3,0610013D04Rik|Ankrd47|D17Ertd288e|NG28,KN motif and ankyrin repeat domains 3,protein-coding
304,chr10,127739063,127739472,+,0,NA,promoter-TSS (NM_198035),promoter-TSS (NM_198035),-263,NM_198035,320080,,NM_198035,ENSMUSG00000044617,Zbtb39,7030401O21Rik|mKIAA0352,zinc finger and BTB domain containing 39,protein-coding
395,chr11,70214534,70215392,+,0,NA,"exon (NM_153081, exon 3 of 5)","exon (NM_153081, exon 3 of 5)",1053,NM_153081,216867,,NM_153081,ENSMUSG00000040938,Slc16a11,MCT 11|MNCb-2717,"solute carrier family 16 (monocarboxylic acid transporters), member 11",protein-coding
2044,chr4,126300984,126301383,+,0,NA,"intron (NM_199473, intron 2 of 3)",CpG,14389,NM_199473,329941,,NM_199473,ENSMUSG00000056174,Col8a2,-,"collagen, type VIII, alpha 2",protein-coding
1002,chr15,76518912,76519673,+,0,NA,"exon (NM_130893, exon 2 of 2)","exon (NM_130893, exon 2 of 2)",2837,NM_130893,170729,,NM_130893,ENSMUSG00000048385,Scrt1,-,scratch family zinc finger 1,protein-coding
2967,chr9,66157990,66158812,+,0,NA,"intron (NM_010019, intron 1 of 11)",CpG,175,NM_010019,13143,,NM_010019,ENSMUSG00000032380,Dapk2,-,death-associated protein kinase 2,protein-coding
69,chr1,55362357,55364075,+,0,NA,promoter-TSS (NM_001113367),promoter-TSS (NM_001113367),-488,NM_001368768,75388,,NM_029267,ENSMUSG00000025977,Boll,4930554P13Rik|4930597B14Rik,"boule homolog, RNA binding protein",protein-coding
1217,chr17,32396268,32396868,+,0,NA,"exon (NM_001347343, exon 10 of 19)","exon (NM_001347343, exon 10 of 19)",-6446,NR_029458,664702,,NR_029458,ENSMUSG00000117872,A530088E08Rik,-,RIKEN cDNA A530088E08 gene,ncRNA
358,chr11,54068561,54068939,+,0,NA,"intron (NM_019417, intron 1 of 6)","intron (NM_019417, intron 1 of 6)",267,NM_019417,30794,,NM_019417,ENSMUSG00000020388,Pdlim4,Ril,PDZ and LIM domain 4,protein-coding
738,chr13,48869902,48870290,+,0,NA,"intron (NM_011078, intron 1 of 21)",CpG,789,NM_011078,18676,,NM_011078,ENSMUSG00000038025,Phf2,GRC5,PHD finger protein 2,protein-coding
1207,chr17,28313601,28313996,+,0,NA,"exon (NM_001163819, exon 1 of 10)","exon (NM_001163819, exon 1 of 10)",268,NM_001163820,72775,,NM_028348,ENSMUSG00000007570,Fance,2810451D06Rik,"Fanconi anemia, complementation group E",protein-coding
972,chr15,35155458,35155678,+,0,NA,"5' UTR (NM_019635, exon 1 of 11)","5' UTR (NM_019635, exon 1 of 11)",238,NM_019635,56274,,NM_019635,ENSMUSG00000022329,Stk3,0610042I06Rik|MST|Mst2|Mst3|Ste20|mess1,serine/threonine kinase 3,protein-coding
1358,chr18,53176412,53176660,+,0,NA,"intron (NM_001357463, intron 1 of 15)",CpG,244,NM_026386,67804,,NM_026386,ENSMUSG00000034484,Snx2,0610030A03Rik,sorting nexin 2,protein-coding
3036,chr9,111439007,111439627,+,0,NA,"exon (NM_172928, exon 1 of 5)","exon (NM_172928, exon 1 of 5)",236,NM_172928,245038,,NM_172928,ENSMUSG00000032500,Dclk3,C730036H08|Dcamkl3,doublecortin-like kinase 3,protein-coding
516,chr11,104232493,104233093,+,0,NA,"intron (NM_001038609, intron 1 of 11)",CpG,1357,NM_001285456,17762,,NM_010838,ENSMUSG00000018411,Mapt,Mtapt|PHF-tau|Tau,microtubule-associated protein tau,protein-coding
499,chr11,102145624,102145867,+,0,NA,"exon (NM_145829, exon 1 of 7)","exon (NM_145829, exon 1 of 7)",232,NM_145829,217214,,NM_145829,ENSMUSG00000048217,Nags,1700120E20Rik|argA,N-acetylglutamate synthase,protein-coding
1006,chr15,78802375,78803344,+,0,NA,"exon (NM_130859, exon 1 of 21)","exon (NM_130859, exon 1 of 21)",183,NM_130859,105844,,NM_130859,ENSMUSG00000033170,Card10,Bimp1|Carma3,"caspase recruitment domain family, member 10",protein-coding
366,chr11,59264038,59264525,+,0,NA,"intron (NM_009522, intron 2 of 3)",CpG,26470,NM_009522,22416,,NM_009522,ENSMUSG00000009900,Wnt3a,Wnt-3a|vt,"wingless-type MMTV integration site family, member 3A",protein-coding
2871,chr9,3014070,3014344,+,0,NA,Intergenic,GSAT_MM|Satellite|Satellite,24536,NR_039546,100628572,,NR_039546,ENSMUSG00000106183,Mir101c,mir-101c|mmu-mir-101c,microRNA 101c,ncRNA
1860,chr3,116807873,116808198,+,0,NA,"5' UTR (NM_001081326, exon 1 of 34)","5' UTR (NM_001081326, exon 1 of 34)",131,NM_001362367,77559,,NM_001081326,ENSMUSG00000033400,Agl,1110061O17Rik|9430004C13Rik|9630046L06Rik,"amylo-1,6-glucosidase, 4-alpha-glucanotransferase",protein-coding
397,chr11,70228981,70230728,+,0,NA,promoter-TSS (NM_007528),promoter-TSS (NM_007528),-56,NM_007528,12029,,NM_007528,ENSMUSG00000000317,Bcl6b,Bazf,"B cell CLL/lymphoma 6, member B",protein-coding
407,chr11,72215147,72215635,+,0,NA,"exon (NM_001163728, exon 1 of 1)","exon (NM_001163728, exon 1 of 1)",201,NM_026068,67279,,NM_026068,ENSMUSG00000020801,Med31,3110004H13Rik|CGI-125|l11Jus15,mediator complex subunit 31,protein-coding
1911,chr4,10874313,10875127,+,0,NA,"exon (NM_026005, exon 1 of 6)","exon (NM_026005, exon 1 of 6)",222,NM_026005,67157,,NM_026005,ENSMUSG00000059482,Cfap418,2610301B20Rik,cilia and flagella associated protein 418,protein-coding
422,chr11,75794777,75796203,+,0,NA,promoter-TSS (NR_136933),promoter-TSS (NR_136933),-319,NR_136933,102641247,,NR_136932,,Gm12339,-,predicted gene 12339,ncRNA
1529,chr2,31638757,31640683,+,0,NA,promoter-TSS (NM_001123362),promoter-TSS (NM_001123362),-317,NM_001123362,381359,,NM_001123362,ENSMUSG00000079466,Prdm12,Gm998,PR domain containing 12,protein-coding
301,chr10,127340955,127341758,+,0,NA,"intron (NM_010296, intron 1 of 12)","intron (NM_010296, intron 1 of 12)",223,NM_010296,14632,,NM_010296,ENSMUSG00000025407,Gli1,Zfp-5|Zfp5,GLI-Kruppel family member GLI1,protein-coding
1933,chr4,41026191,41026832,+,0,NA,TTS (NM_023739),TTS (NM_023739),21451,NM_001378640,11832,,NM_007473,ENSMUSG00000028427,Aqp7,AQP7L|AQPap,aquaporin 7,protein-coding
3075,chrX,14190837,14191194,+,0,NA,Intergenic,L1Md_T|LINE|L1,-20133,NM_001034100,385328,,NM_001034100,ENSMUSG00000078346,H2al1n,EG385328|Gm5382,H2A histone family member L1N,protein-coding
13,JH584304.1,81081,82441,+,0,NA,NA,NA,NA,NA,,,,,,,,
1458,chr19,43441179,43441582,+,0,NA,"exon (NM_031396, exon 1 of 11)","exon (NM_031396, exon 1 of 11)",967,NM_001373992,83674,,NM_031396,ENSMUSG00000025189,Cnnm1,Acdp1|CLP-1,cyclin M1,protein-coding
2893,chr9,21163873,21164245,+,0,NA,Intergenic,Intergenic,-1655,NM_183408,18577,,NM_019798,ENSMUSG00000032177,Pde4a,D9Ertd60e|Dpde2,"phosphodiesterase 4A, cAMP specific",protein-coding
1639,chr2,122611099,122611399,+,0,NA,promoter-TSS (NM_025961),promoter-TSS (NM_025961),28,NM_025961,67092,,NM_025961,ENSMUSG00000027199,Gatm,1810003P21Rik|AT,glycine amidinotransferase (L-arginine:glycine amidinotransferase),protein-coding
2057,chr4,129810601,129811008,+,0,NA,Intergenic,Intergenic,-9675,NM_008974,19244,,NM_008974,ENSMUSG00000028788,Ptp4a2,Prl-2,protein tyrosine phosphatase 4a2,protein-coding
45,chr1,23761920,23763000,+,0,NA,"5' UTR (NM_172124, exon 1 of 4)","5' UTR (NM_172124, exon 1 of 4)",534,NM_172124,280645,,NM_172124,ENSMUSG00000026156,B3gat2,GlcAT-S|Glcats,"beta-1,3-glucuronyltransferase 2",protein-coding
287,chr10,118141619,118142395,+,0,NA,"intron (NM_148922, intron 1 of 13)",CpG,220,NM_148922,17245,,NM_010785,ENSMUSG00000020212,Mdm1,Arrd2|Mdm-1,MDM1 nuclear protein,protein-coding
60,chr1,44481030,44481433,+,0,NA,Intergenic,L1Md_T|LINE|L1,-70440,NM_028450,70676,,NM_027506,ENSMUSG00000056870,Gulp1,3110030A04Rik|5730529O06Rik|CED-6|Ced6|GULP|Gulp-2,"GULP, engulfment adaptor PTB domain containing 1",protein-coding
133,chr1,132190058,132191026,+,0,NA,promoter-TSS (NM_001311104),promoter-TSS (NM_001311104),-894,NM_001311104,213409,,NM_001033250,ENSMUSG00000079330,Lemd1,4930540I23Rik|6430514M23Rik|LEMP-1,LEM domain containing 1,protein-coding
3068,chrX,7922121,7922757,+,0,NA,"exon (NM_013892, exon 2 of 3)","exon (NM_013892, exon 2 of 3)",2617,NM_013892,30052,,NM_013892,ENSMUSG00000039278,Pcsk1n,KEP|PEN|PEN19|PEN20|Pan3|SAAS|SAASCT|bLEN|lLEN|proSAAS,proprotein convertase subtilisin/kexin type 1 inhibitor,protein-coding
1632,chr2,119322153,119322512,+,0,NA,"intron (NR_030683, intron 3 of 3)",CpG,-3452,NM_019454,54485,,NM_019454,ENSMUSG00000027314,Dll4,Delta4,delta like canonical Notch ligand 4,protein-coding
572,chr12,20614531,20615134,+,0,NA,Intergenic,CpG,200947,NR_015521,69513,,NR_015521,ENSMUSG00000099759,1700030C10Rik,-,RIKEN cDNA 1700030C10 gene,ncRNA
2345,chr6,52259957,52260273,+,0,NA,"exon (NM_008264, exon 3 of 4)","exon (NM_008264, exon 3 of 4)",765,NM_008264,15398,,NM_008264,ENSMUSG00000038203,Hoxa13,Hd|Hox-1.10,homeobox A13,protein-coding
117,chr1,106171624,106173500,+,0,NA,"exon (NM_133821, exon 1 of 17)","exon (NM_133821, exon 1 of 17)",693,NM_133821,98432,,NM_133821,ENSMUSG00000044340,Phlpp1,Phlpp|Plekhe1|SCOP|mKIAA0606,PH domain and leucine rich repeat protein phosphatase 1,protein-coding
1391,chr18,80362967,80363696,+,0,NA,"non-coding (NR_168057, exon 1 of 1)","non-coding (NR_168057, exon 1 of 1)",550,NR_168057,665054,,NR_168057,ENSMUSG00000102260,D330025C20Rik,-,RIKEN cDNA D330025C20 gene,ncRNA
665,chr12,103324847,103325697,+,0,NA,"exon (NM_023049, exon 8 of 10)","exon (NM_023049, exon 8 of 10)",10313,NM_001195726,100504156,,NM_001195726,ENSMUSG00000096753,Fam181a,EG544888,"family with sequence similarity 181, member A",protein-coding
985,chr15,58214461,58215177,+,0,NA,promoter-TSS (NM_026346),promoter-TSS (NM_026346),73,NM_026346,67731,,NM_026346,ENSMUSG00000022358,Fbxo32,4833442G10Rik|ATROGIN1|Gm20361|MAFbx,F-box protein 32,protein-coding
2565,chr7,79792581,79793531,+,0,NA,"exon (NM_008588, exon 1 of 2)","exon (NM_008588, exon 1 of 2)",534,NM_008588,17292,,NM_008588,ENSMUSG00000030544,Mesp1,bHLHc5,mesoderm posterior 1,protein-coding
16,JH584304.1,86463,87106,+,0,NA,NA,NA,NA,NA,,,,,,,,
1837,chr3,100488704,100489264,+,0,NA,"intron (NM_001142952, intron 1 of 1)",CpG,208,NM_001142952,74645,,NM_001142952,ENSMUSG00000044468,Tent5c,4930431B09Rik|Fam46c,terminal nucleotidyltransferase 5C,protein-coding
1716,chr2,168230919,168231738,+,0,NA,promoter-TSS (NM_010072),promoter-TSS (NM_010072),706,NM_001160330,69372,,NM_001160330,ENSMUSG00000074576,Mocs3,1700020H17Rik|Uba4,molybdenum cofactor synthesis 3,protein-coding
893,chr14,55091556,55091874,+,0,NA,"intron (NM_001039198, intron 1 of 9)",C-rich|Low_complexity|Low_complexity,333,NM_001039198,239102,,NM_001039198,ENSMUSG00000040721,Zfhx2,ZFH-5,zinc finger homeobox 2,protein-coding
672,chr12,108835535,108836223,+,0,NA,promoter-TSS (NM_181328),promoter-TSS (NM_181328),-3,NM_181328,214663,,NM_181328,ENSMUSG00000021265,Slc25a29,C030003J19Rik|CACL|mCACL,"solute carrier family 25 (mitochondrial carrier, palmitoylcarnitine transporter), member 29",protein-coding
2859,chr8,124662894,124663376,+,0,NA,"exon (NM_175149, exon 1 of 4)","exon (NM_175149, exon 1 of 4)",234,NM_175149,69551,,NM_175149,ENSMUSG00000031983,2310022B05Rik,-,RIKEN cDNA 2310022B05 gene,protein-coding
137,chr1,134415547,134416103,+,0,NA,"5' UTR (NM_001306069, exon 1 of 8)","5' UTR (NM_001306069, exon 1 of 8)",161,NM_001306069,72674,,NM_028320,ENSMUSG00000026457,Adipor1,2810031L11Rik|ACDCR1|CGI-45|Paqr1,adiponectin receptor 1,protein-coding
1095,chr16,17576510,17576796,+,0,NA,promoter-TSS (NM_144852),promoter-TSS (NM_144852),-3,NM_001359892,224022,,NM_144852,ENSMUSG00000022756,Slc7a4,-,"solute carrier family 7 (cationic amino acid transporter, y+ system), member 4",protein-coding
3099,chrX,93980597,93981025,+,0,NA,Intergenic,CpG,12155,NR_028320,385493,,NM_001033480,ENSMUSG00000081044,AU015836,-,expressed sequence AU015836,ncRNA
2064,chr4,133010730,133011803,+,0,NA,promoter-TSS (NM_146155),promoter-TSS (NM_146155),-240,NM_146155,230793,,NM_146155,ENSMUSG00000037692,Ahdc1,D030015G18Rik,"AT hook, DNA binding motif, containing 1",protein-coding
2043,chr4,126286245,126287371,+,0,NA,promoter-TSS (NM_199473),promoter-TSS (NM_199473),14,NM_199473,329941,,NM_199473,ENSMUSG00000056174,Col8a2,-,"collagen, type VIII, alpha 2",protein-coding
2216,chr5,99728635,99729379,+,0,NA,promoter-TSS (NR_030692),promoter-TSS (NR_030692),53,NR_030692,319818,,NR_030692,ENSMUSG00000089809,A930011G23Rik,-,RIKEN cDNA A930011G23 gene,ncRNA
534,chr11,115858685,115860258,+,0,NA,"exon (NM_001384233, exon 1 of 64)","exon (NM_001384233, exon 1 of 64)",1546,NM_001384233,217328,,NM_001384233,ENSMUSG00000034427,Myo15b,E330039G21Rik|Gm688|Gm886|mKIAA1783,myosin XVB,protein-coding
973,chr15,35326402,35326906,+,0,NA,"intron (NR_045280, intron 1 of 2)",CpG,1881,NR_045280,100126269,,NR_045280,ENSMUSG00000115453,BC048602,-,cDNA sequence BC048602,ncRNA
158,chr1,164457628,164459085,+,0,NA,promoter-TSS (NM_009721),promoter-TSS (NM_009721),-1,NM_009721,11931,,NM_009721,ENSMUSG00000026576,Atp1b1,Atp4b|Atpb|Atpb-1|NKbeta1,"ATPase, Na+/K+ transporting, beta 1 polypeptide",protein-coding
1866,chr3,122619053,122620330,+,0,NA,promoter-TSS (NM_001114665),promoter-TSS (NM_001114665),23,NM_153118,214459,,NM_153118,ENSMUSG00000039735,Fnbp1l,2610318I01Rik|TOCA1|toca-1,formin binding protein 1-like,protein-coding
1431,chr19,23892444,23894020,+,0,NA,"exon (NM_177034, exon 2 of 13)","exon (NM_177034, exon 2 of 13)",134356,NM_177034,319924,,NM_177034,ENSMUSG00000024897,Apba1,6430513E09Rik|Lin-10|Mint|Mint1|Urop11|X11|X11alpha,amyloid beta precursor protein binding family A member 1,protein-coding
700,chr13,9276876,9277188,+,0,NA,"exon (NM_001081426, exon 1 of 37)","exon (NM_001081426, exon 1 of 37)",507,NM_001081426,208440,,NM_172459,ENSMUSG00000048264,Dip2c,2900024P20Rik|9630044M06|mKIAA0934,disco interacting protein 2 homolog C,protein-coding
2807,chr8,123042244,123042635,+,0,NA,promoter-TSS (NR_045268),promoter-TSS (NR_045268),-136,NR_045268,100503178,,NR_045268,ENSMUSG00000099881,2810013P06Rik,-,RIKEN cDNA 2810013P06 gene,ncRNA
712,chr13,21180203,21180963,+,0,NA,"exon (NM_009054, exon 1 of 8)","exon (NM_009054, exon 1 of 8)",652,NM_009054,19720,,NM_009054,ENSMUSG00000021326,Trim27,Gm19403|Rfp,tripartite motif-containing 27,protein-coding
647,chr12,87299916,87300190,+,0,NA,promoter-TSS (NM_001290302),promoter-TSS (NM_001290302),-348,NM_001290302,217738,,NM_001290302,ENSMUSG00000050671,Ism2,Gm264|Thsd3,isthmin 2,protein-coding
1996,chr4,103119557,103120129,+,0,NA,"intron (NM_001039081, intron 1 of 12)",CpG,453,NM_001039081,71148,,NM_027696,ENSMUSG00000028522,Mier1,4933425I22Rik|5830411K19Rik|er1,MEIR1 treanscription regulator,protein-coding
1744,chr3,17786455,17786920,+,0,NA,Intergenic,CpG,-3234,NR_033490,70441,,NR_033490,ENSMUSG00000100252,Mir124-2hg,100040120|2610100L16Rik|6430547I21Rik|A930005K07Rik|Gm2612,Mir124-2 host gene (non-protein coding),ncRNA
2426,chr6,125494818,125495216,+,0,NA,promoter-TSS (NM_007657),promoter-TSS (NM_007657),-257,NM_007657,12527,,NM_007657,ENSMUSG00000030342,Cd9,Tspan29,CD9 antigen,protein-coding
226,chr10,45067125,45067653,+,0,NA,"intron (NM_011156, intron 1 of 14)",CpG,173,NM_011156,19072,,NM_011156,ENSMUSG00000019849,Prep,D10Wsu136e|PE|PEP|Pop,prolyl endopeptidase,protein-coding
838,chr14,13694065,13694367,+,0,NA,Intergenic,L1Md_T|LINE|L1,23340,NM_177624,218739,,NM_177624,ENSMUSG00000044772,Sntn,A430083B19Rik,"sentan, cilia apical structure protein",protein-coding
181,chr1,180696108,180697654,+,0,NA,"exon (NM_013729, exon 1 of 2)","exon (NM_013729, exon 1 of 2)",153,NM_013729,27217,,NM_013729,ENSMUSG00000026497,Mixl1,Mm1|Mml,Mix paired-like homeobox,protein-coding
1615,chr2,104711894,104712160,+,0,NA,"non-coding (NR_166704, exon 1 of 1)","non-coding (NR_166704, exon 1 of 1)",135,NM_177190,320554,,NM_177190,ENSMUSG00000027175,Tcp11l1,C130096D04Rik,t-complex 11 like 1,protein-coding
2640,chr7,138940792,138941153,+,0,NA,"intron (NM_028708, intron 1 of 19)",CpG,242,NM_028708,74004,,NM_028708,ENSMUSG00000056856,Jakmip3,6330417G02Rik|mKIAA4091,janus kinase and microtubule interacting protein 3,protein-coding
329,chr11,23666123,23666380,+,0,NA,promoter-TSS (NM_023651),promoter-TSS (NM_023651),259,NR_156455,74467,,NM_028304,ENSMUSG00000020280,Pus10,2810013G11Rik|4933435A13Rik|Ccdc139,pseudouridylate synthase 10,protein-coding
2742,chr8,83876235,83876509,+,0,NA,Intergenic,GC_rich|Low_complexity|Low_complexity,23355,NR_166528,105243235,,NR_166528,,Gm26721,-,"predicted gene, 26721",ncRNA
689,chr12,112976443,112976703,+,0,NA,promoter-TSS (NM_201646),promoter-TSS (NM_201646),10,NM_201646,399566,,NM_201646,ENSMUSG00000002803,Btbd6,-,BTB domain containing 6,protein-coding
1956,chr4,55532747,55533246,+,0,NA,promoter-TSS (NM_010637),promoter-TSS (NM_010637),-521,NM_010637,16600,,NM_010637,ENSMUSG00000003032,Klf4,EZF|Gklf|Zie,Kruppel-like transcription factor 4 (gut),protein-coding
1387,chr18,80150839,80151438,+,0,NA,"intron (NM_175028, intron 1 of 3)","intron (NM_175028, intron 1 of 3)",344,NM_175028,240442,,NM_175028,ENSMUSG00000053950,Adnp2,8430420L05Rik|Kiaa0863|Zfp508|mKIAA0863,ADNP homeobox 2,protein-coding
1680,chr2,152396754,152397069,+,0,NA,"exon (NM_011438, exon 1 of 1)","exon (NM_011438, exon 1 of 1)",1135,NM_011438,20667,,NM_011438,ENSMUSG00000051817,Sox12,2010205A02Rik,SRY (sex determining region Y)-box 12,protein-coding
519,chr11,106085030,106085290,+,0,NA,"intron (NM_011947, intron 1 of 15)",CpG,573,NM_011947,26406,,NM_011947,ENSMUSG00000020700,Map3k3,MAPKKK3|Mekk3|mKIAA4031,mitogen-activated protein kinase kinase kinase 3,protein-coding
813,chr13,112993644,112994215,+,0,NA,promoter-TSS (NM_001037914),promoter-TSS (NM_001037914),61,NM_001037914,622408,,NM_001037914,ENSMUSG00000074651,Mcidas,EG622408|Gm6320|Idas|Mci|Mcin,multiciliate differentiation and DNA synthesis associated cell cycle protein,protein-coding
2663,chr8,4166650,4166903,+,0,NA,"intron (NM_001368792, intron 1 of 19)",CpG,209,NM_001368794,213027,,NM_153536,ENSMUSG00000011832,Evi5l,1700084G18Rik|2310039H16Rik|3110007G05Rik|B130050I23Rik,ecotropic viral integration site 5 like,protein-coding
2097,chr4,145640803,145641420,+,0,NA,Intergenic,CpG,-29586,NM_001103158,100041379,,NM_001103158,ENSMUSG00000058186,Zfp980,Gm13242,zinc finger protein 980,protein-coding
2604,chr7,112953976,112955129,+,0,NA,"exon (NM_175279, exon 1 of 1)","exon (NM_175279, exon 1 of 1)",590,NM_175279,78748,,NM_175279,ENSMUSG00000098132,Rassf10,4632411J06Rik,Ras association (RalGDS/AF-6) domain family (N-terminal) member 10,protein-coding
2704,chr8,52837298,52837588,+,0,NA,Intergenic,L1Md_T|LINE|L1,480832,NR_151738,330767,,NR_151738,ENSMUSG00000110013,1190028D05Rik,-,RIKEN cDNA 1190028D05 gene,ncRNA
1124,chr16,45158971,45159238,+,0,NA,promoter-TSS (NM_028756),promoter-TSS (NM_028756),275,NM_026402,67841,,NM_026402,ENSMUSG00000022663,Atg3,2610016C12Rik|APG3|Apg3l|Atg3l|PC3-96,autophagy related 3,protein-coding
1819,chr3,90052784,90053127,+,0,NA,promoter-TSS (NM_028475),promoter-TSS (NM_028475),153,NM_001287086,99650,,NM_025762,ENSMUSG00000027942,4933434E20Rik,5730552F22Rik|NICE-3|NS5ATP4,RIKEN cDNA 4933434E20 gene,protein-coding
2875,chr9,3023530,3024556,+,0,NA,Intergenic,GSAT_MM|Satellite|Satellite,14700,NR_039546,100628572,,NR_039546,ENSMUSG00000106183,Mir101c,mir-101c|mmu-mir-101c,microRNA 101c,ncRNA
1005,chr15,77841452,77841865,+,0,NA,"intron (NM_022410, intron 1 of 40)",CpG,517,NM_022410,17886,,NM_022410,ENSMUSG00000022443,Myh9,Fltn|Myhn-1|Myhn1|NMHC II-A|NMHCIIA|NMMHC-A|NMMHC-IIA|TU72.6,"myosin, heavy polypeptide 9, non-muscle",protein-coding
2615,chr7,122289394,122289745,+,0,NA,"intron (NM_008855, intron 1 of 16)",CpG,444,NM_001316672,18751,,NM_008855,ENSMUSG00000052889,Prkcb,PKC-B|PKC-Beta|Pkcb|Prkcb1|Prkcb2,"protein kinase C, beta",protein-coding
1072,chr15,103102371,103102615,+,0,NA,Intergenic,CpG,44335,NR_045743,432989,,NR_045743,ENSMUSG00000097003,D930007P13Rik,-,Riken cDNA D930007P13 gene,ncRNA
1749,chr3,27370973,27371376,+,0,NA,promoter-TSS (NM_177330),promoter-TSS (NM_177330),-177,NM_177330,208188,,NM_177330,ENSMUSG00000051136,Ghsr,C530020I22Rik|GHRP|GHS-R|Ghsr1a,growth hormone secretagogue receptor,protein-coding
2333,chr6,47749497,47749682,+,0,NA,Intergenic,RMER12B|LTR|ERVK,3336,NR_002841,19799,,NR_002841,,Rn4.5s,-,4.5S RNA,rRNA
1383,chr18,76241209,76241656,+,0,NA,promoter-TSS (NM_010754),promoter-TSS (NM_010754),-269,NM_010754,17126,,NM_010754,ENSMUSG00000024563,Smad2,7120426M23Rik|Madh2|Madr2|Smad-2|mMad2,SMAD family member 2,protein-coding
694,chr13,3109739,3110024,+,0,NA,Intergenic,L1Md_Gf|LINE|L1,-39594,NR_001581,73266,,NM_028486,ENSMUSG00000121349,Speer6-ps1,1700039A02Rik|Alb-cre|Alb<cre>|AlbCre|SPEER-6|Tg(Alb-cre)21Mgn|albumin-cre|cr<Alb>,"spermatogenesis associated glutamate (E)-rich protein 6, pseudogene 1",pseudo
733,chr13,45001457,45002082,+,0,NA,"intron (NM_025772, intron 1 of 9)",CpG,327,NM_025772,94245,,NM_025772,ENSMUSG00000057531,Dtnbp1,5430437B18Rik|Bloc1s8|dysbindin|sdy,dystrobrevin binding protein 1,protein-coding
770,chr13,65402234,65402546,+,0,NA,Intergenic,Lx4B|LINE|L1,-53796,NM_001371118,665738,,NM_001371118,,Gm7762,-,predicted gene 7762,protein-coding
1699,chr2,163203194,163204680,+,0,NA,promoter-TSS (NM_001363063),promoter-TSS (NM_001363063),-249,NM_001372580,269389,,NM_001098799,ENSMUSG00000074607,Tox2,Gcx1|RxHMG1,TOX high mobility group box family member 2,protein-coding
1591,chr2,79635541,79635914,+,0,NA,"exon (NM_080558, exon 1 of 18)","exon (NM_080558, exon 1 of 18)",302,NM_080558,70599,,NM_080558,ENSMUSG00000027007,Itprid2,5730488C15Rik|CS-1|CS1|KRAP|SPAG13|Ssfa2|mKIAA1927,ITPR interacting domain containing 2,protein-coding
543,chr11,116852583,116853076,+,0,NA,promoter-TSS (NM_001361585),promoter-TSS (NM_001361585),265,NM_011358,20382,,NM_011358,ENSMUSG00000034120,Srsf2,D11Wsu175e|MRF-1|Pr264|SC35|Sfrs10|Sfrs2,serine and arginine-rich splicing factor 2,protein-coding
1268,chr17,63863279,63863747,+,0,NA,promoter-TSS (NM_001037997),promoter-TSS (NM_001037997),-468,NM_001037997,14158,,NM_008000,ENSMUSG00000000127,Fer,C330004K01Rik|Fert|Fert2,FER tyrosine kinase,protein-coding
2806,chr8,122678336,122678919,+,0,NA,promoter-TSS (NM_177289),promoter-TSS (NM_177289),-452,NM_001109873,12398,,NM_009824,ENSMUSG00000006362,Cbfa2t3,A630044F12Rik|Cbfa2t3h|ETO-2|Eto2|MTGR2,CBFA2/RUNX1 translocation partner 3,protein-coding
1345,chr18,39489253,39490873,+,0,NA,promoter-TSS (NM_008173),promoter-TSS (NM_008173),-287,NM_001361211,14815,,NM_008173,ENSMUSG00000024431,Nr3c1,GR|Grl-1|Grl1,"nuclear receptor subfamily 3, group C, member 1",protein-coding
361,chr11,57518387,57518748,+,0,NA,promoter-TSS (NM_026342),promoter-TSS (NM_026342),77,NM_026342,67726,,NM_026342,ENSMUSG00000020523,Fam114a2,1810073G14Rik|9030624B09Rik,"family with sequence similarity 114, member A2",protein-coding
547,chr11,119034041,119034408,+,0,NA,Intergenic,Intergenic,6689,NM_013926,30951,,NM_013926,ENSMUSG00000025578,Cbx8,Pc3,chromobox 8,protein-coding
1362,chr18,58209573,58210393,+,0,NA,promoter-TSS (NM_010181),promoter-TSS (NM_010181),-57,NM_010181,14119,,NM_010181,ENSMUSG00000024598,Fbn2,Fib-2|mKIAA4226|sne|sy,fibrillin 2,protein-coding
2540,chr7,46396891,46398291,+,0,NA,"5' UTR (NM_001112739, exon 1 of 4)","5' UTR (NM_001112739, exon 1 of 4)",1123,NM_001112739,16502,,NM_008421,ENSMUSG00000058975,Kcnc1,C230009H10Rik|KShIIIB|KV4|Kcr2-1|Kv3.1|NGK2|Shaw,"potassium voltage gated channel, Shaw-related subfamily, member 1",protein-coding
1382,chr18,75696753,75697636,+,0,NA,"intron (NM_201354, intron 1 of 11)",CpG,502,NM_201354,269037,,NM_201354,ENSMUSG00000052928,Ctif,Gm672,CBP80/20-dependent translation initiation factor,protein-coding
1666,chr2,146839060,146839443,+,0,NA,Intergenic,Intergenic,-16629,NM_001033298,228730,,NM_001033298,ENSMUSG00000074749,Kiz,Gm114|Ncrna00153|Plk1s1,kizuna centrosomal protein,protein-coding
1189,chr17,24205579,24206652,+,0,NA,promoter-TSS (NM_001163848),promoter-TSS (NM_001163848),-553,NM_001163849,224617,,NM_173186,ENSMUSG00000036473,Tbc1d24,9630033P11|C530046L02Rik|mKIAA1171,"TBC1 domain family, member 24",protein-coding
270,chr10,94943576,94944597,+,0,NA,"exon (NM_018797, exon 1 of 31)","exon (NM_018797, exon 1 of 31)",759,NM_018797,54712,,NM_018797,ENSMUSG00000074785,Plxnc1,2510048K12Rik|CD232|Vespr,plexin C1,protein-coding
676,chr12,110278853,110280243,+,0,NA,"exon (NM_172119, exon 1 of 1)","exon (NM_172119, exon 1 of 1)",318,NM_172119,107585,,NM_172119,ENSMUSG00000075707,Dio3,-,"deiodinase, iodothyronine type III",protein-coding
2144,chr5,24387925,24388228,+,0,NA,"exon (NM_001002897, exon 6 of 14)","exon (NM_001002897, exon 6 of 14)",4067,NM_001002897,213948,,NM_001002897,ENSMUSG00000038295,Atg9b,Apg912|Apg9l2|Apgdc2|Gm574|Nos3as|eONE|sONE,autophagy related 9B,protein-coding
1802,chr3,86335693,86335811,+,0,NA,"intron (NM_030695, intron 22 of 56)",L1Md_T|LINE|L1,111062,NM_001077688,80877,,NM_030695,ENSMUSG00000028080,Lrba,D3Ertd775e|Lab300|Lba,LPS-responsive beige-like anchor,protein-coding
303,chr10,127666996,127668286,+,0,NA,promoter-TSS (NM_001122895),promoter-TSS (NM_001122895),518,NR_045171,72243,,NR_045171,ENSMUSG00000040195,1700012D01Rik,-,RIKEN cDNA 1700012D01 gene,ncRNA
786,chr13,91741441,91741794,+,0,NA,promoter-TSS (NM_028790),promoter-TSS (NM_028790),96,NM_028790,74156,,NM_028790,ENSMUSG00000021620,Acot12,1300004O04Rik|4930449F15Rik|CACH-1|Cach|mCACH-1,acyl-CoA thioesterase 12,protein-coding
3105,chrX,97976328,97976380,+,0,NA,Intergenic,L1Md_F|LINE|L1,-172403,NM_013476,11835,,NM_013476,ENSMUSG00000046532,Ar,Tfm,androgen receptor,protein-coding
2484,chr7,25314636,25316031,+,0,NA,"intron (NM_183311, intron 14 of 14)",CpG,-1831,NM_001160400,269878,,NM_001160400,ENSMUSG00000045039,Megf8,Egfl4|b2b1702.2Clo|b2b1702Clo|b2b288Clo|m687Ddg|mKIAA0817,multiple EGF-like-domains 8,protein-coding
1697,chr2,160911679,160912484,+,0,NA,"exon (NM_001291145, exon 1 of 4)","exon (NM_001291145, exon 1 of 4)",258,NM_182840,280635,,NM_182840,ENSMUSG00000050700,Emilin3,1110013O17Rik|EMILIN-3|EMILIN-5|EMILIN-T|Emilin5,elastin microfibril interfacer 3,protein-coding
1044,chr15,93595203,93595641,+,0,NA,"intron (NM_001033217, intron 1 of 7)",CpG,480,NM_001033217,106042,,NM_001033217,ENSMUSG00000036158,Prickle1,1110058P22Rik|Pk1|Prickle|b2b019Clo|mpk1,prickle planar cell polarity protein 1,protein-coding
2682,chr8,25200833,25201451,+,0,NA,"exon (NM_177089, exon 1 of 13)","exon (NM_177089, exon 1 of 13)",400,NM_177089,320165,,NM_177089,ENSMUSG00000065954,Tacc1,4833447E04Rik|B230378H13Rik,"transforming, acidic coiled-coil containing protein 1",protein-coding
398,chr11,70237947,70238211,+,0,NA,promoter-TSS (NM_001177607),promoter-TSS (NM_001177607),-165,NM_026757,104457,,NM_026757,ENSMUSG00000020831,0610010K14Rik,1110020A23Rik|Bap18,RIKEN cDNA 0610010K14 gene,protein-coding
619,chr12,71137112,71137545,+,0,NA,promoter-TSS (NM_001286203),promoter-TSS (NM_001286203),480,NM_029818,76967,,NM_029818,ENSMUSG00000034601,2700049A03Rik,Ta3|Talpid3|mKIAA0586,RIKEN cDNA 2700049A03 gene,protein-coding
2772,chr8,104630470,104631249,+,0,NA,"exon (NM_019662, exon 2 of 5)","exon (NM_019662, exon 2 of 5)",430,NM_019662,56437,,NM_019662,ENSMUSG00000031880,Rrad,REM3|Rad,Ras-related associated with diabetes,protein-coding
1130,chr16,59600475,59601092,+,0,NA,"exon (NM_174848, exon 1 of 22)","exon (NM_174848, exon 1 of 22)",264,NM_174848,224273,,NM_174848,ENSMUSG00000022723,Crybg3,5031404N19|Gm9581,beta-gamma crystallin domain containing 3,protein-coding
393,chr11,69947407,69949167,+,0,NA,promoter-TSS (NM_001359114),promoter-TSS (NM_001359114),-90,NM_001359114,20528,,NM_009204,ENSMUSG00000018566,Slc2a4,GT2|Glut-4|Glut4|twgy,"solute carrier family 2 (facilitated glucose transporter), member 4",protein-coding
495,chr11,101082114,101082531,+,0,NA,promoter-TSS (NM_001305982),promoter-TSS (NM_001305982),-243,NR_155015,71743,,NM_027896,ENSMUSG00000001755,Coasy,1300003G02Rik|Dpck|Ppat|Ukr1,Coenzyme A synthase,protein-coding
2198,chr5,73651069,73651397,+,0,NA,promoter-TSS (NM_178387),promoter-TSS (NM_178387),-147,NM_178387,73472,,NM_178387,ENSMUSG00000029155,Spata18,1700067I02Rik|Mieap,spermatogenesis associated 18,protein-coding
1662,chr2,144009839,144011387,+,0,NA,"intron (NM_133626, intron 1 of 2)",CpG,650,NM_133626,81910,,NM_024281,ENSMUSG00000027422,Rrbp1,1700087N07Rik|5730465C04Rik|ES/130|mKIAA1398|mRRp0|mRRp1.8|mRRp10|mRRp15a|mRRp15b|mRRp16.8|mRRp2|mRRp41|mRRp47|mRRp5.4|p180,ribosome binding protein 1,protein-coding
1048,chr15,98789465,98790282,+,0,NA,promoter-TSS (NM_021279),promoter-TSS (NM_021279),16,NM_021279,22408,,NM_021279,ENSMUSG00000022997,Wnt1,Int-1|Wnt-1|sw|swaying,"wingless-type MMTV integration site family, member 1",protein-coding
2671,chr8,14095915,14096770,+,0,NA,"intron (NM_001145965, intron 1 of 14)",CpG,467,NM_001145965,244310,,NM_172910,ENSMUSG00000047495,Dlgap2,6430596N04Rik|Dap-2|Dap2|Sapap2,DLG associated protein 2,protein-coding
1751,chr3,30595262,30595537,+,0,NA,Intergenic,CpG,4471,NM_029690,76652,,NM_029690,ENSMUSG00000037737,Actrt3,1700119I24Rik|ARP-T3|Arpm1,actin related protein T3,protein-coding
109,chr1,93512188,93512567,+,0,NA,"intron (NM_145519, intron 1 of 26)","intron (NM_145519, intron 1 of 26)",273,NM_145519,227377,,NM_145519,ENSMUSG00000034066,Farp2,D030026M03Rik|Fir|mKIAA0793,"FERM, RhoGEF and pleckstrin domain protein 2",protein-coding
1886,chr3,138442572,138443073,+,0,NA,promoter-TSS (NM_007410),promoter-TSS (NM_007410),-271,NM_007410,11532,,NM_007410,ENSMUSG00000028138,Adh5,Adh-5|Adh3|GSNOR,"alcohol dehydrogenase 5 (class III), chi polypeptide",protein-coding
631,chr12,81332742,81333371,+,0,NA,"5' UTR (NM_001167920, exon 1 of 7)","5' UTR (NM_001167920, exon 1 of 7)",124,NM_080440,110893,,NM_080440,ENSMUSG00000079055,Slc8a3,Ncx3,"solute carrier family 8 (sodium/calcium exchanger), member 3",protein-coding
1968,chr4,68953733,68953984,+,0,NA,"intron (NM_019967, intron 1 of 7)",CpG,539,NM_019967,56710,,NM_019967,ENSMUSG00000028351,Brinp1,BRINP|Dbc1|Dbccr1|Fam5a,bone morphogenic protein/retinoic acid inducible neural specific 1,protein-coding
1904,chr3,158561851,158562118,+,0,NA,promoter-TSS (NM_001291453),promoter-TSS (NM_001291453),-223,NM_001291452,242274,,NM_001081358,ENSMUSG00000028176,Lrrc7,B230334C09Rik|densin|mKIAA1365,leucine rich repeat containing 7,protein-coding
2716,chr8,69888952,69889359,+,0,NA,"intron (NM_001353930, intron 4 of 5)",CpG-14066,-1763,NM_026818,68709,,NM_026818,ENSMUSG00000044006,Cilp2,1110031K21Rik|CLIP-2,cartilage intermediate layer protein 2,protein-coding
582,chr12,29937788,29938485,+,0,NA,promoter-TSS (NM_181395),promoter-TSS (NM_181395),100,NM_181395,69675,,NM_177804,ENSMUSG00000020674,Pxdn,2310075M15Rik|E330004E07|VPO1|mKIAA0230,peroxidasin,protein-coding
1603,chr2,91975460,91976329,+,0,NA,Intergenic,CpG,-12331,NM_138306,104418,,NM_138306,ENSMUSG00000040479,Dgkz,E130307B02Rik|F730209L11Rik|mDGK[z],diacylglycerol kinase zeta,protein-coding
1169,chr17,3084179,3084776,+,0,NA,promoter-TSS (NR_003519),promoter-TSS (NR_003519),-294,NR_003519,328734,,NR_003519,,Pisd-ps2,D030013I16Rik,"phosphatidylserine decarboxylase, pseudogene 2",pseudo
2042,chr4,126148211,126149015,+,0,NA,"5' UTR (NM_172145, exon 1 of 3)","5' UTR (NM_172145, exon 1 of 3)",610,NM_172145,230752,,NM_172145,ENSMUSG00000050212,Eva1b,2610027C15Rik|Fam176b,eva-1 homolog B,protein-coding
693,chr12,118848687,118849898,+,0,NA,"exon (NM_001379380, exon 2 of 2)","exon (NM_001379380, exon 2 of 2)",1733,NM_001379380,320145,,NM_177082,ENSMUSG00000048562,Sp8,D930049B17Rik|mBtd,trans-acting transcription factor 8,protein-coding
1717,chr2,168280650,168281810,+,0,NA,promoter-TSS (NM_001081134),promoter-TSS (NM_001081134),-124,NM_001081134,241794,,NM_001081134,ENSMUSG00000074575,Kcng1,-,"potassium voltage-gated channel, subfamily G, member 1",protein-coding
1038,chr15,89765430,89765755,+,0,NA,Intergenic,Intergenic,-2023,NR_165497,102640133,,NR_165497,,Gm19378,-,"predicted gene, 19378",ncRNA
1174,chr17,6476331,6477081,+,0,NA,Intergenic,CpG,-25712,NR_033520,547127,,NM_001045538,,Tmem181b-ps,Tmem181b,"transmembrane protein 181B, pseudogene",pseudo
3041,chr9,118040576,118041017,+,0,NA,promoter-TSS (NM_001378466),promoter-TSS (NM_001378466),63,NM_001378466,100039681,,NM_001378466,ENSMUSG00000032443,Zcwpw2,4930430K04Rik,"zinc finger, CW type with PWWP domain 2",protein-coding
828,chr14,5388743,5389473,+,0,NA,promoter-TSS (NM_001256886).2,promoter-TSS (NM_001256886).2,-34,NM_001256886,100041678,,NM_001256886,ENSMUSG00000096003,Gm3500,100041758|Gm3401,predicted gene 3500,protein-coding
2408,chr6,116460676,116461028,+,0,NA,"intron (NM_009662, intron 1 of 13)",CpG,326,NM_009662,11689,,NM_009662,ENSMUSG00000025701,Alox5,5-LO|5-LOX|5LO|5LX|F730011J02,arachidonate 5-lipoxygenase,protein-coding
3152,chrY,1480740,1481043,+,0,NA,Intergenic,L1Md_T|LINE|L1,-21109,NM_148943,107868,,NM_148943,ENSMUSG00000069044,Usp9y,Dffry|Fafl2,"ubiquitin specific peptidase 9, Y chromosome",protein-coding
2981,chr9,77754659,77755144,+,0,NA,"non-coding (NR_151778, exon 1 of 17)","non-coding (NR_151778, exon 1 of 17)",366,NR_151778,14629,,NM_010295,ENSMUSG00000032350,Gclc,D9Wsu168e|GLCL-H|Ggcs-hs|Glclc,"glutamate-cysteine ligase, catalytic subunit",protein-coding
1959,chr4,59581102,59581408,+,0,NA,promoter-TSS (NM_001301367),promoter-TSS (NM_001301367),-308,NM_001301367,72479,,NM_024255,ENSMUSG00000028383,Hsdl2,2610207I16Rik,hydroxysteroid dehydrogenase like 2,protein-coding
856,chr14,28505477,28505736,+,0,NA,"5' UTR (NM_009524, exon 1 of 5)","5' UTR (NM_009524, exon 1 of 5)",133,NM_009524,22418,,NM_009524,ENSMUSG00000021994,Wnt5a,8030457G12Rik|Wnt-5a,"wingless-type MMTV integration site family, member 5A",protein-coding
923,chr14,70443416,70443728,+,0,NA,promoter-TSS (NM_025945),promoter-TSS (NM_025945),62,NR_029802,723838,,NR_029802,ENSMUSG00000065528,Mir320,Mirn320|mir-320|mmu-mir-320,microRNA 320,ncRNA
625,chr12,76404443,76406174,+,0,NA,"exon (NM_008301, exon 1 of 1)","exon (NM_008301, exon 1 of 1)",938,NM_008301,15512,,NM_008301,ENSMUSG00000059970,Hspa2,70kDa|HSP70.2|HSP70A2|Hsp70-2,heat shock protein 2,protein-coding
2380,chr6,89643958,89644478,+,0,NA,"exon (NM_001178058, exon 1 of 16)","exon (NM_001178058, exon 1 of 16)",230,NM_001178059,232223,,NM_153162,ENSMUSG00000000811,Txnrd3,TGR|TR2,thioredoxin reductase 3,protein-coding
1877,chr3,127895625,127896026,+,0,NA,"intron (NM_027482, intron 1 of 1)","intron (NM_027482, intron 1 of 1)",498,NM_027482,70617,,NM_027482,ENSMUSG00000050549,Fam241a,2700063A17Rik|5730508B09Rik,"family with sequence similarity 241, member A",protein-coding
1585,chr2,75703300,75704694,+,0,NA,"intron (NR_132727, intron 1 of 1)",CpG,666,NM_010902,18024,,NM_010902,ENSMUSG00000015839,Nfe2l2,Nrf2,"nuclear factor, erythroid derived 2, like 2",protein-coding
925,chr14,70599456,70599709,+,0,NA,"intron (NM_194345, intron 1 of 16)",CpG,253,NM_194345,239170,,NM_194345,ENSMUSG00000022095,Fhip2b,Fam160b2|G430067P06Rik|Rai16,FHF complex subunit HOOK interacting protein 2B,protein-coding
814,chr13,113035111,113035473,+,0,NA,promoter-TSS (NM_001281487),promoter-TSS (NM_001281487),-87,NM_001281487,238896,,NM_001281487,ENSMUSG00000078926,Cdc20b,EG238896|EG622422,cell division cycle 20B,protein-coding
241,chr10,75316897,75317938,+,0,NA,promoter-TSS (NM_001331095),promoter-TSS (NM_001331095),-183,NM_001331095,11540,,NM_009630,ENSMUSG00000020178,Adora2a,A2AAR|A2aR|AA2AR|ARA2A,adenosine A2a receptor,protein-coding
1917,chr4,11704234,11704796,+,0,NA,promoter-TSS (NM_010276),promoter-TSS (NM_010276),68,NM_010276,14579,,NM_010276,ENSMUSG00000028214,Gem,-,GTP binding protein overexpressed in skeletal muscle,protein-coding
370,chr11,60210327,60210740,+,0,NA,promoter-TSS (NM_001358314),promoter-TSS (NM_001358314),-62,NM_001358314,20787,,NM_011480,ENSMUSG00000020538,Srebf1,ADD1|SREBP1|bHLHd1,sterol regulatory element binding transcription factor 1,protein-coding
1853,chr3,108653712,108654371,+,0,NA,"5' UTR (NM_001355632, exon 1 of 12)","5' UTR (NM_001355632, exon 1 of 12)",101,NM_001177770,229725,,NM_145543,ENSMUSG00000027884,Clcc1,Mclc,chloride channel CLIC-like 1,protein-coding
2665,chr8,12396252,12396838,+,0,NA,"exon (NM_009233, exon 1 of 1)","exon (NM_009233, exon 1 of 1)",1026,NM_009233,20664,,NM_009233,ENSMUSG00000096014,Sox1,Sox-1,SRY (sex determining region Y)-box 1,protein-coding
2927,chr9,45954635,45955151,+,0,NA,"exon (NM_001359653, exon 1 of 27)","exon (NM_001359653, exon 1 of 27)",356,NM_172257,214597,,NM_172257,ENSMUSG00000034908,Sidt2,B930096O19|CGI-40,"SID1 transmembrane family, member 2",protein-coding
2194,chr5,72914409,72915068,+,0,NA,"exon (NM_001113423, exon 1 of 8)","exon (NM_001113423, exon 1 of 8)",376,NM_153567,75991,,NM_153567,ENSMUSG00000036087,Slain2,5033405K12Rik|8030444K12Rik,"SLAIN motif family, member 2",protein-coding
730,chr13,38959990,38960675,+,0,NA,promoter-TSS (NR_131019),promoter-TSS (NR_131019),205,NM_001170430,108652,,NM_134060,ENSMUSG00000021432,Slc35b3,4921526O06Rik|CGI-19|PABST2|PAPST2,"solute carrier family 35, member B3",protein-coding
569,chr12,19360987,19361352,+,0,NA,Intergenic,L1Md_T|LINE|L1,-26701,NM_001384146,544848,,NM_001384145,,Gm5784,EG544848|Gm29737,predicted gene 5784,protein-coding
473,chr11,97279757,97280052,+,0,NA,"intron (NM_008942, intron 1 of 22)",CpG,672,NM_008942,19155,,NM_008942,ENSMUSG00000001441,Npepps,AAP-S|MP100|Psa|goku,aminopeptidase puromycin sensitive,protein-coding
2679,chr8,22706193,22706929,+,0,NA,promoter-TSS (NM_010546),promoter-TSS (NM_010546),22,NM_010546,16150,,NM_010546,ENSMUSG00000031537,Ikbkb,IKK-2|IKK-B|IKK-beta|IKK2|IKK[b]|IKKbeta|NFKBIKB,inhibitor of kappaB kinase beta,protein-coding
2876,chr9,3025493,3025915,+,0,NA,Intergenic,GSAT_MM|Satellite|Satellite,13039,NR_039546,100628572,,NR_039546,ENSMUSG00000106183,Mir101c,mir-101c|mmu-mir-101c,microRNA 101c,ncRNA
3071,chrX,9433706,9433992,+,0,NA,Intergenic,L1Md_A|LINE|L1,35475,NM_007807,13058,,NM_007807,ENSMUSG00000015340,Cybb,CGD91-phox|Cgd|Cyd|Nox2|gp91-1|gp91phox,"cytochrome b-245, beta polypeptide",protein-coding
1491,chr2,13010051,13010954,+,0,NA,"exon (NM_153155, exon 1 of 2)","exon (NM_153155, exon 1 of 2)",362,NM_153155,227580,,NM_153155,ENSMUSG00000049630,C1ql3,1110065A22Rik|Adij|C1ql|C1qtnf13|CTRP13|K100,C1q-like 3,protein-coding
1365,chr18,59175362,59176280,+,0,NA,"exon (NM_001081328, exon 1 of 3)","exon (NM_001081328, exon 1 of 3)",481,NM_001081328,78923,,NM_001081328,ENSMUSG00000058152,Chsy3,4833446K15Rik,chondroitin sulfate synthase 3,protein-coding
114,chr1,97661421,97662081,+,0,NA,promoter-TSS (NM_001355072),promoter-TSS (NM_001355072),-75,NM_001355073,52392,,NM_133825,ENSMUSG00000044768,Macir,D1Ertd622e,macrophage immunometabolism regulator,protein-coding
1082,chr16,10784262,10785300,+,0,NA,"exon (NM_009896, exon 2 of 2)","exon (NM_009896, exon 2 of 2)",755,NM_009896,12703,,NM_009896,ENSMUSG00000038037,Socs1,Cish1|Cish7|JAB|SOCS-1|SSI-1,suppressor of cytokine signaling 1,protein-coding
1932,chr4,40854317,40854634,+,0,NA,promoter-TSS (NR_165793),promoter-TSS (NR_165793),-491,NR_165793,14595,,NM_022305,ENSMUSG00000028413,B4galt1,"B-1,4-GalT|B-1,4-GalT1|GalT|Ggtb|Ggtb2|b4Gal-T1|beta-1,4-GalT|beta-1,4-GalT1|beta4Gal-T1","UDP-Gal:betaGlcNAc beta 1,4- galactosyltransferase, polypeptide 1",protein-coding
998,chr15,75969014,75969757,+,0,NA,"exon (NM_001347040, exon 1 of 4)","exon (NM_001347040, exon 1 of 4)",262,NM_001081065,69020,,NM_001081065,ENSMUSG00000034429,Zfp707,1500031N24Rik,zinc finger protein 707,protein-coding
1619,chr2,105672602,105672816,+,0,NA,"intron (NM_001244201, intron 1 of 11)",CpG,-2379,NR_002867,402728,,NR_002867,ENSMUSG00000086029,Pax6os1,4831410G09Rik|Pax6os,paired box 6 opposite strand 1,ncRNA
1337,chr18,35919843,35920553,+,0,NA,Intergenic,CpG,7066,NR_165176,115488923,,NR_165175,ENSMUSG00000118347,C330008A17Rik,-,RIKEN cDNA C330008A17 gene,ncRNA
1990,chr4,99656380,99657258,+,0,NA,"exon (NM_010425, exon 1 of 1)","exon (NM_010425, exon 1 of 1)",520,NM_010425,15221,,NM_010425,ENSMUSG00000067261,Foxd3,CWH3|Genesis|Hfh2,forkhead box D3,protein-coding
778,chr13,76383916,76385003,+,0,NA,"5' UTR (NM_030174, exon 1 of 21)","5' UTR (NM_030174, exon 1 of 21)",320,NM_030174,78771,,NM_030174,ENSMUSG00000021596,Mctp1,2810465F10Rik,"multiple C2 domains, transmembrane 1",protein-coding
1882,chr3,131302919,131303254,+,0,NA,"exon (NM_027816, exon 1 of 5)","exon (NM_027816, exon 1 of 5)",141,NM_027816,71519,,NM_027816,ENSMUSG00000027983,Cyp2u1,8430436A10Rik,"cytochrome P450, family 2, subfamily u, polypeptide 1",protein-coding
448,chr11,87986986,87987515,+,0,NA,promoter-TSS (NM_001168472),promoter-TSS (NM_001168472),283,NM_026556,68097,,NM_026556,ENSMUSG00000020483,Dynll2,1700064A15Rik|6720463E02Rik|DLC8|DLC8b|Dlc2,dynein light chain LC8-type 2,protein-coding
1102,chr16,18626202,18626661,+,0,NA,"intron (NM_213614, intron 2 of 11)",CpG,3507,NM_213614,18951,,NM_213614,ENSMUSG00000072214,Septin5,Cdcrel-1|Cdcrel1|Pnutl1|Sept5,septin 5,protein-coding
3140,chrX,159255786,159256160,+,0,NA,"5' UTR (NM_001346675, exon 1 of 24)","5' UTR (NM_001346675, exon 1 of 24)",191,NM_001346675,110651,,NM_148945,ENSMUSG00000031309,Rps6ka3,MAPKAPK-1b|MPK-9|Rsk2|S6K-alpha3|p90RSK3|pp90RSK2,ribosomal protein S6 kinase polypeptide 3,protein-coding
1543,chr2,35109121,35109541,+,0,NA,promoter-TSS (NM_012018),promoter-TSS (NM_012018),-161,NM_012018,26920,,NM_012018,ENSMUSG00000057110,Cntrl,6720467O09Rik|Cep1|Cep110|IB3/5|Ma2a8|b2b1468.1Clo|b2b1468Clo,centriolin,protein-coding
618,chr12,70938020,70938317,+,0,NA,"intron (NM_019785, intron 1 of 12)","intron (NM_019785, intron 1 of 12)",311,NM_019785,56444,,NM_019785,ENSMUSG00000021076,Actr10,Actr11|Arp11,ARP10 actin-related protein 10,protein-coding
2858,chr8,123623373,123624255,+,0,NA,Intergenic,(CTCG)n|Simple_repeat|Simple_repeat,-30115,NM_133955,69581,,NM_133955,ENSMUSG00000039960,Rhou,2310026M05Rik|Arhu|CDC42L1|G28K|WRCH-1|WRCH1|mG28K,ras homolog family member U,protein-coding
818,chr13,114460284,114460751,+,0,NA,Intergenic,Intergenic,-1566,NM_008046,14313,,NM_008046,ENSMUSG00000021765,Fst,FS,follistatin,protein-coding
1973,chr4,76449266,76450424,+,0,NA,"intron (NR_160919, intron 10 of 39)",CpG,-1047,NR_168523,105247151,,NR_168523,,Gm42303,Gm45260,"predicted gene, 42303",ncRNA
1808,chr3,87929935,87930702,+,0,NA,promoter-TSS (NM_153562),promoter-TSS (NM_153562),4,NM_177663,229504,,NM_177663,ENSMUSG00000048039,Isg20l2,4930429N24,interferon stimulated exonuclease gene 20-like 2,protein-coding
2661,chr7,144941548,144942318,+,0,NA,Intergenic,Intergenic,-2102,NM_001379248,12443,,NM_007631,ENSMUSG00000070348,Ccnd1,CycD1|Cyl-1|PRAD1|bcl-1|cD1,cyclin D1,protein-coding
2343,chr6,52233927,52234880,+,0,NA,"exon (NM_008263, exon 1 of 2)","exon (NM_008263, exon 1 of 2)",536,NM_008263,15395,,NM_008263,ENSMUSG00000000938,Hoxa10,Hox-1.8|Hoxa-10,homeobox A10,protein-coding
2847,chr8,123604796,123605541,+,0,NA,Intergenic,Intergenic,-39081,NR_046127,100861480,,NR_046127,ENSMUSG00000119748,Gm25018,Rn5s10,"predicted gene, 25018",rRNA
67,chr1,54925659,54926265,+,0,NA,"intron (NM_001081433, intron 1 of 27)",CpG,425,NM_001081433,329154,,NM_001081433,ENSMUSG00000052331,Ankrd44,4930444A19Rik|A130096K20|E130014H08Rik|PP6-ARS-B,ankyrin repeat domain 44,protein-coding
62,chr1,47629941,47630389,+,0,NA,Intergenic,L1Md_T|LINE|L1,-163040,NR_105768,102466969,,NR_105768,ENSMUSG00000098876,Mir6350,Gm27958|mmu-mir-6350,microRNA 6350,ncRNA
2349,chr6,54039662,54040033,+,0,NA,promoter-TSS (NM_001163640),promoter-TSS (NM_001163640),-85,NM_001163640,69993,,NM_023543,ENSMUSG00000004633,Chn2,1700026N20Rik|4930557O16Rik|ARHGAP3|Bch,chimerin 2,protein-coding
295,chr10,122866688,122866966,+,0,NA,"intron (NM_001110218, intron 5 of 9)","intron (NM_001110218, intron 5 of 9)",118897,NR_029527,387251,,NR_029527,ENSMUSG00000065406,Mirlet7i,Mirnlet7i|let-7i|mmu-let-7i,microRNA let7i,ncRNA
2878,chr9,3031690,3032950,+,0,NA,Intergenic,GSAT_MM|Satellite|Satellite,6423,NR_039546,100628572,,NR_039546,ENSMUSG00000106183,Mir101c,mir-101c|mmu-mir-101c,microRNA 101c,ncRNA
656,chr12,98900747,98901433,+,0,NA,"5' UTR (NM_001081191, exon 1 of 44)","5' UTR (NM_001081191, exon 1 of 44)",394,NM_001081191,319670,,NM_001081191,ENSMUSG00000051166,Eml5,C130068M19Rik,echinoderm microtubule associated protein like 5,protein-coding
541,chr11,116654316,116654629,+,0,NA,promoter-TSS (NM_030206),promoter-TSS (NM_030206),-159,NM_030206,114886,,NM_030206,ENSMUSG00000020810,Cygb,3110001K20Rik|HGb|Staap,cytoglobin,protein-coding
2102,chr4,146474763,146475629,+,0,NA,Intergenic,CpG,26166,NM_001085522,433791,,NM_001085522,ENSMUSG00000070605,Zfp992,Gm13251,zinc finger protein 992,protein-coding
2256,chr5,129942066,129942466,+,0,NA,"exon (NM_027121, exon 1 of 3)","exon (NM_027121, exon 1 of 3)",157,NM_027121,69568,,NM_027121,ENSMUSG00000066735,Vkorc1l1,2310024K08Rik,"vitamin K epoxide reductase complex, subunit 1-like 1",protein-coding
2037,chr4,124861524,124861782,+,0,NA,"exon (NM_001007573, exon 1 of 4)","exon (NM_001007573, exon 1 of 4)",518,NM_001007573,215090,,NM_001007573,ENSMUSG00000042763,Maneal,Gm50,"mannosidase, endo-alpha-like",protein-coding
1373,chr18,64340811,64341389,+,0,NA,"exon (NM_194268, exon 1 of 2)","exon (NM_194268, exon 1 of 2)",736,NM_194268,225631,,NM_194268,ENSMUSG00000045991,Onecut2,C730009D12|OC-2|Oc2,"one cut domain, family member 2",protein-coding
784,chr13,85844884,85845270,+,0,NA,Intergenic,L1Md_T|LINE|L1,201718,NM_007749,12867,,NM_007749,ENSMUSG00000017778,Cox7c,COXVIIc|Cox7c1,cytochrome c oxidase subunit 7C,protein-coding
1225,chr17,34187622,34188234,+,0,NA,promoter-TSS (NM_013585),promoter-TSS (NM_013585),372,NM_013683,21354,,NM_013683,ENSMUSG00000037321,Tap1,ABC17|APT1|Abcb2|Ham-1|Ham1|MTP1|PSF1|RING4|TAP|Tap-1|Y3,"transporter 1, ATP-binding cassette, sub-family B (MDR/TAP)",protein-coding
1514,chr2,27886260,27886989,+,0,NA,"5' UTR (NM_015734, exon 1 of 66)","5' UTR (NM_015734, exon 1 of 66)",199,NM_015734,12831,,NM_015734,ENSMUSG00000026837,Col5a1,-,"collagen, type V, alpha 1",protein-coding
2049,chr4,129188828,129189557,+,0,NA,promoter-TSS (NM_134151),promoter-TSS (NM_134151),284,NM_001379598,74648,,NM_029036,ENSMUSG00000040928,S100pbp,4930429A08Rik|S100pbpr,S100P binding protein,protein-coding
2921,chr9,44379523,44380026,+,0,NA,"intron (NM_021395, intron 1 of 25)",CpG,284,NM_021395,12282,,NM_021395,ENSMUSG00000032115,Hyou1,CBP-140|Cab140|Grp170|Orp150,hypoxia up-regulated 1,protein-coding
2365,chr6,83441192,83441715,+,0,NA,promoter-TSS (NR_028382),promoter-TSS (NR_028382),225,NM_183138,194388,,NM_183138,ENSMUSG00000034832,Tet3,B430006D22Rik|D230004J03Rik,tet methylcytosine dioxygenase 3,protein-coding
2368,chr6,84585211,84585752,+,0,NA,"intron (NM_175475, intron 2 of 6)",CpG-12217,8329,NM_175475,232174,,NM_175475,ENSMUSG00000063415,Cyp26b1,CP26|P450RAI-2,"cytochrome P450, family 26, subfamily b, polypeptide 1",protein-coding
2479,chr7,19604135,19604471,+,0,NA,promoter-TSS (NR_125835),promoter-TSS (NR_125835),58,NR_125835,53609,,NM_016680,ENSMUSG00000061028,Clasrp,Clasp|Sfrs16|Srsf16|Swap2,CLK4-associating serine/arginine rich protein,protein-coding
3138,chrX,151743113,151743835,+,0,NA,Intergenic,L1Md_T|LINE|L1,-59808,NM_021523,59026,,NM_021523,ENSMUSG00000025261,Huwe1,5430439H10Rik|Arf-bp1|C430014N20Rik|Gm1718|Ib772|LASU1|Mule|Ureb1,"HECT, UBA and WWE domain containing 1",protein-coding
1351,chr18,46849431,46850794,+,0,NA,promoter-TSS (NM_029008),promoter-TSS (NM_029008),73,NM_029008,74574,,NM_029008,ENSMUSG00000024481,Lvrn,4833403I15Rik|AP-Q|APQ|Aqpep,laeverin,protein-coding
349,chr11,51263189,51263730,+,0,NA,promoter-TSS (NM_001358280),promoter-TSS (NM_001358280),203,NM_001358281,193286,,NM_177567,ENSMUSG00000045942,Msantd5l,4930503F14,Myb/SANT DNA binding domain containing 5 like,protein-coding
901,chr14,56887177,56887523,+,0,NA,"intron (NM_001360643, intron 1 of 24)","intron (NM_001360643, intron 1 of 24)",507,NM_001360643,76007,,NM_029498,ENSMUSG00000021945,Zmym2,5830413P05Rik|FIM|MYM|RAMP|SCLL|Zfp198|Znf198,"zinc finger, MYM-type 2",protein-coding
480,chr11,98052010,98053500,+,0,NA,"intron (NM_146028, intron 1 of 10)",CpG,707,NM_146028,217154,,NM_146028,ENSMUSG00000017400,Stac2,24b2|24b2/STAC2,SH3 and cysteine rich domain 2,protein-coding
2265,chr5,135868248,135869249,+,0,NA,"intron (NM_021403, intron 12 of 14)",CpG,-19171,NM_013560,15507,,NM_013560,ENSMUSG00000004951,Hspb1,27kDa|Hsp25,heat shock protein 1,protein-coding
475,chr11,97440252,97440736,+,0,NA,Intergenic,CpG,-9666,NM_021493,58996,,NM_021493,ENSMUSG00000049807,Arhgap23,A330041B18Rik,Rho GTPase activating protein 23,protein-coding
1276,chr17,71475041,71475415,+,0,NA,"5' UTR (NM_028887, exon 1 of 48)","5' UTR (NM_028887, exon 1 of 48)",115,NM_028887,74355,,NM_028887,ENSMUSG00000024054,Smchd1,4931400A14Rik|MommeD1|mKIAA0650,SMC hinge domain containing 1,protein-coding
442,chr11,84879627,84880253,+,0,NA,promoter-TSS (NM_001362893),promoter-TSS (NM_001362893),-230,NM_025414,66196,,NM_025414,ENSMUSG00000020527,Myo19,1110055A02Rik|Myohd1,myosin XIX,protein-coding
104,chr1,89930542,89930866,+,0,NA,"exon (NM_010262, exon 1 of 2)","exon (NM_010262, exon 1 of 2)",472,NM_010262,14472,,NM_010262,ENSMUSG00000034486,Gbx2,D130058E05Rik|Gbx-2|MMoxA|Stra7,gastrulation brain homeobox 2,protein-coding
1658,chr2,133554319,133554802,+,0,NA,"exon (NM_007553, exon 2 of 3)","exon (NM_007553, exon 2 of 3)",2401,NM_007553,12156,,NM_007553,ENSMUSG00000027358,Bmp2,Bmp2a,bone morphogenetic protein 2,protein-coding
1763,chr3,40799983,40800560,+,0,NA,"non-coding (NR_045576, exon 1 of 16)","non-coding (NR_045576, exon 1 of 16)",320,NM_173169,20873,,NM_011495,ENSMUSG00000025758,Plk4,1700028H20|Sak|Stk18,polo like kinase 4,protein-coding
1607,chr2,98666697,98667190,+,0,NA,Intergenic,GSAT_MM|Satellite|Satellite,1199286,NM_178725,241568,,NM_178725,ENSMUSG00000050587,Lrrc4c,6430556C10Rik|NGL-1,leucine rich repeat containing 4C,protein-coding
76,chr1,60566298,60566707,+,0,NA,"intron (NM_001045513, intron 1 of 13)",CpG,263,NM_001045513,77300,,NM_001045513,ENSMUSG00000026014,Raph1,9430025M21Rik|C730009O10Rik|Lpd,Ras association (RalGDS/AF-6) and pleckstrin homology domains 1,protein-coding
2792,chr8,117158039,117158561,+,0,NA,"exon (NM_001081151, exon 1 of 11)","exon (NM_001081151, exon 1 of 11)",319,NM_001081151,209239,,NM_001081151,ENSMUSG00000052557,Gan,A330045G18|gigaxonin,giant axonal neuropathy,protein-coding
2538,chr7,45865956,45866730,+,0,NA,"exon (NM_008172, exon 1 of 12)","exon (NM_008172, exon 1 of 12)",338,NM_008172,14814,,NM_008172,ENSMUSG00000002771,Grin2d,GluN2D|NMDAR2D|NR2D,"glutamate receptor, ionotropic, NMDA2D (epsilon 4)",protein-coding
30,JH584304.1,111695,112348,+,0,NA,NA,NA,NA,NA,,,,,,,,
88,chr1,74855045,74855915,+,0,NA,"exon (NM_009872, exon 1 of 1)","exon (NM_009872, exon 1 of 1)",451,NM_009872,12570,,NM_009872,ENSMUSG00000090071,Cdk5r2,B230310J22Rik|p39,"cyclin dependent kinase 5, regulatory subunit 2",protein-coding
458,chr11,94991645,94992663,+,0,NA,"exon (NM_172261, exon 1 of 10)","exon (NM_172261, exon 1 of 10)",942,NM_172261,217124,,NM_172261,ENSMUSG00000038976,Ppp1r9b,SPL|Spn,"protein phosphatase 1, regulatory subunit 9B",protein-coding
2127,chr4,155694522,155695022,+,0,NA,"exon (NM_178699, exon 1 of 1)","exon (NM_178699, exon 1 of 1)",430,NM_178699,230991,,NM_178699,ENSMUSG00000074738,Fndc10,B930041F14Rik|MNCb-3966,fibronectin type III domain containing 10,protein-coding
2965,chr9,65390513,65391798,+,0,NA,"exon (NM_028974, exon 1 of 1)","exon (NM_028974, exon 1 of 1)",497,NM_028974,74492,,NM_028974,ENSMUSG00000054978,Kbtbd13,5430433E21Rik,kelch repeat and BTB (POZ) domain containing 13,protein-coding
2487,chr7,27273754,27274372,+,0,NA,"exon (NM_010950, exon 7 of 10)","exon (NM_010950, exon 7 of 10)",15302,NM_010950,18223,,NM_010950,ENSMUSG00000063160,Numbl,nbl,numb-like,protein-coding
2668,chr8,13757527,13757786,+,0,NA,promoter-TSS (NM_027276),promoter-TSS (NM_027276),0,NM_027276,69957,,NM_027276,ENSMUSG00000038416,Cdc16,2700071J12Rik|2810431D22Rik|APC6,CDC16 cell division cycle 16,protein-coding
336,chr11,33147445,33148273,+,0,NA,promoter-TSS (NM_008005),promoter-TSS (NM_008005),-459,NR_102395,14172,,NM_008005,ENSMUSG00000057967,Fgf18,D130055P09Rik|FGF-18|Fgf6a,fibroblast growth factor 18,protein-coding
1670,chr2,147194231,147194475,+,0,NA,"intron (NR_030769, intron 1 of 5)",CpG,6929,NR_108091,78068,,NR_108091,ENSMUSG00000053545,6430503K07Rik,-,RIKEN cDNA 6430503K07 gene,ncRNA
2793,chr8,117256287,117256635,+,0,NA,promoter-TSS (NM_001163262),promoter-TSS (NM_001163262),-558,NM_001163262,74440,,NM_028941,ENSMUSG00000034390,Cmip,4933407C03Rik|5830471E12Rik,c-Maf inducing protein,protein-coding
2545,chr7,57386396,57387391,+,0,NA,promoter-TSS (NR_033504),promoter-TSS (NR_033504),322,NM_008074,14407,,NM_008074,ENSMUSG00000055026,Gabrg3,6330406O05Rik|B230362M20Rik|Gabrg-3,"gamma-aminobutyric acid type A receptor, subunit gamma 3",protein-coding
1298,chr17,87745797,87747051,+,0,NA,"exon (NM_199251, exon 2 of 2)","exon (NM_199251, exon 2 of 2)",51570,NM_199251,210741,,NM_199251,ENSMUSG00000050138,Kcnk12,mntk1,"potassium channel, subfamily K, member 12",protein-coding
2325,chr6,40435564,40436193,+,0,NA,"exon (NM_001356375, exon 1 of 9)","exon (NM_001356375, exon 1 of 9)",257,NM_001356375,243780,,NM_133929,ENSMUSG00000037172,Dennd11,E330009J07Rik|Lchn|mKIAA1147,DENN domain containing 11,protein-coding
400,chr11,70432090,70432513,+,0,NA,promoter-TSS (NM_001271359),promoter-TSS (NM_001271359),-279,NM_001271360,216869,,NM_145429,ENSMUSG00000060216,Arrb2,Arr3,"arrestin, beta 2",protein-coding
1435,chr19,29047463,29048167,+,0,NA,"exon (NM_021299, exon 1 of 5)","exon (NM_021299, exon 1 of 5)",146,NM_021299,56248,,NM_021299,ENSMUSG00000024782,Ak3,AK-3|Ak3l|Ak3l1|Akl3l,adenylate kinase 3,protein-coding
658,chr12,99645232,99645624,+,0,NA,"intron (NR_166738, intron 1 of 1)",LSU-rRNA_Hsa|rRNA|rRNA,2332,NR_166738,105245440,,NR_166738,ENSMUSG00000113136,Gm19951,-,"predicted gene, 19951",ncRNA
1137,chr16,78576161,78576718,+,0,NA,"5' UTR (NM_001252438, exon 1 of 5)","5' UTR (NM_001252438, exon 1 of 5)",249,NM_001252439,67102,,NM_025967,ENSMUSG00000022864,D16Ertd472e,1700010I10Rik|2310009O17Rik|E330003K22Rik|Eurl,"DNA segment, Chr 16, ERATO Doi 472, expressed",protein-coding
1103,chr16,18776796,18777556,+,0,NA,"exon (NM_013805, exon 1 of 1)","exon (NM_013805, exon 1 of 1)",329,NM_013805,12741,,NM_013805,ENSMUSG00000041378,Cldn5,MBEC1|Tmvcf,claudin 5,protein-coding
302,chr10,127526141,127526807,+,0,NA,"exon (NM_183297, exon 2 of 2)","exon (NM_183297, exon 2 of 2)",-4030,NM_028230,108037,,NM_028230,ENSMUSG00000025403,Shmt2,2700043D08Rik|SHMT,serine hydroxymethyltransferase 2 (mitochondrial),protein-coding
3151,chrY,260740,263692,+,0,NA,Intergenic,Intergenic,56066,NR_126546,102631771,,NR_126546,ENSMUSG00000101492,Gm29089,-,predicted gene 29089,ncRNA
467,chr11,96447949,96448298,+,0,NA,"non-coding (NR_033524, exon 3 of 3)","non-coding (NR_033524, exon 3 of 3)",16424,NR_033524,100038600,,NR_033524,,Gm11529,-,predicted gene 11529,ncRNA
277,chr10,103028132,103028787,+,0,NA,"exon (NM_172553, exon 1 of 4)","exon (NM_172553, exon 1 of 4)",318,NM_172553,216285,,NM_172553,ENSMUSG00000036602,Alx1,C130005I02|Cart1,ALX homeobox 1,protein-coding
305,chr10,128194144,128194665,+,0,NA,promoter-TSS (NM_001285779),promoter-TSS (NM_001285779),-231,NM_001033264,216456,,NM_001033264,ENSMUSG00000044005,Gls2,A330074B06Rik|GA|GLS|Lga,"glutaminase 2 (liver, mitochondrial)",protein-coding
1500,chr2,19658358,19659309,+,0,NA,promoter-TSS (NR_033642),promoter-TSS (NR_033642),-936,NR_033642,100041244,,NR_033642,,Gm3230,-,predicted gene 3230,ncRNA
171,chr1,172311611,172312712,+,0,NA,promoter-TSS (NM_080419),promoter-TSS (NM_080419),-206,NM_080419,140559,,NM_080419,ENSMUSG00000038034,Igsf8,ESTM34|EWI-2|KCT-4|PGRL,"immunoglobulin superfamily, member 8",protein-coding
2027,chr4,120747741,120748222,+,0,NA,promoter-TSS (NM_001081142),promoter-TSS (NM_001081142),-582,NM_001081142,60613,,NM_001081142,ENSMUSG00000028631,Kcnq4,-,"potassium voltage-gated channel, subfamily Q, member 4",protein-coding
1526,chr2,30982231,30982786,+,0,NA,promoter-TSS (NM_144885),promoter-TSS (NM_144885),229,NM_028846,74270,,NM_028846,ENSMUSG00000026854,Usp20,1700055M05Rik|Vdu2,ubiquitin specific peptidase 20,protein-coding
1452,chr19,40894724,40895651,+,0,NA,TTS (NR_106167),TTS (NR_106167),482,NM_028319,72672,,NM_028319,ENSMUSG00000049164,Zfp518a,2810401C22Rik|6330417C12Rik|Zfp518|Znf518|Znf518a|mKIAA0335,zinc finger protein 518A,protein-coding
997,chr15,75910041,75910489,+,0,NA,promoter-TSS (NM_001285433),promoter-TSS (NM_001285433),530,NM_178646,105734,,NM_178646,ENSMUSG00000103906,Tigd5,-,tigger transposable element derived 5,protein-coding
1577,chr2,73280385,73280937,+,0,NA,Intergenic,Intergenic,8735,NM_001005343,381373,,NM_001005343,ENSMUSG00000068859,Sp9,-,trans-acting transcription factor 9,protein-coding
2841,chr8,123594530,123595397,+,0,NA,Intergenic,Intergenic,-28876,NR_046127,100861480,,NR_046127,ENSMUSG00000119748,Gm25018,Rn5s10,"predicted gene, 25018",rRNA
1420,chr19,10100940,10101703,+,0,NA,"exon (NM_019699, exon 1 of 12)","exon (NM_019699, exon 1 of 12)",182,NM_019699,56473,,NM_019699,ENSMUSG00000024665,Fads2,2900042M13Rik|Fads2a|Fadsd2,fatty acid desaturase 2,protein-coding
2941,chr9,54950728,54951411,+,0,NA,promoter-TSS (NM_145229),promoter-TSS (NM_145229),-115,NM_145229,246735,,NM_145229,ENSMUSG00000044820,AY074887,Mcpr1,cDNA sequence AY074887,protein-coding
2506,chr7,30444809,30445477,+,0,NA,"intron (NM_007467, intron 1 of 16)","intron (NM_007467, intron 1 of 16)",439,NM_007467,11803,,NM_007467,ENSMUSG00000006651,Aplp1,-,amyloid beta precursor like protein 1,protein-coding
1465,chr19,46304711,46305641,+,0,NA,promoter-TSS (NM_001177370),promoter-TSS (NM_001177370),439,NM_001177369,18034,,NM_019408,ENSMUSG00000025225,Nfkb2,NF-kappaB2|lyt|p49|p49/p100|p50B|p52,"nuclear factor of kappa light polypeptide gene enhancer in B cells 2, p49/p100",protein-coding
2596,chr7,101933489,101934099,+,0,NA,promoter-TSS (NM_001162974),promoter-TSS (NM_001162974),63,NM_001162974,69358,,NM_027053,ENSMUSG00000064307,Lrrc51,1700008D07Rik|Lrtomt,leucine rich repeat containing 51,protein-coding
946,chr14,113799404,113799724,+,0,NA,Intergenic,L1Md_A|LINE|L1,-1032401,NR_045661,75822,,NR_045661,ENSMUSG00000115320,4930524C18Rik,-,RIKEN cDNA 4930524C18 gene,ncRNA
1562,chr2,59160868,59161691,+,0,NA,promoter-TSS (NM_001362394),promoter-TSS (NM_001362394),429,NM_001362998,227937,,NM_026361,ENSMUSG00000026991,Pkp4,5031422I09Rik|9430019K17Rik|Armrp|p0071,plakophilin 4,protein-coding
2347,chr6,53083958,53084591,+,0,NA,Intergenic,(TTAGGG)n|Simple_repeat|Simple_repeat,-15650,NM_173406,231986,,NM_173406,ENSMUSG00000063568,Jazf1,C820002C15|Jaz1|Tip27,JAZF zinc finger 1,protein-coding
724,chr13,35038418,35038908,+,0,NA,Intergenic,(CACAG)n|Simple_repeat|Simple_repeat,-44519,NR_073427,23986,,NM_011868,ENSMUSG00000021417,Eci2,Acbd2|Drs1|Hca88|Peci,enoyl-Coenzyme A delta isomerase 2,protein-coding
50,chr1,36471737,36472287,+,0,NA,promoter-TSS (NR_168706),promoter-TSS (NR_168706),-243,NR_168706,102636368,,NR_168706,,Gm33454,-,"predicted gene, 33454",ncRNA
285,chr10,117147891,117148684,+,0,NA,"intron (NM_177798, intron 1 of 9)",CpG,187,NM_177798,327826,,NM_177798,ENSMUSG00000020170,Frs2,C330018A15Rik|FRS2-alpha|Frs2alpha|SNT-1|SNT1,fibroblast growth factor receptor substrate 2,protein-coding
3110,chrX,100007008,100007403,+,0,NA,"intron (NM_001177942, intron 1 of 7)",L1Md_A|LINE|L1,31599,NM_001177937,13607,,NM_010099,ENSMUSG00000059327,Eda,EDA1|Ed1|Eda-A1|Eda-A2|HED|Ta|Tnlg7c|XLHED|tabby,ectodysplasin-A,protein-coding
2905,chr9,27029528,27029805,+,0,NA,promoter-TSS (NM_178113),promoter-TSS (NM_178113),428,NM_178027,69091,,NM_178027,ENSMUSG00000031988,Vps26b,1810012I05Rik|2310075A12Rik,VPS26 retromer complex component B,protein-coding
1107,chr16,21205181,21205572,+,0,NA,"intron (NM_010143, intron 1 of 15)",CpG,581,NM_010143,13845,,NM_010143,ENSMUSG00000005958,Ephb3,Cek10|Etk2|HEK2|MDK5|Sek4|Tyro6|mDK-5,Eph receptor B3,protein-coding
855,chr14,27428817,27429384,+,0,NA,"exon (NM_001114879, exon 1 of 24)","exon (NM_001114879, exon 1 of 24)",266,NM_028945,218850,,NM_028945,ENSMUSG00000040651,Tasor,4732418E12|4933409E02Rik|D14Abb1e|Fam208a|MommeD6,transcription activation suppressor,protein-coding
869,chr14,35432771,35433403,+,0,NA,"intron (NM_008166, intron 8 of 15)",L1Md_T|LINE|L1,378891,NM_001033766,239036,,NM_001033766,ENSMUSG00000041068,4930596D02Rik,-,RIKEN cDNA 4930596D02 gene,protein-coding
1734,chr2,181459712,181460275,+,0,NA,promoter-TSS (NM_028125),promoter-TSS (NM_028125),-567,NM_028125,72147,,NM_027656,ENSMUSG00000027583,Zbtb46,2610019F01Rik|4933406L05Rik|BZEL|Btbd4,zinc finger and BTB domain containing 46,protein-coding
1418,chr19,8928916,8930181,+,0,NA,promoter-TSS (NM_009073),promoter-TSS (NM_009073),-115,NM_001374671,225898,,NM_144872,ENSMUSG00000071647,Eml3,Emap-3,echinoderm microtubule associated protein like 3,protein-coding
3,GL456393.1,9926,10307,+,0,NA,NA,NA,NA,NA,,,,,,,,
732,chr13,41249894,41250347,+,0,NA,"5' UTR (NM_001135577, exon 1 of 2)","5' UTR (NM_001135577, exon 1 of 2)",276,NM_001135577,108934,,NM_001135577,ENSMUSG00000091264,Smim13,2900036K02Rik,small integral membrane protein 13,protein-coding
2694,chr8,35588356,35588799,+,0,NA,"exon (NM_001081279, exon 1 of 3)","exon (NM_001081279, exon 1 of 3)",443,NR_040376,100504714,,NR_040376,ENSMUSG00000097357,Gm16793,-,"predicted gene, 16793",ncRNA
2628,chr7,128523530,128524505,+,0,NA,"exon (NM_013863, exon 1 of 4)","exon (NM_013863, exon 1 of 4)",434,NM_013863,29810,,NM_013863,ENSMUSG00000030847,Bag3,Bis|mg638,BCL2-associated athanogene 3,protein-coding
312,chr11,3998139,3998844,+,0,NA,"exon (NM_001177691, exon 3 of 3)","exon (NM_001177691, exon 3 of 3)",8558,NM_001177691,53897,,NM_016922,ENSMUSG00000049721,Gal3st1,Cst|Gcst,galactose-3-O-sulfotransferase 1,protein-coding
101,chr1,87509463,87510087,+,0,NA,"intron (NM_001111314, intron 3 of 14)",CpG,587,NM_019867,53972,,NM_019867,ENSMUSG00000026259,Ngef,Tims2|ephexin,neuronal guanine nucleotide exchange factor,protein-coding
3112,chrX,101273881,101274195,+,0,NA,promoter-TSS (NM_021521),promoter-TSS (NM_021521),-53,NM_021521,59024,,NM_021521,ENSMUSG00000079487,Med12,230kDa|Mopa|OPA-1|Tnrc11|Trap230,mediator complex subunit 12,protein-coding
290,chr10,120552459,120553091,+,0,NA,Intergenic,CpG,-76306,NM_001347170,15364,,NM_010441,ENSMUSG00000056758,Hmga2,9430083A20Rik|HMGI-C|Hmgic|pg|pygmy,high mobility group AT-hook 2,protein-coding
2739,chr8,83165549,83166035,+,0,NA,"5' UTR (NM_027758, exon 1 of 18)","5' UTR (NM_027758, exon 1 of 18)",440,NM_027758,71310,,NM_027758,ENSMUSG00000031709,Tbc1d9,4933431N12Rik,"TBC1 domain family, member 9",protein-coding
920,chr14,70159298,70159633,+,0,NA,promoter-TSS (NM_001112735),promoter-TSS (NM_001112735),37,NM_001112735,268759,,NM_001004155,ENSMUSG00000044551,9930012K11Rik,-,RIKEN cDNA 9930012K11 gene,protein-coding
150,chr1,155416699,155417224,+,0,NA,"intron (NM_011273, intron 1 of 14)",CpG,483,NM_011273,19775,,NM_011273,ENSMUSG00000026469,Xpr1,Rmc-1|Rmc1|Sxv|Syg1|XR,xenotropic and polytropic retrovirus receptor 1,protein-coding
1582,chr2,74704647,74704957,+,0,NA,promoter-TSS (NM_001290730),promoter-TSS (NM_001290730),187,NM_001290731,15437,,NM_008276,ENSMUSG00000027102,Hoxd8,4921540P06Rik|Hox-4.3|Hox-5.4,homeobox D8,protein-coding
763,chr13,57907789,57908216,+,0,NA,"intron (NM_009262, intron 1 of 11)",CpG,330,NM_001166463,20745,,NM_009262,ENSMUSG00000056222,Spock1,Spock|Ticn1|testican,"sparc/osteonectin, cwcv and kazal-like domains proteoglycan 1",protein-coding
2117,chr4,152799261,152799696,+,0,NA,Intergenic,Intergenic,101938,NR_033138,330004,,NM_001033414,,Gm833,-,predicted gene 833,ncRNA
2760,chr8,91313245,91313780,+,0,NA,promoter-TSS (NM_011936),promoter-TSS (NM_011936),-13,NM_011936,26383,,NM_011936,ENSMUSG00000055932,Fto,mKIAA1752,FTO alpha-ketoglutarate dependent dioxygenase,protein-coding
236,chr10,58813617,58814037,+,0,NA,"exon (NM_172788, exon 1 of 10)","exon (NM_172788, exon 1 of 10)",468,NM_172788,237353,,NM_172788,ENSMUSG00000037990,Sh3rf3,4831416G18Rik|Igfbp5-ip|Sh3md4|Sh3rf31,SH3 domain containing ring finger 3,protein-coding
188,chr1,185203905,185204600,+,0,NA,promoter-TSS (NM_001163754),promoter-TSS (NM_001163754),84,NM_001163754,98732,,NM_172649,ENSMUSG00000039318,Rab3gap2,1110059F07Rik|2010002H18Rik|5830469C09|RAB3-GAP150|mKIAA0839,RAB3 GTPase activating protein subunit 2,protein-coding
753,chr13,54765961,54766266,+,0,NA,"intron (NM_001362407, intron 1 of 6)",CpG-3887,482,NM_001362407,104069,,NM_033610,ENSMUSG00000034891,Sncb,betaSYN,"synuclein, beta",protein-coding
2962,chr9,64736858,64737840,+,0,NA,"intron (NM_017382, intron 1 of 4)",CpG,407,NM_017382,53869,,NM_017382,ENSMUSG00000004771,Rab11a,-,"RAB11A, member RAS oncogene family",protein-coding
3003,chr9,95405477,95406209,+,0,NA,"exon (NM_018763, exon 2 of 2)","exon (NM_018763, exon 2 of 2)",1427,NM_018763,54371,,NM_018763,ENSMUSG00000033350,Chst2,C130041E03Rik|Chts2|GST-2|GlcNAc6ST|Gn6st,carbohydrate sulfotransferase 2,protein-coding
2567,chr7,79847933,79848537,+,0,NA,promoter-TSS (NM_008486),promoter-TSS (NM_008486),-25,NM_008486,16790,,NM_008486,ENSMUSG00000039062,Anpep,AP-M|AP-N|Apn|Cd13|P150,"alanyl aminopeptidase, membrane",protein-coding
385,chr11,69122112,69123122,+,0,NA,"exon (NM_033041, exon 4 of 4)","exon (NM_033041, exon 4 of 4)",2164,NM_033041,84653,,NM_033041,ENSMUSG00000023781,Hes7,bHLHb37,hes family bHLH transcription factor 7,protein-coding
2296,chr6,17463738,17464317,+,0,NA,promoter-TSS (NM_008591),promoter-TSS (NM_008591),70,NM_008591,17295,,NM_008591,ENSMUSG00000009376,Met,HGF|HGFR|Par4|c-Met,met proto-oncogene,protein-coding
160,chr1,166238418,166238794,+,0,NA,"exon (NM_175296, exon 1 of 12)","exon (NM_175296, exon 1 of 12)",138,NM_175296,98558,,NM_175296,ENSMUSG00000040629,Mael,4933405K18Rik,maelstrom spermatogenic transposon silencer,protein-coding
3147,chrX,170812683,170812880,+,0,NA,Intergenic,Intergenic,140137,NM_001308488,107626,,NM_001199212,ENSMUSG00000093806,Asmt,Hiomt,acetylserotonin O-methyltransferase,protein-coding
2264,chr5,135394483,135394835,+,0,NA,promoter-TSS (NM_148932),promoter-TSS (NM_148932),-113,NM_148932,107939,,NM_148932,ENSMUSG00000053293,Pom121,2610027A18Rik|mKIAA0618,nuclear pore membrane protein 121,protein-coding
1062,chr15,100468411,100469001,+,0,NA,promoter-TSS (NM_001357982),promoter-TSS (NM_001357982),-305,NM_001357984,68614,,NM_134093,ENSMUSG00000037353,Letmd1,1110019O13Rik|HCCR-2|HCCR1|MCC-32|Mccr,LETM1 domain containing 1,protein-coding
611,chr12,62549486,62549696,+,0,NA,Intergenic,L1Md_T|LINE|L1,-138196,NR_131949,73309,,NR_131949,,Spanxn4,1700047L15Rik,"SPANX family, member N4",ncRNA
197,chr10,11280632,11282083,+,0,NA,promoter-TSS (NM_001168297),promoter-TSS (NM_001168297),27,NM_027968,71865,,NM_027968,ENSMUSG00000047648,Fbxo30,1700026A16Rik|MUSA1,F-box protein 30,protein-coding
2888,chr9,14751415,14752167,+,0,NA,"exon (NM_010242, exon 1 of 1)","exon (NM_010242, exon 1 of 1)",331,NM_010242,14345,,NM_010242,ENSMUSG00000049307,Fut4,CD15|FAL|FucT-IV|LeX|SSEA-1|Ssea1,fucosyltransferase 4,protein-coding
3144,chrX,168673774,168674020,+,0,NA,promoter-TSS (NM_010832),promoter-TSS (NM_010832),-25,NM_001370795,17692,,NM_010832,ENSMUSG00000031358,Msl3,Msl31|Msl3l1,MSL complex subunit 3,protein-coding
2911,chr9,35773241,35773601,+,0,NA,Intergenic,L1Md_T|LINE|L1,4688,NM_001167673,100312986,,NM_001167673,ENSMUSG00000090738,Pate7,Gm17727|Pate-e,prostate and testis expressed 7,protein-coding
1200,chr17,26438652,26439495,+,0,NA,"exon (NM_001081656, exon 3 of 5)","exon (NM_001081656, exon 3 of 5)",24214,NM_001081656,240055,,NM_001081656,ENSMUSG00000034413,Neurl1b,C230078M08Rik|EG240055,neuralized E3 ubiquitin protein ligase 1B,protein-coding
1581,chr2,74698010,74698672,+,0,NA,"exon (NM_013555, exon 1 of 2)","exon (NM_013555, exon 1 of 2)",578,NM_013555,15438,,NM_013555,ENSMUSG00000043342,Hoxd9,Hox-4.4|Hox-5.2,homeobox D9,protein-coding
2867,chr9,3003340,3003666,+,0,NA,Intergenic,GSAT_MM|Satellite|Satellite,35240,NR_039546,100628572,,NR_039546,ENSMUSG00000106183,Mir101c,mir-101c|mmu-mir-101c,microRNA 101c,ncRNA
2808,chr8,123065435,123065775,+,0,NA,promoter-TSS (NR_157166),promoter-TSS (NR_157166),97,NM_001364435,234847,,NM_153176,ENSMUSG00000000738,Spg7,Cmar|PGN,"SPG7, paraplegin matrix AAA peptidase subunit",protein-coding
2418,chr6,124414347,124415218,+,0,NA,promoter-TSS (NM_001277330),promoter-TSS (NM_001277330),81,NM_001277330,19305,,NM_008995,ENSMUSG00000005069,Pex5,ESTM1|PTS1-BP|PTS1R|PXR1P|Pxr1,peroxisomal biogenesis factor 5,protein-coding
2480,chr7,19665015,19665308,+,0,NA,promoter-TSS (NM_019649),promoter-TSS (NM_019649),-131,NM_019649,56457,,NM_019649,ENSMUSG00000002981,Clptm1,HS9|N14,cleft lip and palate associated transmembrane protein 1,protein-coding
2884,chr9,3403958,3404326,+,0,NA,promoter-TSS (NM_027545),promoter-TSS (NM_027545),57,NM_027545,244672,,NM_027545,ENSMUSG00000025898,Cwf19l2,3230401L03Rik|9030209E10,CWF19 like cell cycle control factor 2,protein-coding
2576,chr7,81933639,81933946,+,0,NA,"intron (NM_013886, intron 1 of 5)",CpG,667,NM_013886,29877,,NM_013886,ENSMUSG00000025104,Hdgfl3,2700022B06Rik|HRP-3|Hdgfrp3,HDGF like 3,protein-coding
2589,chr7,98309541,98309978,+,0,NA,promoter-TSS (NM_025408),promoter-TSS (NM_025408),-217,NM_001360617,66190,,NM_025408,ENSMUSG00000030760,Acer3,1110057L18Rik|5430429L08Rik|Phca|aPHC,alkaline ceramidase 3,protein-coding
1229,chr17,34957550,34958837,+,0,NA,"exon (NM_010478, exon 1 of 1)","exon (NM_010478, exon 1 of 1)",1045,NM_010478,15511,,NM_010478,ENSMUSG00000090877,Hspa1b,HSP70B1|Hsp70|Hsp70-1|Hsp70.1|hsp68,heat shock protein 1B,protein-coding
2281,chr5,147408708,147409431,+,0,NA,Intergenic,Intergenic,-8580,NM_010229,14255,,NM_010229,ENSMUSG00000042817,Flt3,B230315G04|CD135|Flk-2|Flk2|Flt-3|Ly72|wmfl,FMS-like tyrosine kinase 3,protein-coding
2895,chr9,21184058,21184536,+,0,NA,"5' UTR (NM_001310750, exon 1 of 15)","5' UTR (NM_001310750, exon 1 of 15)",196,NM_001310750,18577,,NM_019798,ENSMUSG00000032177,Pde4a,D9Ertd60e|Dpde2,"phosphodiesterase 4A, cAMP specific",protein-coding
250,chr10,80491078,80491628,+,0,NA,Intergenic,CpG,-3553,NM_139226,246086,,NM_139226,ENSMUSG00000045518,Onecut3,OC-3|Oc3,"one cut domain, family member 3",protein-coding
2460,chr7,12834654,12835451,+,0,NA,"5' UTR (NM_022981, exon 1 of 8)","5' UTR (NM_022981, exon 1 of 8)",291,NM_022981,65020,,NM_022981,ENSMUSG00000058638,Zfp110,2900024E01Rik|NRIF|Nrif1,zinc finger protein 110,protein-coding
2939,chr9,54699151,54700073,+,0,NA,promoter-TSS (NM_021422),promoter-TSS (NM_021422),53,NM_021422,58233,,NM_021422,ENSMUSG00000032285,Dnaja4,1110021L12Rik|Dj4|Hsj4|mmDjA4,DnaJ heat shock protein family (Hsp40) member A4,protein-coding
456,chr11,94490980,94491786,+,0,NA,"exon (NM_001361558, exon 9 of 9)","exon (NM_001361558, exon 9 of 9)",-6073,NM_144827,217116,,NM_144827,ENSMUSG00000020867,Spata20,Tisp78,spermatogenesis associated 20,protein-coding
2973,chr9,69989363,69989853,+,0,NA,"5' UTR (NM_001374750, exon 1 of 9)","5' UTR (NM_001374750, exon 1 of 9)",104,NM_001374750,12175,,NM_016787,ENSMUSG00000011958,Bnip2,5730523P12Rik|BNIP2beta|Nip21,BCL2/adenovirus E1B interacting protein 2,protein-coding
2750,chr8,84798942,84799699,+,0,NA,"intron (NM_001371053, intron 1 of 10)",CpG,1048,NM_001081982,18032,,NM_010906,ENSMUSG00000001911,Nfix,CTF|NF-I/X|NF1-X|NFI-X,nuclear factor I/X,protein-coding
2015,chr4,114986688,114987083,+,0,NA,"intron (NM_025647, intron 1 of 5)",CpG,343,NM_025647,66588,,NM_025647,ENSMUSG00000028719,Cmpk1,0610011D08Rik|CK|Cmpk|UMP-CMPk,cytidine/uridine monophosphate kinase 1,protein-coding
2790,chr8,115705789,115706929,+,0,NA,"exon (NM_001025577, exon 1 of 1)","exon (NM_001025577, exon 1 of 1)",535,NM_001025577,17132,,NM_001025577,ENSMUSG00000055435,Maf,2810401A20Rik|A230108G15Rik|c-maf,MAF bZIP transcription factor,protein-coding
754,chr13,54956114,54956558,+,0,NA,"intron (NM_153131, intron 1 of 15)","intron (NM_153131, intron 1 of 15)",6925,NM_153131,107448,,NM_153131,ENSMUSG00000025876,Unc5a,Unc5h1|mKIAA1976,unc-5 netrin receptor A,protein-coding
40,chr1,14506566,14507363,+,0,NA,Intergenic,CpG,-196765,NM_001310459,14048,,NM_010164,ENSMUSG00000025932,Eya1,bor,EYA transcriptional coactivator and phosphatase 1,protein-coding
2299,chr6,23480207,23480511,+,0,NA,"intron (NM_001252107, intron 8 of 13)",L1Md_A|LINE|L1,169946,NM_198251,386611,,NM_198251,ENSMUSG00000051956,Rnf133,Greul2,ring finger protein 133,protein-coding
1110,chr16,30599735,30599958,+,0,NA,"5' UTR (NM_177632, exon 1 of 1)","5' UTR (NM_177632, exon 1 of 1)",123,NM_177632,224093,,NM_177632,ENSMUSG00000046546,Fam43a,Tuf1,"family with sequence similarity 43, member A",protein-coding
1407,chr19,5715691,5716203,+,0,NA,"exon (NM_001114595, exon 11 of 18)","exon (NM_001114595, exon 11 of 18)",10332,NM_001381901,114601,,NM_053252,ENSMUSG00000024937,Ehbp1l1,G430002G23Rik,EH domain binding protein 1-like 1,protein-coding
2638,chr7,137410484,137410841,+,0,NA,promoter-TSS (NM_029886),promoter-TSS (NM_029886),94,NM_029886,77252,,NM_029886,ENSMUSG00000040139,9430038I01Rik,-,RIKEN cDNA 9430038I01 gene,protein-coding
1433,chr19,25505621,25506663,+,0,NA,"exon (NM_015826, exon 1 of 5)","exon (NM_015826, exon 1 of 5)",436,NM_015826,50796,,NM_015826,ENSMUSG00000024837,Dmrt1,-,doublesex and mab-3 related transcription factor 1,protein-coding
542,chr11,116694259,116695075,+,0,NA,promoter-TSS (NM_009180),promoter-TSS (NM_009180),-7,NM_009180,20446,,NM_009180,ENSMUSG00000057286,St6galnac2,II|ST6GalNAc|Siat7|Siat7b,"ST6 (alpha-N-acetyl-neuraminyl-2,3-beta-galactosyl-1,3)-N-acetylgalactosaminide alpha-2,6-sialyltransferase 2",protein-coding
2490,chr7,27397440,27398617,+,0,NA,"exon (NM_032610, exon 18 of 36)","exon (NM_032610, exon 18 of 36)",-1475,NM_001199236,80297,,NM_032610,ENSMUSG00000011751,Sptbn4,1700022P15Rik|5830426A08Rik|ROSA62|SpbIV|Spnb4|dyn|lnd|nmf261|nmf379|qv,"spectrin beta, non-erythrocytic 4",protein-coding
1148,chr16,91226463,91227516,+,0,NA,"exon (NM_016967, exon 2 of 2)","exon (NM_016967, exon 2 of 2)",1439,NM_016967,50913,,NM_016967,ENSMUSG00000039830,Olig2,Bhlhb1|Olg-2|Oligo2|RK17|bHLHe19,oligodendrocyte transcription factor 2,protein-coding
2066,chr4,133251440,133251692,+,0,NA,"intron (NM_016693, intron 24 of 28)",CpG,10748,NM_016693,53608,,NM_016693,ENSMUSG00000028862,Map3k6,Ask2|MAPKKK6|MEKK6,mitogen-activated protein kinase kinase kinase 6,protein-coding
2048,chr4,128884098,128884573,+,0,NA,"exon (NM_178110, exon 1 of 5)","exon (NM_178110, exon 1 of 5)",291,NM_001370756,67525,,NM_178110,ENSMUSG00000041000,Trim62,6330414G21Rik|Dear1,tripartite motif-containing 62,protein-coding
1927,chr4,22487089,22488487,+,0,NA,"exon (NM_008899, exon 1 of 1)","exon (NM_008899, exon 1 of 1)",578,NM_008899,18992,,NM_008899,ENSMUSG00000095139,Pou3f2,9430075J19Rik|A230098E07Rik|Brn-2|Brn2|OTF-7|Otf7|oct-7,"POU domain, class 3, transcription factor 2",protein-coding
2605,chr7,113206889,113208561,+,0,NA,"intron (NM_001368412, intron 1 of 20)",CpG,214,NM_001368412,11865,,NM_007489,ENSMUSG00000055116,Bmal1,Arnt3|Arntl|BMAL1b|MOP3|bHLHe5|bmal1b',basic helix-loop-helix ARNT like 1,protein-coding
2501,chr7,28732323,28733030,+,0,NA,"exon (NM_015796, exon 3 of 7)","exon (NM_015796, exon 3 of 7)",8145,NM_001360254,24030,,NM_011885,ENSMUSG00000045948,Mrps12,Rpms12|rps12,mitochondrial ribosomal protein S12,protein-coding
2724,chr8,71480590,71481643,+,0,NA,"exon (NM_001164679, exon 13 of 17)","exon (NM_001164679, exon 13 of 17)",4951,NM_001164679,382014,,NM_001164679,ENSMUSG00000034863,Ano8,Tmem16h,anoctamin 8,protein-coding
2257,chr5,130144098,130144513,+,0,NA,promoter-TSS (NM_172509),promoter-TSS (NM_172509),-578,NM_172509,212919,,NM_172509,ENSMUSG00000034110,Kctd7,4932409E18|9430010P06Rik,potassium channel tetramerisation domain containing 7,protein-coding
2483,chr7,25010334,25010674,+,0,NA,"exon (NM_008168, exon 20 of 20)","exon (NM_008168, exon 20 of 20)",-4567,NM_001290469,232975,,NM_144921,ENSMUSG00000040907,Atp1a3,Atpa-2,"ATPase, Na+/K+ transporting, alpha 3 polypeptide",protein-coding
2574,chr7,81610065,81610368,+,0,NA,"3' UTR (NM_011983, exon 9 of 9)","3' UTR (NM_011983, exon 9 of 9)",3152,NR_162810,114482937,,NR_162810,,Mir12203,Gm51279|mmu-mir-12203,microRNA 12203,ncRNA
2200,chr5,75152924,75153508,+,0,NA,"5' UTR (NM_001347719, exon 1 of 16)","5' UTR (NM_001347719, exon 1 of 16)",280,NM_001347719,18595,,NM_011058,ENSMUSG00000029231,Pdgfra,CD140a|Pdgfr-2,"platelet derived growth factor receptor, alpha polypeptide",protein-coding
1887,chr3,138526411,138526738,+,0,NA,promoter-TSS (NM_001313980),promoter-TSS (NM_001313980),153,NR_035481,100316706,,NR_035481,ENSMUSG00000088373,Mir1956,mir-1956|mmu-mir-1956,microRNA 1956,ncRNA
787,chr13,92131231,92131928,+,0,NA,"5' UTR (NM_009027, exon 1 of 24)","5' UTR (NM_009027, exon 1 of 24)",249,NM_009027,19418,,NM_009027,ENSMUSG00000021708,Rasgrf2,6330417G04Rik|Grf2|Ras-GRF2,RAS protein-specific guanine nucleotide-releasing factor 2,protein-coding
79,chr1,62295787,62296009,+,0,NA,"intron (NM_001081050, intron 16 of 22)",L1Md_T|LINE|L1,-159789,NR_151537,105243940,,NR_151537,ENSMUSG00000085019,Pard3bos2,Gm12747,"par-3 family cell polarity regulator beta, opposite strand 2",ncRNA
1019,chr15,81858294,81859305,+,0,NA,promoter-TSS (NM_020507),promoter-TSS (NM_020507),-473,NM_020507,57259,,NM_020507,ENSMUSG00000048546,Tob2,2900090N22Rik|4930545K18Rik|mKIAA1663,"transducer of ERBB2, 2",protein-coding
1081,chr16,10313700,10314081,+,0,NA,promoter-TSS (NM_007929),promoter-TSS (NM_007929),78,NM_007929,13731,,NM_007929,ENSMUSG00000022505,Emp2,XMP,epithelial membrane protein 2,protein-coding
1642,chr2,126875787,126876416,+,0,NA,"5' UTR (NM_001164325, exon 1 of 39)","5' UTR (NM_001164325, exon 1 of 39)",160,NM_001164325,58800,,NM_021450,ENSMUSG00000027365,Trpm7,2310022G15Rik|4833414K03Rik|5033407O22Rik|CHAK|CHAK1|LTrpC-7|Ltpr7|Ltrpc7|TRPPLIK,"transient receptor potential cation channel, subfamily M, member 7",protein-coding
1590,chr2,77816063,77816554,+,0,NA,"intron (NM_178723, intron 1 of 9)","intron (NM_178723, intron 1 of 9)",508,NM_178723,241494,,NM_178723,ENSMUSG00000027016,Zfp385b,B830010L13Rik|C130013B13Rik|Zfp533|Znf385b,zinc finger protein 385B,protein-coding
807,chr13,109372374,109372819,+,0,NA,"intron (NM_011056, intron 3 of 16)",L1Md_T|LINE|L1,47852,NR_030644,100124489,,NR_030644,ENSMUSG00000076946,Mir582,Mirn582|mir-582|mmu-mir-582,microRNA 582,ncRNA
2511,chr7,30972981,30973355,+,0,NA,promoter-TSS (NM_001377036),promoter-TSS (NM_001377036),301,NM_017405,54135,,NM_017405,ENSMUSG00000001247,Lsr,ILDR3|Lisch7,lipolysis stimulated lipoprotein receptor,protein-coding
2271,chr5,139540242,139540866,+,0,NA,"intron (NR_040701, intron 3 of 3)",CpG,-3344,NM_013702,22255,,NM_013702,ENSMUSG00000029546,Uncx,Chx4|Uncx4.1,UNC homeobox,protein-coding
1702,chr2,163853217,163854310,+,0,NA,promoter-TSS (NM_001030292),promoter-TSS (NM_001030292),13,NM_001030292,241769,,NM_001030292,ENSMUSG00000035238,Kcnk15,KCNK11|KCNK14|KT3.3|TASK5,"potassium channel, subfamily K, member 15",protein-coding
1412,chr19,6427447,6428672,+,0,NA,"exon (NM_001205235, exon 2 of 22)","exon (NM_001205235, exon 2 of 22)",9303,NM_020253,18190,,NM_020253,ENSMUSG00000033768,Nrxn2,6430591O13Rik|mKIAA0921,neurexin II,protein-coding
961,chr15,14169651,14169707,+,0,NA,Intergenic,L1Md_Gf|LINE|L1,-996004,NM_007666,12563,,NM_007666,ENSMUSG00000039385,Cdh6,cad6,cadherin 6,protein-coding
823,chr13,119601897,119602363,+,0,NA,"intron (NM_001370626, intron 2 of 2)","intron (NM_001370626, intron 2 of 2)",-21689,NM_020279,56838,,NM_020279,ENSMUSG00000074715,Ccl28,CCK1|MEC|Scya28,C-C motif chemokine ligand 28,protein-coding
1069,chr15,102257276,102257525,+,0,NA,"5' UTR (NM_011244, exon 1 of 10)","5' UTR (NM_011244, exon 1 of 10)",122,NM_011244,19411,,NM_011244,ENSMUSG00000001288,Rarg,Nr1b3|RAR-gamma|RARD|RARgamma2,"retinoic acid receptor, gamma",protein-coding
2662,chr7,145340994,145341371,+,0,NA,Intergenic,(TTAGGG)n|Simple_repeat|Simple_repeat,26347,NM_203490,211578,,NM_203490,ENSMUSG00000051207,Mrgprd,Gm499|Mgrd|MrgD|TGR7,"MAS-related GPR, member D",protein-coding
835,chr14,8172640,8172921,+,0,NA,"exon (NM_024221, exon 2 of 10)","exon (NM_024221, exon 2 of 10)",212,NM_024221,68263,,NM_024221,ENSMUSG00000021748,Pdhb,2610103L06Rik,pyruvate dehydrogenase (lipoamide) beta,protein-coding
2168,chr5,35388781,35389370,+,0,NA,promoter-TSS (NR_152157),promoter-TSS (NR_152157),214,NM_010445,15371,,NM_010445,ENSMUSG00000067438,Hmx1,Nkx5-3,H6 homeobox 1,protein-coding
1668,chr2,147083762,147085047,+,0,NA,"exon (NM_023504, exon 2 of 2)","exon (NM_023504, exon 2 of 2)",941,NM_023504,228731,,NM_023504,ENSMUSG00000054160,Nkx2-4,1700001P03Rik|Nkx-2.4|tinman,NK2 homeobox 4,protein-coding
215,chr10,40141590,40142347,+,0,NA,"exon (NM_001114332, exon 1 of 6)","exon (NM_001114332, exon 1 of 6)",286,NM_001114332,72472,,NM_028247,ENSMUSG00000019838,Slc16a10,2610103N14Rik|9830169E08|Mct10|PRO0813|TAT1,"solute carrier family 16 (monocarboxylic acid transporters), member 10",protein-coding
2474,chr7,19201517,19202288,+,0,NA,"exon (NM_001347582, exon 18 of 22)","exon (NM_001347582, exon 18 of 22)",-10636,NM_175668,319197,,NM_175668,ENSMUSG00000044317,Gpr4,-,G protein-coupled receptor 4,protein-coding
2470,chr7,16944736,16945800,+,0,NA,"exon (NM_001099636, exon 1 of 1)","exon (NM_001099636, exon 1 of 1)",586,NM_001099636,434128,,NM_001099636,ENSMUSG00000070802,Pnma8b,EG434128|Pnmal2,PNMA family member 8B,protein-coding
1450,chr19,38097014,38097731,+,0,NA,"exon (NM_181748, exon 1 of 3)","exon (NM_181748, exon 1 of 3)",293,NM_181748,107221,,NM_181748,ENSMUSG00000054200,Ffar4,Ffa4|GT01|Gpr120|Gpr129|KPG_013|O3far1|Pgr4,free fatty acid receptor 4,protein-coding
1881,chr3,131106537,131107173,+,0,NA,Intergenic,Intergenic,-3442,NM_001276402,16842,,NM_010703,ENSMUSG00000027985,Lef1,3000002B05|Lef-1,lymphoid enhancer binding factor 1,protein-coding
2303,chr6,29507333,29508179,+,0,NA,"intron (NM_001029985, intron 1 of 37)",CpG,196,NM_001029985,333088,,NM_001029985,ENSMUSG00000059022,Kcp,CRIM-2|Crim2|Gm793|KCP-1,kielin/chordin-like protein,protein-coding
1008,chr15,79042770,79043100,+,0,NA,TTS (NM_001161712),TTS (NM_001161712),1050,NM_015738,14429,,NM_015738,ENSMUSG00000114755,Galr3,Galnr3,galanin receptor 3,protein-coding
2237,chr5,114567880,114568552,+,0,NA,promoter-TSS (NM_001004180),promoter-TSS (NM_001004180),-35,NM_001004180,433940,,NM_001004180,ENSMUSG00000041930,Fam222a,-,"family with sequence similarity 222, member A",protein-coding
501,chr11,102280940,102281215,+,0,NA,Intergenic,Lx5|LINE|L1,-3874,NM_001302505,72053,,NM_028076,ENSMUSG00000034757,Tmub2,2010008E23Rik,transmembrane and ubiquitin-like domain containing 2,protein-coding
573,chr12,20815270,20815973,+,0,NA,"non-coding (NR_015521, exon 1 of 2)","non-coding (NR_015521, exon 1 of 2)",158,NR_015521,69513,,NR_015521,ENSMUSG00000099759,1700030C10Rik,-,RIKEN cDNA 1700030C10 gene,ncRNA
404,chr11,70763910,70764595,+,0,NA,promoter-TSS (NM_177565),promoter-TSS (NM_177565),-195,NM_177565,193043,,NM_177565,ENSMUSG00000043602,Zfp3,B230309J24|Fnp-1|Zfp-3,zinc finger protein 3,protein-coding
1657,chr2,133552193,133553529,+,0,NA,"5' UTR (NM_007553, exon 1 of 3)","5' UTR (NM_007553, exon 1 of 3)",702,NM_007553,12156,,NM_007553,ENSMUSG00000027358,Bmp2,Bmp2a,bone morphogenetic protein 2,protein-coding
1410,chr19,6306449,6306933,+,0,NA,"5' UTR (NM_001033342, exon 1 of 37)","5' UTR (NM_001033342, exon 1 of 37)",234,NM_001033342,240505,,NM_001033342,ENSMUSG00000024769,Cdc42bpg,MRCKgamma,CDC42 binding protein kinase gamma,protein-coding
2969,chr9,66834966,66835573,+,0,NA,promoter-TSS (NM_026674),promoter-TSS (NM_026674),-563,NM_026674,68318,,NM_026674,ENSMUSG00000053040,Aph1c,-,"aph1 homolog C, gamma secretase subunit",protein-coding
2443,chr6,148354762,148355248,+,0,NA,"non-coding (NR_003634, exon 1 of 1)","non-coding (NR_003634, exon 1 of 1)",349,NR_003634,66184,,NM_025405,,Rps4l,1110033J19Rik|Rps4y2,ribosomal protein S4-like,pseudo
1204,chr17,27622663,27623791,+,0,NA,promoter-TSS (NM_001291046),promoter-TSS (NM_001291046),225,NM_019837,56409,,NM_019837,ENSMUSG00000024213,Nudt3,1110011B09Rik|Dipp|Dipp1,nudix hydrolase 3,protein-coding
761,chr13,56251344,56252053,+,0,NA,"exon (NM_010896, exon 1 of 1)","exon (NM_010896, exon 1 of 1)",482,NM_010896,18014,,NM_010896,ENSMUSG00000048904,Neurog1,AKA|Math4C|Neurod3|bHLHa6|ngn1,neurogenin 1,protein-coding
827,chr14,5148976,5149221,+,0,NA,"exon (NM_001379607, exon 1 of 5).2","exon (NM_001379607, exon 1 of 5).2",441,NR_166826,100041735,,NM_001256885,ENSMUSG00000095295,Gm3488,100041747|Gm3494,"predicted gene, 3488",protein-coding
424,chr11,76622840,76623523,+,0,NA,Intergenic,CpG,-45442,NM_198894,109934,,NM_198018,ENSMUSG00000017631,Abr,-,active BCR-related gene,protein-coding
2738,chr8,82719245,82719591,+,0,NA,Intergenic,L1Md_T|LINE|L1,54727,NM_001368346,30932,,NM_145600,ENSMUSG00000031711,Zfp330,Noa36|Znf330,zinc finger protein 330,protein-coding
71,chr1,56969520,56969975,+,0,NA,"exon (NM_001358581, exon 3 of 12)","exon (NM_001358581, exon 3 of 12)",1587,NM_139146,212712,,NM_139146,ENSMUSG00000038331,Satb2,BAP002|mKIAA1034,special AT-rich sequence binding protein 2,protein-coding
2960,chr9,64020957,64021648,+,0,NA,"5' UTR (NM_008542, exon 1 of 4)","5' UTR (NM_008542, exon 1 of 4)",757,NM_008542,17130,,NM_008542,ENSMUSG00000036867,Smad6,Madh6|b2b390Clo,SMAD family member 6,protein-coding
2478,chr7,19586196,19586460,+,0,NA,"intron (NR_125832, intron 13 of 20)","intron (NR_125832, intron 13 of 20)",9041,NM_022409,63872,,NM_022409,ENSMUSG00000011267,Zfp296,2210018A16Rik|Znf296,zinc finger protein 296,protein-coding
2002,chr4,108459344,108459682,+,0,NA,promoter-TSS (NM_001379664),promoter-TSS (NM_001379664),103,NM_175472,230594,,NM_175472,ENSMUSG00000034610,Tut4,6030404K05Rik|9230115F04Rik|PPAPD3|Tent3a|Zcchc11|mKIAA0191,terminal uridylyl transferase 4,protein-coding
418,chr11,74925743,74926192,+,0,NA,promoter-TSS (NM_013761),promoter-TSS (NM_013761),-19,NM_001362742,27364,,NM_013761,ENSMUSG00000001323,Srr,M100034|Rgsc34|Srs,serine racemase,protein-coding
1828,chr3,95161318,95161778,+,0,NA,"intron (NR_073550, intron 1 of 18)",CpG,1128,NR_073551,20360,,NM_011351,ENSMUSG00000038777,Sema6c,Semay|mKIAA1869,"sema domain, transmembrane domain (TM), and cytoplasmic domain, (semaphorin) 6C",protein-coding
1531,chr2,32083378,32083889,+,0,NA,promoter-TSS (NM_175511),promoter-TSS (NM_175511),72,NM_175511,241303,,NM_175511,ENSMUSG00000050592,Fam78a,A130092J06Rik,"family with sequence similarity 78, member A",protein-coding
3130,chrX,140061534,140062600,+,0,NA,promoter-TSS (NM_177921),promoter-TSS (NM_177921),501,NM_001081668,279706,,NM_001081668,ENSMUSG00000072944,Nup62cl,Gm719,nucleoporin 62 C-terminal like,protein-coding
1219,chr17,33684828,33685191,+,0,NA,TTS (NR_045522),TTS (NR_045522),449,NM_029804,76936,,NM_029804,ENSMUSG00000059208,Hnrnpm,2610023M21Rik|Hnrpm|mKIAA4193,heterogeneous nuclear ribonucleoprotein M,protein-coding
1647,chr2,130361913,130362407,+,0,NA,"exon (NM_001110513, exon 13 of 17)","exon (NM_001110513, exon 13 of 17)",35469,NM_019696,56264,,NM_019696,ENSMUSG00000027408,Cpxm1,Cpx-1|Cpx1|Cpxm,"carboxypeptidase X, M14 family member 1",protein-coding
2075,chr4,134703467,134704088,+,0,NA,"5' UTR (NM_207237, exon 1 of 12)","5' UTR (NM_207237, exon 1 of 12)",513,NM_207237,230815,,NM_207237,ENSMUSG00000037306,Man1c1,-,"mannosidase, alpha, class 1C, member 1",protein-coding
1319,chr18,21651942,21652416,+,0,NA,"exon (NM_001081403, exon 2 of 9)","exon (NM_001081403, exon 2 of 9)",614,NM_001271580,74644,,NM_001271580,,4930426D05Rik,-,RIKEN cDNA 4930426D05 gene,protein-coding
1154,chr16,93683202,93683661,+,0,NA,"exon (NM_173047, exon 1 of 3)","exon (NM_173047, exon 1 of 3)",212,NM_173047,109857,,NM_173047,ENSMUSG00000022947,Cbr3,1110001J05Rik,carbonyl reductase 3,protein-coding
1480,chr19,59260767,59261523,+,0,NA,"intron (NM_172523, intron 1 of 15)",CpG,267,NM_172523,214084,,NM_172523,ENSMUSG00000025094,Slc18a2,1110037L13Rik|9330105E13|Vmat2,"solute carrier family 18 (vesicular monoamine), member 2",protein-coding
1326,chr18,31938980,31939640,+,0,NA,"intron (NM_001379138, intron 1 of 9)",CpG,2034,NM_001379138,225341,,NM_144862,ENSMUSG00000024395,Lims2,PINCH2,LIM and senescent cell antigen like domains 2,protein-coding
190,chr1,191125642,191126248,+,0,NA,Intergenic,CpG,27531,NM_030060,381319,,NM_030060,ENSMUSG00000026630,Batf3,9130211I03Rik|Snft,"basic leucine zipper transcription factor, ATF-like 3",protein-coding
849,chr14,24245027,24245970,+,0,NA,"5' UTR (NM_001163513, exon 1 of 32)","5' UTR (NM_001163513, exon 1 of 32)",422,NM_027726,71228,,NM_027726,ENSMUSG00000021782,Dlg5,4933429D20Rik|mKIAA0583,discs large MAGUK scaffold protein 5,protein-coding
2406,chr6,115853041,115853336,+,0,NA,promoter-TSS (NM_001167763),promoter-TSS (NM_001167763),153,NM_010774,17193,,NM_010774,ENSMUSG00000030322,Mbd4,Med1,methyl-CpG binding domain protein 4,protein-coding
120,chr1,118311100,118311529,+,0,NA,promoter-TSS (NM_011650),promoter-TSS (NM_011650),32,NM_011650,22099,,NM_011650,ENSMUSG00000026374,Tsn,2610034C24Rik|C3PO|TB-RBP,translin,protein-coding
1936,chr4,41740524,41741329,+,0,NA,"exon (NM_001286605, exon 2 of 4)","exon (NM_001286605, exon 2 of 4)",433,NM_001286605,18391,,NM_011014,ENSMUSG00000036078,Sigmar1,Oprs1|Sig1R|sigma1R,sigma non-opioid intracellular receptor 1,protein-coding
795,chr13,95222328,95222895,+,0,NA,"exon (NM_001170669, exon 1 of 19)","exon (NM_001170669, exon 1 of 19)",439,NM_001170669,218461,,NM_172263,ENSMUSG00000021684,Pde8b,B230331L10Rik|C030047E14Rik,phosphodiesterase 8B,protein-coding
640,chr12,84451356,84451866,+,0,NA,promoter-TSS (NM_134042),promoter-TSS (NM_134042),103,NM_173756,217708,,NM_173756,ENSMUSG00000085793,Lin52,5830457H20Rik,lin-52 DREAM MuvB core complex component,protein-coding
77,chr1,61514821,61515037,+,0,NA,Intergenic,L1Md_T|LINE|L1,-123895,NM_001081050,72823,,NM_001081050,ENSMUSG00000052062,Pard3b,1810008K04Rik|2010002N16Rik|2810455B10Rik|Als2cr19|PAR3B|PAR3L|PAR3beta,par-3 family cell polarity regulator beta,protein-coding
2472,chr7,19003942,19005153,+,0,NA,"exon (NM_178757, exon 1 of 1)","exon (NM_178757, exon 1 of 1)",489,NM_178757,272359,,NM_178757,ENSMUSG00000044030,Irf2bp1,6330414O09Rik|C530033F24,interferon regulatory factor 2 binding protein 1,protein-coding
2784,chr8,109961480,109962418,+,0,NA,"exon (NM_212447, exon 1 of 3)","exon (NM_212447, exon 1 of 3)",256,NM_212447,73608,,NM_028584,ENSMUSG00000001672,Marveld3,1810006A16Rik|Marvd3|Mrvldc3,MARVEL (membrane-associating) domain containing 3,protein-coding
2083,chr4,137277653,137278058,+,0,NA,"intron (NM_009523, intron 1 of 4)",CpG,220,NM_009523,22417,,NM_009523,ENSMUSG00000036856,Wnt4,Wnt-4,"wingless-type MMTV integration site family, member 4",protein-coding
138,chr1,134555886,134556961,+,0,NA,Intergenic,CpG,-3755,NM_152895,75605,,NM_152895,ENSMUSG00000042207,Kdm5b,2010009J12Rik|2210016I17Rik|D1Ertd202e|Jarid1b|PLU-1|PUT1|Plu1|RBBP2H1A|Rb-Bp2|mKIAA4034,lysine demethylase 5B,protein-coding
942,chr14,102981324,102982461,+,0,NA,TTS (NR_039592),TTS (NR_039592),740,NR_039592,100628599,,NR_039592,ENSMUSG00000092901,Mir5130,mir-5130|mmu-mir-5130|mu-mir-5130,microRNA 5130,ncRNA
2799,chr8,120735848,120736158,+,0,NA,promoter-TSS (NM_008320),promoter-TSS (NM_008320),-355,NM_008320,15900,,NM_008320,ENSMUSG00000041515,Irf8,ICSBP|IRF-8|Icsbp1|Myls,interferon regulatory factor 8,protein-coding
320,chr11,12036377,12038132,+,0,NA,"5' UTR (NM_010345, exon 1 of 17)","5' UTR (NM_010345, exon 1 of 17)",166,NM_010345,14783,,NM_010345,ENSMUSG00000020176,Grb10,5730571D09Rik|Meg1|mKIAA0207,growth factor receptor bound protein 10,protein-coding
2280,chr5,147306660,147307433,+,0,NA,"5' UTR (NM_007673, exon 1 of 3)","5' UTR (NM_007673, exon 1 of 3)",203,NM_007673,12591,,NM_007673,ENSMUSG00000029646,Cdx2,Cdx-2,caudal type homeobox 2,protein-coding
2203,chr5,76588776,76589305,+,0,NA,"intron (NM_199032, intron 1 of 25)",CpG,341,NM_199032,381644,,NM_199032,ENSMUSG00000036403,Cep135,Cep4|Gm1044,centrosomal protein 135,protein-coding
1454,chr19,42147179,42148541,+,0,NA,"exon (NM_183195, exon 1 of 2)","exon (NM_183195, exon 1 of 2)",471,NM_183195,277010,,NM_183195,ENSMUSG00000044345,Marveld1,Mrvldc1,MARVEL (membrane-associating) domain containing 1,protein-coding
2549,chr7,64482459,64482773,+,0,NA,Intergenic,Intergenic,-19090,NM_007461,11784,,NM_007461,ENSMUSG00000030519,Apba2,X11-like|X11L|XllL|mXllL,amyloid beta precursor protein binding family A member 2,protein-coding
2925,chr9,45138295,45138741,+,0,NA,promoter-TSS (NM_001013390),promoter-TSS (NM_001013390),-106,NM_001013390,399548,,NM_001013390,ENSMUSG00000046480,Scn4b,Gm1471,"sodium channel, type IV, beta",protein-coding
2810,chr8,123540375,123541226,+,0,NA,Intergenic,Intergenic,-1896,NR_046154,100861501,,NR_046154,ENSMUSG00000118870,Gm22291,Rn5s30,"predicted gene, 22291",rRNA
894,chr14,55113196,55115628,+,0,NA,"intron (NM_177049, intron 2 of 5)",CpG,2523,NM_177049,319984,,NM_177049,ENSMUSG00000022208,Jph4,9330157P13Rik|JP-4|JPHL1,junctophilin 4,protein-coding
741,chr13,49187612,49187967,+,0,NA,"intron (NM_013610, intron 1 of 3)",CpG,260,NM_013610,18081,,NM_013610,ENSMUSG00000037966,Ninj1,-,ninjurin 1,protein-coding
83,chr1,69231656,69232083,+,0,NA,Intergenic,L1Md_T|LINE|L1,-123810,NM_010154,13869,,NM_010154,ENSMUSG00000062209,Erbb4,Her4|c-erbB-4,erb-b2 receptor tyrosine kinase 4,protein-coding
2654,chr7,142663894,142664326,+,0,NA,"intron (NR_002855, intron 1 of 3)",CpG,2706,NM_001315488,16002,,NM_010514,ENSMUSG00000048583,Igf2,Igf-2|Igf-II|M6pr|Mpr|Peg2,insulin-like growth factor 2,protein-coding
177,chr1,179668046,179668251,+,0,NA,promoter-TSS (NM_178653),promoter-TSS (NM_178653),-83,NM_178653,109232,,NM_178653,ENSMUSG00000038936,Sccpdh,C330023F11Rik,saccharopine dehydrogenase (putative),protein-coding
1195,chr17,25255682,25256555,+,0,NA,"intron (NM_001163270, intron 1 of 33)",CpG,246,NM_001163270,545192,,NM_001163270,ENSMUSG00000047507,Baiap3,Bap3|Gm937,BAI1-associated protein 3,protein-coding
2298,chr6,21214541,21214954,+,0,NA,promoter-TSS (NM_019697),promoter-TSS (NM_019697),-599,NM_019697,16508,,NM_019697,ENSMUSG00000060882,Kcnd2,Gm52855|Kv4.2,"potassium voltage-gated channel, Shal-related family, member 2",protein-coding
1663,chr2,144330110,144331878,+,0,NA,"exon (NM_152947, exon 2 of 4)","exon (NM_152947, exon 2 of 4)",368,NM_152947,107586,,NM_026924,ENSMUSG00000037279,Ovol2,1700108N11Rik|1810007D21Rik|M-OVO|M-OVO-A|M-OVO-B|MOVO|Ovo2|Zfp339|movo2,ovo like zinc finger 2,protein-coding
1210,chr17,29081610,29081877,+,0,NA,Intergenic,Intergenic,-2617,NR_036469,100504267,,NR_036469,ENSMUSG00000085912,Trp53cor1,Gm16197|linc-p21|lincRNA-p21,tumor protein p53 pathway corepressor 1,ncRNA
2984,chr9,78395568,78396571,+,0,NA,"exon (NM_001191044, exon 1 of 17)","exon (NM_001191044, exon 1 of 17)",292,NM_001191044,100048658,,NM_001191044,ENSMUSG00000070291,Ddx43,-,DEAD box helicase 43,protein-coding
2851,chr8,123611503,123612400,+,0,NA,Intergenic,Intergenic,-41978,NM_133955,69581,,NM_133955,ENSMUSG00000039960,Rhou,2310026M05Rik|Arhu|CDC42L1|G28K|WRCH-1|WRCH1|mG28K,ras homolog family member U,protein-coding
1816,chr3,89772728,89773443,+,0,NA,promoter-TSS (NM_027315),promoter-TSS (NM_027315),315,NR_130957,74034,,NR_130957,ENSMUSG00000042579,4632404H12Rik,-,RIKEN cDNA 4632404H12 gene,ncRNA
1943,chr4,44710731,44711491,+,0,NA,promoter-TSS (NM_008782),promoter-TSS (NM_008782),-417,NM_008782,18507,,NM_008782,ENSMUSG00000014030,Pax5,BSAP|EBB-1|KLP|Pax-5,paired box 5,protein-coding
1104,chr16,19760916,19761193,+,0,NA,"intron (NM_054052, intron 2 of 3)",CpG,820,NM_001159407,108105,,NM_054052,ENSMUSG00000022686,B3gnt5,beta3GnT5,"UDP-GlcNAc:betaGal beta-1,3-N-acetylglucosaminyltransferase 5",protein-coding
3067,chrX,7573309,7574015,+,0,NA,promoter-TSS (NR_029473),promoter-TSS (NR_029473),62,NR_029473,78185,,NR_029473,ENSMUSG00000039545,Flicr,4930524L23Rik|Ppp1r3fos,Foxp3 regulating long intergenic noncoding RNA,ncRNA
1271,chr17,68836816,68837360,+,0,NA,promoter-TSS (NM_001206661),promoter-TSS (NM_001206661),-48,NM_001206661,622645,,NM_001206661,ENSMUSG00000095407,Tmem200c,EG622645|Gm6338,transmembrane protein 200C,protein-coding
586,chr12,33957366,33958084,+,0,NA,promoter-TSS (NM_011658),promoter-TSS (NM_011658),54,NM_011658,22160,,NM_011658,ENSMUSG00000035799,Twist1,M-Twist|Pde|Ska10|Ska<m10Jus>|Twist|bHLHa38|pdt,twist basic helix-loop-helix transcription factor 1,protein-coding
478,chr11,97628007,97629639,+,0,NA,"exon (NM_175332, exon 1 of 1)","exon (NM_175332, exon 1 of 1)",893,NM_175332,103551,,NM_175332,ENSMUSG00000043439,Epop,E13|E130012A19Rik|esPRC2p48,elongin BC and polycomb repressive complex 2 associated protein,protein-coding
616,chr12,69892946,69893318,+,0,NA,promoter-TSS (NM_201519),promoter-TSS (NM_201519),27,NM_178628,73991,,NM_178628,ENSMUSG00000021066,Atl1,4930435M24Rik|Adfsp|Fsp1|Spg3|Spg3a,atlastin GTPase 1,protein-coding
1732,chr2,180893443,180893669,+,0,NA,promoter-TSS (NR_029538),promoter-TSS (NR_029538),-484,NR_029538,723951,,NR_029538,ENSMUSG00000065454,Mir124a-3,Mirn124a-3|mir-124-3|mir-124a-3,microRNA 124a-3,ncRNA
413,chr11,72960775,72961837,+,0,NA,"5' UTR (NM_001163336, exon 1 of 21)","5' UTR (NM_001163336, exon 1 of 21)",137,NM_016745,53313,,NM_016745,ENSMUSG00000020788,Atp2a3,SERCA3b|Serca3,"ATPase, Ca++ transporting, ubiquitous",protein-coding
785,chr13,91460399,91460765,+,0,NA,promoter-TSS (NM_001360776),promoter-TSS (NM_001360776),-515,NM_001360776,66970,,NM_024186,ENSMUSG00000003992,Ssbp2,1500004K09Rik|2310079I02Rik|9330163K02Rik|A830008M03Rik|Hspc116|SSDP2,single-stranded DNA binding protein 2,protein-coding
900,chr14,56885392,56886383,+,0,NA,promoter-TSS (NM_177627),promoter-TSS (NM_177627),-716,NM_029498,76007,,NM_029498,ENSMUSG00000021945,Zmym2,5830413P05Rik|FIM|MYM|RAMP|SCLL|Zfp198|Znf198,"zinc finger, MYM-type 2",protein-coding
1293,chr17,86167110,86167584,+,0,NA,promoter-TSS (NM_011104),promoter-TSS (NM_011104),138,NR_165800,115488784,,NR_165800,,Gm5817,545228,predicted gene 5817,ncRNA
1801,chr3,85886768,85887514,+,0,NA,"5' UTR (NM_177130, exon 1 of 2)","5' UTR (NM_177130, exon 1 of 2)",377,NM_177130,320302,,NM_177130,ENSMUSG00000031286,Glt28d2,4732486J07Rik|Glt28d1l,glycosyltransferase 28 domain containing 2,protein-coding
2028,chr4,120825296,120825672,+,0,NA,promoter-TSS (NM_001357194),promoter-TSS (NM_001357194),257,NM_001277095,18046,,NM_008692,ENSMUSG00000032897,Nfyc,-,nuclear transcription factor-Y gamma,protein-coding
587,chr12,35854748,35854866,+,0,NA,Intergenic,L1Md_Gf|LINE|L1,-70814,NM_207531,403205,,NM_207531,ENSMUSG00000036231,Agr3,BCMP11|E030025L21Rik|Gm888,anterior gradient 3,protein-coding
100,chr1,87155397,87156093,+,0,NA,"intron (NM_021306, intron 1 of 17)","intron (NM_021306, intron 1 of 17)",391,NM_001277925,13599,,NM_021306,ENSMUSG00000026247,Ecel1,DINE|xce,endothelin converting enzyme-like 1,protein-coding
1396,chr19,3388723,3389395,+,0,NA,promoter-TSS (NM_001286557),promoter-TSS (NM_001286557),202,NM_001039657,17771,,NM_010841,ENSMUSG00000024905,Tesmin,Mtl5,testis expressed metallothionein like,protein-coding
984,chr15,58076889,58077194,+,0,NA,promoter-TSS (NM_009572),promoter-TSS (NM_009572),-533,NM_009572,22770,,NM_009572,ENSMUSG00000022361,Zhx1,-,zinc fingers and homeoboxes 1,protein-coding
251,chr10,80502432,80503381,+,0,NA,"intron (NM_139226, intron 1 of 1)","intron (NM_139226, intron 1 of 1)",8000,NM_139226,246086,,NM_139226,ENSMUSG00000045518,Onecut3,OC-3|Oc3,"one cut domain, family member 3",protein-coding
2184,chr5,66259823,66260190,+,0,NA,promoter-TSS (NM_027602),promoter-TSS (NM_027602),108,NM_001302834,70918,,NM_027602,ENSMUSG00000029206,Nsun7,4921525L17Rik,"NOL1/NOP2/Sun domain family, member 7",protein-coding
1549,chr2,38351174,38351951,+,0,NA,"5' UTR (NM_010710, exon 1 of 5)","5' UTR (NM_010710, exon 1 of 5)",254,NM_010710,16870,,NM_010710,ENSMUSG00000000247,Lhx2,LH2A|Lh-2|Lim2|ap|apterous,LIM homeobox protein 2,protein-coding
1140,chr16,84835076,84835359,+,0,NA,promoter-TSS (NM_001302215),promoter-TSS (NM_001302215),93,NM_008065,14390,,NM_008065,ENSMUSG00000008976,Gabpa,GABPalpha,"GA repeat binding protein, alpha",protein-coding
472,chr11,97188538,97188843,+,0,NA,promoter-TSS (NM_008379),promoter-TSS (NM_008379),-798,NM_008379,16211,,NM_008379,ENSMUSG00000001440,Kpnb1,IPOB|Impnb,karyopherin subunit beta 1,protein-coding
1876,chr3,127837501,127837865,+,0,NA,promoter-TSS (NM_145964),promoter-TSS (NM_145964),-160,NM_001346718,211556,,NM_145964,ENSMUSG00000074238,Ap1ar,Gadkin,adaptor-related protein complex 1 associated regulatory protein,protein-coding
697,chr13,3610257,3611038,+,0,NA,"intron (NM_001360838, intron 1 of 19)",CpG,461,NM_001360838,105203,,NM_134063,ENSMUSG00000033799,Tasor2,Fam208b|Pap20|mKIAA2006,transcription activation suppressor family member 2,protein-coding
2079,chr4,136172638,136173130,+,0,NA,"exon (NM_177733, exon 1 of 7)","exon (NM_177733, exon 1 of 7)",610,NM_177733,242705,,NM_177733,ENSMUSG00000018983,E2f2,E2F-2,E2F transcription factor 2,protein-coding
1471,chr19,49340999,49341292,+,0,NA,Intergenic,L1Md_T|LINE|L1,1135120,NM_025696,66673,,NM_025696,ENSMUSG00000063434,Sorcs3,6330404A12Rik,sortilin-related VPS10 domain containing receptor 3,protein-coding
1324,chr18,27462534,27462987,+,0,NA,Intergenic,L1Md_T|LINE|L1,-1097404,NR_045398,320624,,NR_045398,ENSMUSG00000117473,4930474G06Rik,-,RIKEN cDNA 4930474G06 gene,ncRNA
341,chr11,45770096,45770360,+,0,NA,Intergenic,L1Md_T|LINE|L1,-37855,NR_045876,100009664,,NR_045876,,F630206G17Rik,-,RIKEN cDNA F630206G17 gene,ncRNA
2770,chr8,95677906,95678611,+,0,NA,promoter-TSS (NM_001372425),promoter-TSS (NM_001372425),-14,NM_001372423,234593,,NM_145602,ENSMUSG00000036564,Ndrg4,D8Bwg1337e|Ndr1-rs|Ndr4|SMAP-8,N-myc downstream regulated gene 4,protein-coding
3162,chrY,90774631,90774869,+,0,NA,Intergenic,Intergenic,-10692,NM_133362,170942,,NM_133362,,Erdr1x,Erdr1|Gm21887|Gm55594|edr,erythroid differentiation regulator 1 x,protein-coding
2177,chr5,50058366,50058713,+,0,NA,"intron (NM_133911, intron 1 of 18)",CpG,457,NM_133911,70693,,NM_133911,ENSMUSG00000029090,Adgra3,3830613O22Rik|Gpr125|Tem5-like,adhesion G protein-coupled receptor A3,protein-coding
562,chr12,4592782,4592976,+,0,NA,promoter-TSS (NM_001198968),promoter-TSS (NM_001198968),-129,NM_011365,20403,,NM_011365,ENSMUSG00000020640,Itsn2,Ese2|Sh3d1B|Sh3p18|mKIAA1256,intersectin 2,protein-coding
1778,chr3,57651353,57651760,+,0,NA,"intron (NM_175095, intron 1 of 4)",CpG,128,NM_175095,52245,,NM_175095,ENSMUSG00000036513,Commd2,1190017G07Rik|D3Ertd176e|HSPC042,COMM domain containing 2,protein-coding
1855,chr3,109340616,109341373,+,0,NA,"5' UTR (NM_020505, exon 1 of 27)","5' UTR (NM_020505, exon 1 of 27)",233,NM_001378987,57257,,NM_020505,ENSMUSG00000033721,Vav3,A530094I06Rik|Idd18.1,vav 3 oncogene,protein-coding
2989,chr9,83548212,83548850,+,0,NA,"intron (NM_172507, intron 1 of 3)",CpG,193,NM_172507,212531,,NM_172507,ENSMUSG00000032261,Sh3bgrl2,A930014C21Rik|B930089I21,SH3 domain binding glutamic acid-rich protein like 2,protein-coding
1830,chr3,95314538,95315604,+,0,NA,promoter-TSS (NM_029789),promoter-TSS (NM_029789),109,NM_001379546,71790,,NM_023628,ENSMUSG00000015702,Anxa9,1110003P15Rik|2310069F17Rik,annexin A9,protein-coding
1520,chr2,30474012,30474766,+,0,NA,promoter-TSS (NM_030244),promoter-TSS (NM_030244),-190,NM_030244,72500,,NM_030244,ENSMUSG00000089762,Ier5l,2610524G09Rik,immediate early response 5-like,protein-coding
151,chr1,155812246,155813537,+,0,NA,promoter-TSS (NM_001024945),promoter-TSS (NM_001024945),8,NM_023268,104009,,NM_023268,ENSMUSG00000033684,Qsox1,1300003H02Rik|QSOX|Qscn6|SOx|b2b2673Clo,quiescin Q6 sulfhydryl oxidase 1,protein-coding
3014,chr9,100570668,100571196,+,0,NA,"intron (NM_001101483, intron 1 of 1)",CpG,153,NM_001101483,245020,,NM_001101483,ENSMUSG00000070287,Slc35g2,Gm519|Tmem22,"solute carrier family 35, member G2",protein-coding
314,chr11,5057929,5058709,+,0,NA,"exon (NM_001363179, exon 1 of 3)","exon (NM_001363179, exon 1 of 3)",191,NM_145216,75668,,NM_145216,ENSMUSG00000034209,Rasl10a,2210403B10Rik,"RAS-like, family 10, member A",protein-coding
919,chr14,70079801,70080362,+,0,NA,"3' UTR (NM_001289927, exon 2 of 2)","3' UTR (NM_001289927, exon 2 of 2)",2286,NM_001289927,13655,,NM_018781,ENSMUSG00000033730,Egr3,EGR-3|Pilot,early growth response 3,protein-coding
660,chr12,101082649,101083201,+,0,NA,"non-coding (NR_038049, exon 1 of 2)","non-coding (NR_038049, exon 1 of 2)",474,NR_038050,319760,,NM_176997,ENSMUSG00000097121,D130020L05Rik,9430007L23Rik,RIKEN cDNA D130020L05 gene,ncRNA
1684,chr2,153080677,153081388,+,0,NA,"exon (NM_001372363, exon 10 of 10)","exon (NM_001372363, exon 10 of 10)",15077,NR_164169,228788,,NM_145536,ENSMUSG00000027474,Ccm2l,-,cerebral cavernous malformation 2-like,protein-coding
1931,chr4,36950199,36950762,+,0,NA,"intron (NM_001165999, intron 1 of 7)",CpG,1264,NM_001165999,242384,,NM_175516,ENSMUSG00000045083,Lingo2,B230217C06Rik|Lern3|Lrrn6c,leucine rich repeat and Ig domain containing 2,protein-coding
2514,chr7,35185366,35185649,+,0,NA,promoter-TSS (NM_017394),promoter-TSS (NM_017394),-878,NM_017394,53896,,NM_017394,ENSMUSG00000030495,Slc7a10,Asc-1|D7Bwg0847e,"solute carrier family 7 (cationic amino acid transporter, y+ system), member 10",protein-coding
2422,chr6,124917067,124918093,+,0,NA,"exon (NM_026988, exon 1 of 5)","exon (NM_026988, exon 1 of 5)",366,NM_026988,69202,,NM_026988,ENSMUSG00000030122,Ptms,2610009E16Rik,parathymosin,protein-coding
317,chr11,6626062,6626476,+,0,NA,promoter-TSS (NM_001362714),promoter-TSS (NM_001362714),-202,NM_134011,21379,,NM_134011,ENSMUSG00000000384,Tbrg4,2310042P22Rik|Cpr2|Tb-12,transforming growth factor beta regulated gene 4,protein-coding
954,chr14,122475684,122476285,+,0,NA,promoter-TSS (NR_045046),promoter-TSS (NR_045046),600,NM_009574,22772,,NM_009574,ENSMUSG00000061524,Zic2,HPE5|Ku,zinc finger protein of the cerebellum 2,protein-coding
2092,chr4,141247453,141248719,+,0,NA,"exon (NM_001379652, exon 6 of 16)","exon (NM_001379652, exon 6 of 16)",2998,NM_001379652,213649,,NM_172520,ENSMUSG00000028919,Arhgef19,6030432F23|6430573B13Rik|WGEF,Rho guanine nucleotide exchange factor 19,protein-coding
715,chr13,24801169,24802220,+,0,NA,promoter-TSS (NM_024473),promoter-TSS (NM_024473),37,NM_024473,79555,,NM_024473,ENSMUSG00000019132,BC005537,8030460C05Rik,cDNA sequence BC005537,protein-coding
826,chr14,4110156,4110704,+,0,NA,"intron (NM_001374191, intron 5 of 5)",CpG,86489,NM_001029930,545007,,NM_001029930,ENSMUSG00000096775,Gm5796,-,predicted gene 5796,protein-coding
1426,chr19,16436021,16436786,+,0,NA,"5' UTR (NM_008137, exon 1 of 7)","5' UTR (NM_008137, exon 1 of 7)",736,NM_008137,14675,,NM_008137,ENSMUSG00000024697,Gna14,Hg1i,"guanine nucleotide binding protein, alpha 14",protein-coding
615,chr12,69582676,69582997,+,0,NA,TTS (NM_001135559),TTS (NM_001135559),181,NR_166435,207965,,NM_001033236,ENSMUSG00000049882,Vcpkmt,Gm71|Mettl21d|Mettl221d|VCP-KMT,valosin containing protein lysine (K) methyltransferase,protein-coding
1084,chr16,12462792,12463069,+,0,NA,Intergenic,L1Md_T|LINE|L1,-348460,NR_040507,75493,,NR_040507,ENSMUSG00000101565,1700003L19Rik,-,RIKEN cDNA 1700003L19 gene,ncRNA
1939,chr4,43523060,43524735,+,0,NA,promoter-TSS (NM_001277876),promoter-TSS (NM_001277876),-343,NM_001277875,22004,,NM_009416,ENSMUSG00000028464,Tpm2,Tpm-2|Trop-2,"tropomyosin 2, beta",protein-coding
1083,chr16,11143954,11144253,+,0,NA,"intron (NR_027502, intron 19 of 22)",LSU-rRNA_Hsa|rRNA|rRNA,-9571,NM_029582,106200,,NM_029582,ENSMUSG00000022498,Txndc11,2810408E11Rik|EFP1|Txdc11,thioredoxin domain containing 11,protein-coding
124,chr1,120603005,120603779,+,0,NA,"exon (NM_010133, exon 1 of 2)","exon (NM_010133, exon 1 of 2)",905,NM_010133,13798,,NM_010133,ENSMUSG00000058665,En1,En-1|Mo-en.1|engrailed-1,engrailed 1,protein-coding
1559,chr2,56798758,56798982,+,0,NA,Intergenic,L1Md_T|LINE|L1,13059,NR_105751,102465169,,NR_105751,ENSMUSG00000098437,Mir195b,Gm27491|mmu-mir-195b,microRNA 195b,ncRNA
2234,chr5,114127545,114127852,+,0,NA,"exon (NM_001359941, exon 2 of 4)","exon (NM_001359941, exon 2 of 4)",520,NM_001359941,231642,,NM_175016,ENSMUSG00000044339,Alkbh2,9530023G02|Abh2|mABH2,"alkB homolog 2, alpha-ketoglutarate-dependent dioxygenase",protein-coding
2840,chr8,123592887,123593897,+,0,NA,Intergenic,Intergenic,-27305,NR_046127,100861480,,NR_046127,ENSMUSG00000119748,Gm25018,Rn5s10,"predicted gene, 25018",rRNA
1194,chr17,25188378,25188821,+,0,NA,promoter-TSS (NM_001290736),promoter-TSS (NM_001290736),199,NM_001197024,74154,,NM_028789,ENSMUSG00000015127,Unkl,1300004G08Rik,unkempt family like zinc finger,protein-coding
1722,chr2,174284769,174285676,+,0,NA,"exon (NM_019690, exon 2 of 5)","exon (NM_019690, exon 2 of 5)",902,NM_019690,14683,,NM_010309,ENSMUSG00000027523,Gnas,5530400H20Rik|A930027G11Rik|C130027O20Rik|GPSA|GSP|Galphas|Gnas1|Gnasxl|Gs-alpha|Gsa|Nesp|Nesp55|Nespl|Oed-Sml|Oedsml|P1|P2|P3|PHP1A|PHP1B|POH|SCG6,GNAS complex locus,protein-coding
1073,chr16,3384116,3384715,+,0,NA,Intergenic,L1Md_T|LINE|L1,-207983,NM_146860,258859,,NM_146860,ENSMUSG00000051003,Or1f19,MOR131-1|OR912-47M6|Olfr161,olfactory receptor family 1 subfamily F member 19,protein-coding
1094,chr16,17405854,17406395,+,0,NA,promoter-TSS (NM_001373955),promoter-TSS (NM_001373955),124,NM_023348,67474,,NM_023348,ENSMUSG00000022765,Snap29,1300018G05Rik|Gs32,synaptosomal-associated protein 29,protein-coding
2601,chr7,110614078,110615252,+,0,NA,"intron (NM_177324, intron 1 of 40)",CpG,255,NM_177324,319934,,NM_177324,ENSMUSG00000038371,Sbf2,4833411B01Rik|B430219L04Rik|Mtmr13|mMTMH1,SET binding factor 2,protein-coding
1331,chr18,35118879,35119183,+,0,NA,"intron (NM_009818, intron 1 of 17)",CpG,119,NM_009818,12385,,NM_009818,ENSMUSG00000037815,Ctnna1,2010010M04Rik|Catna1,catenin alpha 1,protein-coding
796,chr13,96670463,96670882,+,0,NA,"5' UTR (NM_001360166, exon 1 of 20)","5' UTR (NM_001360166, exon 1 of 20)",264,NM_001360166,15357,,NM_008255,ENSMUSG00000021670,Hmgcr,HMG-CoAR|Red,3-hydroxy-3-methylglutaryl-Coenzyme A reductase,protein-coding
1880,chr3,129901206,129901550,+,0,NA,promoter-TSS (NM_009811),promoter-TSS (NM_009811),-37,NM_009811,12368,,NM_009811,ENSMUSG00000027997,Casp6,CASP-6|Mch2,caspase 6,protein-coding
2554,chr7,66388004,66388327,+,0,NA,"intron (NM_146191, intron 1 of 33)",CpG,176,NM_146191,233328,,NM_146191,ENSMUSG00000015133,Lrrk1,C230002E15Rik|D130026O16Rik|mKIAA1790,leucine-rich repeat kinase 1,protein-coding
2423,chr6,124964977,124965482,+,0,NA,promoter-TSS (NM_001379125),promoter-TSS (NM_001379125),37,NM_001355541,26894,,NM_012003,ENSMUSG00000030127,Cops7a,D6Ertd35e|SGN7a,COP9 signalosome subunit 7A,protein-coding
644,chr12,85150735,85151290,+,0,NA,"intron (NM_001364316, intron 1 of 10)","intron (NM_001364316, intron 1 of 10)",252,NM_146244,238323,,NM_146244,ENSMUSG00000019235,Rps6kl1,A830084F09Rik,ribosomal protein S6 kinase-like 1,protein-coding
1810,chr3,88141599,88141923,+,0,NA,promoter-TSS (NM_001310587),promoter-TSS (NM_001310587),-611,NM_133665,17261,,NM_133665,ENSMUSG00000001419,Mef2d,-,myocyte enhancer factor 2D,protein-coding
257,chr10,81482202,81482649,+,0,NA,promoter-TSS (NM_001379190),promoter-TSS (NM_001379190),274,NM_176954,319586,,NM_176954,ENSMUSG00000034818,Celf5,4930565A21Rik|Brunol5,"CUGBP, Elav-like family member 5",protein-coding
1216,chr17,32350085,32350525,+,0,NA,"intron (NM_017476, intron 1 of 13)","intron (NM_017476, intron 1 of 13)",272,NM_017476,54194,,NM_017476,ENSMUSG00000002625,Akap8l,HAP95|Nakap95,A kinase anchor protein 8-like,protein-coding
2822,chr8,123560667,123561527,+,0,NA,promoter-TSS (NR_046155).2,promoter-TSS (NR_046155).2,-91,NR_046127,100861480,,NR_046127,ENSMUSG00000119748,Gm25018,Rn5s10,"predicted gene, 25018",rRNA
2943,chr9,55149612,55149949,+,0,NA,promoter-TSS (NM_001346658),promoter-TSS (NM_001346658),-303,NM_001346658,109161,,NM_180600,ENSMUSG00000032307,Ube2q2,3010021M21Rik,ubiquitin-conjugating enzyme E2Q family member 2,protein-coding
3086,chrX,50083828,50084055,+,0,NA,Intergenic,L1Md_T|LINE|L1,-73706,NM_146390,258385,,NM_146390,ENSMUSG00000050504,Or5bh3,MOR216-1|Olfr1323,olfactory receptor family 5 subfamily BH member 3,protein-coding
710,chr13,20090884,20090999,+,0,NA,"intron (NM_080288, intron 1 of 21)",CpG,434,NM_080288,140580,,NM_080288,ENSMUSG00000041112,Elmo1,6330578D22Rik|C230095H21Rik|CED-12,engulfment and cell motility 1,protein-coding
367,chr11,59290120,59290747,+,0,NA,"intron (NM_009522, intron 1 of 3)",CpG,318,NM_009522,22416,,NM_009522,ENSMUSG00000009900,Wnt3a,Wnt-3a|vt,"wingless-type MMTV integration site family, member 3A",protein-coding
2047,chr4,127168339,127168748,+,0,NA,promoter-TSS (NM_198618),promoter-TSS (NM_198618),-661,NM_198618,242667,,NM_198618,ENSMUSG00000042388,Dlgap3,DAP-3|DAP3|Prpl8|Sapap3,DLG associated protein 3,protein-coding
2260,chr5,132543326,132544184,+,0,NA,promoter-TSS (NM_001363480),promoter-TSS (NM_001363480),-535,NM_001363480,319974,,NM_001363480,ENSMUSG00000029673,Auts2,2700063G02Rik|A730011F23Rik|D830032G16Rik,autism susceptibility candidate 2,protein-coding
2193,chr5,72586910,72587404,+,0,NA,"intron (NR_163693, intron 1 of 2)",CpG,393,NR_163693,545758,,NM_001024147,ENSMUSG00000060204,Slc10a4-ps,EG545758|Gm5868|Slc10a4l,"solute carrier family 10 (sodium/bile acid cotransporter family), pseudogene",pseudo
2245,chr5,121712421,121712729,+,0,NA,"intron (NM_009125, intron 1 of 24)",CpG,966,NM_009125,20239,,NM_009125,ENSMUSG00000042605,Atxn2,9630045M23Rik|ATX2|Sca2,ataxin 2,protein-coding
820,chr13,119428418,119428776,+,0,NA,promoter-TSS (NM_145457),promoter-TSS (NM_145457),-3,NM_001079849,218693,,NM_145457,ENSMUSG00000025451,Paip1,PAIP-1,polyadenylate binding protein-interacting protein 1,protein-coding
2111,chr4,151108188,151109157,+,0,NA,"intron (NM_001081557, intron 11 of 23)",CpG,19102,NM_001308446,105704528,,NM_001308446,ENSMUSG00000078491,Gm13090,-,predicted gene 13090,protein-coding
239,chr10,67535240,67535793,+,0,NA,promoter-TSS (NM_001373983),promoter-TSS (NM_001373983),17,NM_001373983,13654,,NM_010118,ENSMUSG00000037868,Egr2,Egr-2|Krox-20|Krox20|NGF1-B|Zfp-25|Zfp-6,early growth response 2,protein-coding
1109,chr16,28445983,28446505,+,0,NA,promoter-TSS (NM_001276420),promoter-TSS (NM_001276420),-169,NM_001276420,14167,,NM_010199,ENSMUSG00000022523,Fgf12,B230343J05Rik|FGF-12|FHF-1|Fgf1a|Fhf1,fibroblast growth factor 12,protein-coding
2597,chr7,102250522,102250856,+,0,NA,promoter-TSS (NM_019566),promoter-TSS (NM_019566),-571,NM_019566,56212,,NM_019566,ENSMUSG00000073982,Rhog,2810426G09Rik|Arhg|Sid10750,ras homolog family member G,protein-coding
2251,chr5,124540442,124541714,+,0,NA,"intron (NM_019770, intron 1 of 3)",CpG,287,NM_019770,56334,,NM_019770,ENSMUSG00000029390,Tmed2,1110032D12Rik|1810020N21Rik|Rnp24|Sid394|p24beta1,transmembrane p24 trafficking protein 2,protein-coding
255,chr10,81239988,81240441,+,0,NA,"exon (NM_001034895, exon 4 of 18)","exon (NM_001034895, exon 4 of 18)",7051,NM_001034895,103406,,NM_001034895,ENSMUSG00000034949,Zfr2,2010013I23Rik|9130206N08Rik|mKIAA1086,zinc finger RNA binding protein 2,protein-coding
1440,chr19,31763809,31764698,+,0,NA,"intron (NM_001013833, intron 1 of 17)",CpG,780,NM_001013833,19091,,NM_011160,ENSMUSG00000052920,Prkg1,CGKI|Gm19690|Prkg1b|Prkgr1b,"protein kinase, cGMP-dependent, type I",protein-coding
2678,chr8,22476344,22476647,+,0,NA,promoter-TSS (NM_011394),promoter-TSS (NM_011394),-205,NM_011394,20516,,NM_011394,ENSMUSG00000037656,Slc20a2,MolPit2|Pit-2|Pit2|Ram-1|Ram1,"solute carrier family 20, member 2",protein-coding
987,chr15,58823668,58824225,+,0,NA,promoter-TSS (NM_175212),promoter-TSS (NM_175212),-519,NM_175212,74868,,NM_175212,ENSMUSG00000062373,Tmem65,2610029O13Rik|4930438D12Rik,transmembrane protein 65,protein-coding
1756,chr3,33799823,33800146,+,0,NA,promoter-TSS (NM_027619),promoter-TSS (NM_027619),-199,NM_001290500,67120,,NM_025978,ENSMUSG00000027677,Ttc14,2700016E08Rik|4930434D01Rik|4931403I22Rik|4933402I15Rik|cI-44|mKIAA1980,tetratricopeptide repeat domain 14,protein-coding
2901,chr9,22388792,22389249,+,0,NA,"5' UTR (NM_028390, exon 1 of 24)","5' UTR (NM_028390, exon 1 of 24)",142,NM_001378982,68283,,NM_026739,ENSMUSG00000036411,Matcap2,1110003N12Rik|9530077C05Rik|mKIAA0895,microtubule associated tyrosine carboxypeptidase 2,protein-coding
1773,chr3,54807400,54807806,+,0,NA,"exon (NM_133231, exon 1 of 3)","exon (NM_133231, exon 1 of 3)",188,NM_133231,170767,,NM_133231,ENSMUSG00000036615,Rfxap,5730495K23Rik,regulatory factor X-associated protein,protein-coding
1646,chr2,130295470,130296456,+,0,NA,promoter-TSS (NM_001110513),promoter-TSS (NM_001110513),24,NM_001110513,228598,,NM_152993,ENSMUSG00000053552,Ebf4,Ebf3|O/E-4|Olf-1,early B cell factor 4,protein-coding
966,chr15,25622821,25623187,+,0,NA,"5' UTR (NM_019472, exon 1 of 41)","5' UTR (NM_019472, exon 1 of 41)",454,NM_019472,17909,,NM_019472,ENSMUSG00000022272,Myo10,D15Ertd600e|mKIAA0799|myosin-X,myosin X,protein-coding
2379,chr6,88198605,88198900,+,0,NA,promoter-TSS (NM_008090),promoter-TSS (NM_008090),88,NM_008090,14461,,NM_008090,ENSMUSG00000015053,Gata2,Gata-2,GATA binding protein 2,protein-coding
419,chr11,75165966,75167457,+,0,NA,"exon (NM_010430, exon 2 of 2)","exon (NM_010430, exon 2 of 2)",1441,NM_001098203,15248,,NM_010430,ENSMUSG00000043099,Hic1,HIC-1,hypermethylated in cancer 1,protein-coding
31,JH584304.1,112973,113517,+,0,NA,NA,NA,NA,NA,,,,,,,,
2889,chr9,15709662,15710035,+,0,NA,"intron (NM_172289, intron 1 of 10)",CpG,110,NM_001357565,234967,,NM_172289,ENSMUSG00000043885,Slc36a4,6330573I15Rik|PAT4,"solute carrier family 36 (proton/amino acid symporter), member 4",protein-coding
1735,chr2,181670417,181670710,+,0,NA,"exon (NM_009236, exon 2 of 2)","exon (NM_009236, exon 2 of 2)",1077,NM_009236,20672,,NM_009236,ENSMUSG00000046470,Sox18,Ra|Ragl,SRY (sex determining region Y)-box 18,protein-coding
1467,chr19,46348869,46349270,+,0,NA,promoter-TSS (NR_040418),promoter-TSS (NR_040418),-81,NR_040418,75579,,NR_040418,,2310034G01Rik,-,RIKEN cDNA 2310034G01 gene,ncRNA
2352,chr6,56247462,56247611,+,0,NA,"intron (NM_001159956, intron 1 of 16)",L1Md_F|LINE|L1,114856,NM_001159953,18575,,NM_011054,ENSMUSG00000004347,Pde1c,-,phosphodiesterase 1C,protein-coding
54,chr1,37719993,37720258,+,0,NA,promoter-TSS (NM_028096),promoter-TSS (NM_028096),-314,NM_028096,72097,,NM_028096,ENSMUSG00000026090,Cracdl,2010300C02Rik,capping protein inhibiting regulator of actin like,protein-coding
2382,chr6,94282735,94283183,+,0,NA,"intron (NM_001029850, intron 1 of 23)",CpG,958,NM_001286785,14924,,NM_010367,ENSMUSG00000045095,Magi1,AIP3|BAP1|Baiap1|Gukmi1|MAGI1c|Magi-1|TNRC19|WWP3|mKIAA4129,"membrane associated guanylate kinase, WW and PDZ domain containing 1",protein-coding
1488,chr2,9877372,9878164,+,0,NA,"5' UTR (NM_001355112, exon 2 of 6)","5' UTR (NM_001355112, exon 2 of 6)",832,NM_001355112,14462,,NM_008091,ENSMUSG00000015619,Gata3,Gata-3|jal,GATA binding protein 3,protein-coding
531,chr11,115318630,115318963,+,0,NA,"exon (NM_176847, exon 2 of 3)","exon (NM_176847, exon 2 of 3)",3122,NM_176847,16470,,NM_176847,ENSMUSG00000045288,Ush1g,Sans|js,USH1 protein network component sans,protein-coding
2442,chr6,147475895,147476349,+,0,NA,promoter-TSS (NM_001355713),promoter-TSS (NM_001355713),-243,NM_001355713,67015,,NM_025911,ENSMUSG00000030301,Ccdc91,1700086G08Rik|1810060J02Rik|p56,coiled-coil domain containing 91,protein-coding
1726,chr2,180025408,180025859,+,0,NA,"intron (NM_177727, intron 1 of 8)",CpG,646,NM_177727,241846,,NM_177727,ENSMUSG00000039108,Lsm14b,9430078B04,LSM family member 14B,protein-coding
1147,chr16,90830299,90831271,+,0,NA,promoter-TSS (NR_133572),promoter-TSS (NR_133572),-74,NM_001316761,70967,,NM_027627,ENSMUSG00000039903,Eva1c,1700092M14Rik|4931408A02Rik|Fam176c,eva-1 homolog C,protein-coding
2148,chr5,25817465,25817759,+,0,NA,"intron (NM_001004365, intron 4 of 11)",(CTGTG)n|Simple_repeat|Simple_repeat,57639,NM_001004365,242894,,NM_001004365,ENSMUSG00000056367,Actr3b,9630005C02|ARP11|Arp3b|Arp3beta,ARP3 actin-related protein 3B,protein-coding
1862,chr3,117868724,117868938,+,0,NA,"exon (NM_029655, exon 1 of 9)","exon (NM_029655, exon 1 of 9)",105,NM_001190156,76561,,NM_029655,ENSMUSG00000028007,Snx7,2510028H01Rik,sorting nexin 7,protein-coding
1733,chr2,180920859,180921393,+,0,NA,promoter-TSS (NM_173761),promoter-TSS (NM_173761),-190,NM_173761,228994,,NM_173761,ENSMUSG00000038848,Ythdf1,2210410K23Rik|8030473O16,YTH N6-methyladenosine RNA binding protein 1,protein-coding
2634,chr7,132813014,132813649,+,0,NA,promoter-TSS (NM_212473),promoter-TSS (NM_212473),-135,NM_212473,77938,,NM_175268,ENSMUSG00000030956,Fam53b,A930008G19Rik|mKIAA0140,"family with sequence similarity 53, member B",protein-coding
1803,chr3,86919589,86920545,+,0,NA,"exon (NM_001195496, exon 1 of 17)","exon (NM_001195496, exon 1 of 17)",817,NM_001195498,70762,,NM_027539,ENSMUSG00000028078,Dclk2,6330415M09Rik|CL2|CLICK2|Click-II|Dcamkl2,doublecortin-like kinase 2,protein-coding
2518,chr7,43465227,43465616,+,0,NA,"exon (NM_001290316, exon 4 of 10)","exon (NM_001290316, exon 4 of 10)",2270,NM_001290316,75690,,NM_001290316,ENSMUSG00000070604,Vsig10l,-,V-set and immunoglobulin domain containing 10 like,protein-coding
2551,chr7,65527398,65527695,+,0,NA,Intergenic,C-rich|Low_complexity|Low_complexity,-54485,NR_131060,407810,,NR_131060,ENSMUSG00000086662,BC046251,-,cDNA sequence BC046251,ncRNA
2210,chr5,93043595,93045104,+,0,NA,"exon (NM_175270, exon 1 of 1)","exon (NM_175270, exon 1 of 1)",673,NM_175270,78088,,NM_175270,ENSMUSG00000045314,Sowahb,5730467H21Rik|Ankrd56,sosondowah ankyrin repeat domain family member B,protein-coding
1311,chr18,10609295,10610487,+,0,NA,"intron (NM_001081222, intron 1 of 10)",CpG,461,NM_001081222,77805,,NM_144542,ENSMUSG00000024293,Esco1,A930014I12Rik,establishment of sister chromatid cohesion N-acetyltransferase 1,protein-coding
1290,chr17,85616528,85617073,+,0,NA,"intron (NR_015385, intron 1 of 2)","intron (NR_015385, intron 1 of 2)",1596,NR_038084,100043902,,NR_015385,ENSMUSG00000093460,Six3os1,D17Mgi26|E130112H22Rik|Rncr1|Six3os,"SIX homeobox 3, opposite strand 1",ncRNA
874,chr14,45219875,45220821,+,0,NA,promoter-TSS (NM_001310534),promoter-TSS (NM_001310534),631,NM_027518,70713,,NM_027518,ENSMUSG00000049092,Gpr137c,6330416L11Rik|Gm908|TM7SF1L2,G protein-coupled receptor 137C,protein-coding
3027,chr9,108648863,108649244,+,0,NA,"intron (NM_001357285, intron 1 of 15)",CpG,355,NM_011790,23807,,NM_011790,ENSMUSG00000064145,Arih2,ARI2|TRIAD1|UIP48,ariadne RBR E3 ubiquitin protein ligase 2,protein-coding
1473,chr19,53142877,53143322,+,0,NA,promoter-TSS (NM_013758),promoter-TSS (NM_013758),343,NM_001164100,27360,,NM_013758,ENSMUSG00000025026,Add3,-,adducin 3,protein-coding
389,chr11,69410554,69411313,+,0,NA,"intron (NM_001017426, intron 2 of 23)",CpG,5261,NM_001017426,216850,,NM_001017426,ENSMUSG00000018476,Kdm6b,1700064E03Rik|Jmjd3,KDM1 lysine (K)-specific demethylase 6B,protein-coding
2688,chr8,27319398,27319774,+,0,NA,Intergenic,L1Md_T|LINE|L1,23541,NR_003107,732482,,NR_003107,,Ccnq-ps2,Gm9731,"cyclin Q, pseudogene 2",pseudo
2873,chr9,3017968,3018640,+,0,NA,Intergenic,GSAT_MM|Satellite|Satellite,20439,NR_039546,100628572,,NR_039546,ENSMUSG00000106183,Mir101c,mir-101c|mmu-mir-101c,microRNA 101c,ncRNA
1090,chr16,16146399,16147125,+,0,NA,promoter-TSS (NM_146068),promoter-TSS (NM_146068),89,NM_146068,224008,,NM_146068,ENSMUSG00000041974,Spidr,2310008H04Rik|Kiaa0146,scaffolding protein involved in DNA repair,protein-coding
511,chr11,103101372,103101723,+,0,NA,promoter-TSS (NM_025988),promoter-TSS (NM_025988),111,NM_152813,72469,,NM_152813,ENSMUSG00000020937,Plcd3,2610205J15Rik|mKIAA1964,"phospholipase C, delta 3",protein-coding
2947,chr9,55546179,55546675,+,0,NA,TTS (NM_027397),TTS (NM_027397),5278,NM_027397,104360,,NM_027397,ENSMUSG00000032318,Isl2,3110001N10Rik,insulin related protein 2 (islet 2),protein-coding
36,chr1,9966812,9968482,+,0,NA,TTS (NR_110971),TTS (NR_110971),163,NM_001285425,100039596,,NM_001285425,ENSMUSG00000099032,Tcf24,Gm10567|Gm2330,transcription factor 24,protein-coding
487,chr11,98960631,98960935,+,0,NA,"5' UTR (NM_001176528, exon 1 of 8)","5' UTR (NM_001176528, exon 1 of 8)",312,NM_001176528,19401,,NM_009024,ENSMUSG00000037992,Rara,Nr1b1|RAR|RARalpha1,"retinoic acid receptor, alpha",protein-coding
1564,chr2,61593353,61593727,+,0,NA,"intron (NR_149324, intron 1 of 9)",CpG,388,NM_001378922,21353,,NM_011529,ENSMUSG00000064289,Tank,E430026L09Rik|I-TRAF,TRAF family member-associated Nf-kappa B activator,protein-coding
1248,chr17,44735949,44736256,+,0,NA,promoter-TSS (NR_073425),promoter-TSS (NR_073425),74,NM_001271630,12393,,NM_009820,ENSMUSG00000039153,Runx2,AML3|CBF-alpha-1|Cbf|Cbfa-1|Cbfa1|LS3|Osf2|PEBP2aA|Pebp2a1|Pebpa2a,runt related transcription factor 2,protein-coding
281,chr10,114800497,114801690,+,0,NA,promoter-TSS (NR_155864),promoter-TSS (NR_155864),-633,NR_155864,102633245,,NR_155864,ENSMUSG00000084865,Gm15723,-,predicted gene 15723,ncRNA
2991,chr9,85842256,85842493,+,0,NA,promoter-TSS (NM_011627),promoter-TSS (NM_011627),-6,NM_011627,21983,,NM_011627,ENSMUSG00000035274,Tpbg,5T4|WAIF1,trophoblast glycoprotein,protein-coding
875,chr14,46386988,46387185,+,0,NA,promoter-TSS (NR_166854),promoter-TSS (NR_166854),-392,NR_166856,102638002,,NR_166853,ENSMUSG00000086746,Gm15222,-,predicted gene 15222,ncRNA
2510,chr7,30689280,30689554,+,0,NA,Intergenic,RLTR4_MM-int|LTR|ERV1,-9509,NM_026961,69147,,NM_026961,ENSMUSG00000013083,2200002J24Rik,-,RIKEN cDNA 2200002J24 gene,protein-coding
2937,chr9,53666621,53667230,+,0,NA,promoter-TSS (NR_166653),promoter-TSS (NR_166653),-168,NR_166653,102636154,,NR_166653,ENSMUSG00000086914,Gm16124,-,predicted gene 16124,ncRNA
2536,chr7,45832605,45834225,+,0,NA,"exon (NM_008172, exon 12 of 12)","exon (NM_008172, exon 12 of 12)",-2626,NR_152183,,,,,,,,
1954,chr4,54945021,54945958,+,0,NA,Intergenic,Intergenic,-2456,NM_172867,242466,,NM_172867,ENSMUSG00000060206,Zfp462,6030417H05|9430078C22Rik|Gt4-2|Zfpip|Znf462,zinc finger protein 462,protein-coding
2164,chr5,34187041,34187640,+,0,NA,"exon (NM_010753, exon 2 of 6)","exon (NM_010753, exon 2 of 6)",370,NM_010753,17122,,NM_010753,ENSMUSG00000037235,Mxd4,2810410A03Rik|Mad4|bHLHc12,Max dimerization protein 4,protein-coding
510,chr11,102945459,102946769,+,0,NA,"exon (NM_011795, exon 1 of 2)","exon (NM_011795, exon 1 of 2)",602,NM_011795,23829,,NM_011795,ENSMUSG00000045532,C1ql1,Adil|C1qrf|CRF|CTRP14|gliacolin,"complement component 1, q subcomponent-like 1",protein-coding
141,chr1,135918673,135919055,+,0,NA,"exon (NM_019645, exon 1 of 14)","exon (NM_019645, exon 1 of 14)",343,NM_019645,18772,,NM_019645,ENSMUSG00000026413,Pkp1,-,plakophilin 1,protein-coding
4,GL456396.1,14718,15036,+,0,NA,NA,NA,NA,NA,,,,,,,,
1624,chr2,114201018,114201428,+,0,NA,"intron (NM_175466, intron 1 of 1)",CpG,209,NM_175466,228491,,NM_175466,ENSMUSG00000040321,Zfp770,6430601A21Rik|Znf770,zinc finger protein 770,protein-coding
3021,chr9,106685542,106685882,+,0,NA,"5' UTR (NM_001286498, exon 1 of 6)","5' UTR (NM_001286498, exon 1 of 6)",104,NM_011573,21767,,NM_011573,ENSMUSG00000040813,Tex264,TEG-264,testis expressed gene 264 ER-phagy receptor,protein-coding
72,chr1,56972157,56972586,+,0,NA,"non-coding (NR_024325, exon 1 of 1)","non-coding (NR_024325, exon 1 of 1)",902,NR_024325,329160,,NR_024325,ENSMUSG00000087022,9130024F11Rik,B530002L08|EG329160,RIKEN cDNA 9130024F11 gene,ncRNA
436,chr11,80154050,80154849,+,0,NA,"intron (NM_172133, intron 1 of 10)",CpG,287,NM_172133,216991,,NM_172133,ENSMUSG00000020709,Adap2,Centa2,ArfGAP with dual PH domains 2,protein-coding
768,chr13,60175952,60176410,+,0,NA,"exon (NM_008086, exon 1 of 1)","exon (NM_008086, exon 1 of 1)",1354,NM_008086,14451,,NM_008086,ENSMUSG00000052957,Gas1,Gas-1,growth arrest specific 1,protein-coding
2386,chr6,97210691,97211334,+,0,NA,"intron (NM_022992, intron 1 of 2)","intron (NM_022992, intron 1 of 2)",220,NM_022992,65106,,NM_022992,ENSMUSG00000035199,Arl6ip5,5930404D22Rik|Aip-5|Gtrap3-18|addiscin,ADP-ribosylation factor-like 6 interacting protein 5,protein-coding
1201,chr17,26507715,26508567,+,0,NA,"exon (NM_013642, exon 1 of 4)","exon (NM_013642, exon 1 of 4)",331,NM_013642,19252,,NM_013642,ENSMUSG00000024190,Dusp1,3CH134|MKP1|Ptpn16|erp|mkp-1,dual specificity phosphatase 1,protein-coding
883,chr14,47649182,47649452,+,0,NA,promoter-TSS (NM_001347519),promoter-TSS (NM_001347519),6,NM_001379492,16709,,NM_008477,ENSMUSG00000021843,Ktn1,-,kinectin 1,protein-coding
3081,chrX,36874325,36874793,+,0,NA,"intron (NM_001313696, intron 1 of 5)",CpG,264,NM_001313696,22209,,NM_019668,ENSMUSG00000016308,Ube2a,HHR6A|HR6A|Mhr6a,ubiquitin-conjugating enzyme E2A,protein-coding
1840,chr3,104638067,104638370,+,0,NA,promoter-TSS (NM_009196),promoter-TSS (NM_009196),-446,NM_009196,20501,,NM_009196,ENSMUSG00000032902,Slc16a1,Mct1,"solute carrier family 16 (monocarboxylic acid transporters), member 1",protein-coding
65,chr1,53784480,53785233,+,0,NA,"intron (NM_133810, intron 1 of 7)",CpG,359,NM_133810,98267,,NM_133810,ENSMUSG00000026094,Stk17b,3110009A03Rik|Drak2,serine/threonine kinase 17b (apoptosis-inducing),protein-coding
771,chr13,68998969,68999228,+,0,NA,"exon (NM_153534, exon 1 of 25)","exon (NM_153534, exon 1 of 25)",443,NM_153534,210044,,NM_153534,ENSMUSG00000021536,Adcy2,mKIAA1060,adenylate cyclase 2,protein-coding
1327,chr18,32133031,32133887,+,0,NA,"exon (NM_008934, exon 5 of 9)","exon (NM_008934, exon 5 of 9)",4746,NM_001313938,19123,,NM_008934,ENSMUSG00000024386,Proc,PC,protein C,protein-coding
2023,chr4,118556008,118556509,+,0,NA,"intron (NM_026789, intron 22 of 22)",(GCTG)n|Simple_repeat|Simple_repeat,-12532,NM_172383,230678,,NM_172383,ENSMUSG00000050854,Tmem125,6330530A05Rik,transmembrane protein 125,protein-coding
23,JH584304.1,99994,101889,+,0,NA,NA,NA,NA,NA,,,,,,,,
500,chr11,102229578,102230303,+,0,NA,TTS (NR_106179),TTS (NR_106179),210,NR_106179,102465892,,NR_106179,ENSMUSG00000098863,Mir8101,Gm27705|mmu-mir-8101,microRNA 8101,ncRNA
2336,chr6,48047281,48047827,+,0,NA,"intron (NM_001081382, intron 1 of 5)",CpG,240,NM_001347139,72306,,NM_001081382,ENSMUSG00000071477,Zfp777,2500002G23Rik,zinc finger protein 777,protein-coding
1049,chr15,98791837,98792894,+,0,NA,"intron (NM_021279, intron 3 of 3)",CpG-5312,2508,NM_021279,22408,,NM_021279,ENSMUSG00000022997,Wnt1,Int-1|Wnt-1|sw|swaying,"wingless-type MMTV integration site family, member 1",protein-coding
2581,chr7,84719321,84719817,+,0,NA,"intron (NR_038175, intron 1 of 4)",L1Md_T|LINE|L1,-29612,NM_001360582,65098,,NM_022985,ENSMUSG00000030629,Zfand6,3110005P07Rik|Awp1|Za20d3,"zinc finger, AN1-type domain 6",protein-coding
463,chr11,95914677,95915092,+,0,NA,promoter-TSS (NM_008081),promoter-TSS (NM_008081),-13,NM_008081,14422,,NM_008081,ENSMUSG00000013418,B4galnt2,Dlb-1|Dlb1|Galg2|Galgt2|Ggm3|Igf2bp1,"beta-1,4-N-acetyl-galactosaminyl transferase 2",protein-coding
2114,chr4,152130700,152131938,+,0,NA,"intron (NM_207688, intron 3 of 10)",CpG-10714,-2394,NM_019585,56226,,NM_019585,ENSMUSG00000028943,Espn,je,espin,protein-coding
2121,chr4,154637353,154637794,+,0,NA,promoter-TSS (NM_001291026),promoter-TSS (NM_001291026),-7,NR_168731,100042178,,NR_168731,ENSMUSG00000085069,Prdm16os,Gm13111|lnc-dPrdm16,Prdm16 opposite strand transcript,ncRNA
297,chr10,123264389,123265784,+,0,NA,"non-coding (NR_045514, exon 1 of 6)","non-coding (NR_045514, exon 1 of 6)",1010,NM_001252387,268354,,NM_182807,ENSMUSG00000044071,Tafa2,6330575M02|FAM19A2 TAFA-2|Fam19a2|Sam2|Tafa-2,TAFA chemokine like family member 2,protein-coding
1555,chr2,53191057,53191850,+,0,NA,promoter-TSS (NM_018785),promoter-TSS (NM_018785),-199,NM_018785,56194,,NM_018785,ENSMUSG00000061136,Prpf40a,2810012K09Rik|FBP-11|FBP11|Fnbp11|Fnbp3,pre-mRNA processing factor 40A,protein-coding
228,chr10,45577727,45578674,+,0,NA,"intron (NM_172473, intron 1 of 23)",CpG,371,NM_172473,209462,,NM_172473,ENSMUSG00000038822,Hace1,1700042J16Rik|A730034A22Rik,"HECT domain and ankyrin repeat containing, E3 ubiquitin protein ligase 1",protein-coding
2208,chr5,90541626,90542651,+,0,NA,"intron (NM_145146, intron 8 of 14)",L1Md_T|LINE|L1,-19071,NM_001252661,622307,,NM_001252661,ENSMUSG00000070690,Albfm1,5830473C10Rik|Arg|Gm17754,albumin superfamily member 1,protein-coding
265,chr10,89344567,89345108,+,0,NA,Intergenic,CpG,-87047,NM_001277188,320091,,NM_178773,ENSMUSG00000035189,Ano4,A330096O15Rik|Gm65|Tmem16d,anoctamin 4,protein-coding
1997,chr4,103619542,103620161,+,0,NA,"intron (NM_001369046, intron 1 of 16)",CpG,351,NM_001369048,13131,,NM_010014,ENSMUSG00000028519,Dab1,C630028C02Rik|scm|scr|scrambler|yot,disabled 1,protein-coding
2178,chr5,52741578,52741942,+,0,NA,"exon (NM_025951, exon 1 of 10)","exon (NM_025951, exon 1 of 10)",186,NM_028744,67073,,NM_025951,ENSMUSG00000029186,Pi4k2b,2610042N09Rik|4933409G22Rik,phosphatidylinositol 4-kinase type 2 beta,protein-coding
2389,chr6,99726347,99726820,+,0,NA,promoter-TSS (NM_001170419),promoter-TSS (NM_001170419),-191,NM_001037539,50501,,NM_015768,ENSMUSG00000030069,Prok2,Bv8|PK2|Prok1,prokineticin 2,protein-coding
1982,chr4,88802836,88803105,+,0,NA,promoter-TSS (NM_001161609).2,promoter-TSS (NM_001161609).2,-284,NM_001161609,545654,,NM_001161609,ENSMUSG00000095101,Gm13285,If1ha7|limitin,predicted gene 13285,protein-coding
2348,chr6,53817725,53820748,+,0,NA,"exon (NM_025817, exon 1 of 1)","exon (NM_025817, exon 1 of 1)",1589,NM_025817,66873,,NM_025817,ENSMUSG00000043496,Tril,1200009O22Rik|mKIAA0644,TLR4 interactor with leucine-rich repeats,protein-coding
335,chr11,32455406,32456525,+,0,NA,"intron (NM_001361561, intron 1 of 1)",CpG,595,NM_001361561,327900,,NM_173784,ENSMUSG00000044949,Ubtd2,4930571L24|9630054F20Rik,ubiquitin domain containing 2,protein-coding
1423,chr19,10456373,10458236,+,0,NA,"exon (NM_001111140, exon 1 of 1)","exon (NM_001111140, exon 1 of 1)",143,NM_001111140,278795,,NM_001111140,ENSMUSG00000090291,Lrrc10b,Gm705|SerdinR,leucine rich repeat containing 10B,protein-coding
2559,chr7,78579132,78579400,+,0,NA,Intergenic,Intergenic,-1428,NM_182809,18213,,NM_008746,ENSMUSG00000059146,Ntrk3,Ntrk3_tv3|TrkC,"neurotrophic tyrosine kinase, receptor, type 3",protein-coding
1267,chr17,57275494,57276200,+,0,NA,Intergenic,Intergenic,-3253,NM_001163815,22324,,NM_011691,ENSMUSG00000034116,Vav1,Vav|vav-T,vav 1 oncogene,protein-coding
2555,chr7,66427057,66427620,+,0,NA,"exon (NM_053080, exon 1 of 13)","exon (NM_053080, exon 1 of 13)",139,NM_053080,56847,,NM_053080,ENSMUSG00000015134,Aldh1a3,ALDH6|RALDH3|V1,"aldehyde dehydrogenase family 1, subfamily A3",protein-coding
514,chr11,103649380,103650384,+,0,NA,TTS (NR_131109),TTS (NR_131109),373,NM_001033212,104582,,NM_001033212,ENSMUSG00000046215,Rprml,-,reprimo-like,protein-coding
1370,chr18,62179617,62180097,+,0,NA,promoter-TSS (NM_001013754),promoter-TSS (NM_001013754),124,NM_007420,11555,,NM_007420,ENSMUSG00000045730,Adrb2,Adrb-2|Badm|Gpcr7,"adrenergic receptor, beta 2",protein-coding
2029,chr4,122712965,122713232,+,0,NA,Intergenic,L1Md_T|LINE|L1,23839,NM_023865,77432,,NM_023865,ENSMUSG00000023263,9530002B09Rik,Aump|Vpp1|Vppl,RIKEN cDNA 9530002B09 gene,protein-coding
2752,chr8,84977396,84978263,+,0,NA,"exon (NM_008416, exon 1 of 1)","exon (NM_008416, exon 1 of 1)",919,NM_008416,16477,,NM_008416,ENSMUSG00000052837,Junb,-,jun B proto-oncogene,protein-coding
595,chr12,50649257,50649794,+,0,NA,promoter-TSS (NM_001382815),promoter-TSS (NM_001382815),-276,NR_168537,18760,,NM_008858,ENSMUSG00000002688,Prkd1,PKD|PKD1|Pkcm|Prkcm|nPKC-D1|nPKC-mu,protein kinase D1,protein-coding
1660,chr2,139677978,139678411,+,0,NA,promoter-TSS (NM_001276489),promoter-TSS (NM_001276489),16,NM_001276489,319909,,NM_001126490,ENSMUSG00000074766,Ism1,5430433G21Rik|Ism,"isthmin 1, angiogenesis inhibitor",protein-coding
147,chr1,153185847,153186097,+,0,NA,"exon (NM_008485, exon 2 of 24)","exon (NM_008485, exon 2 of 24)",475,NM_008485,16782,,NM_008485,ENSMUSG00000026479,Lamc2,-,"laminin, gamma 2",protein-coding
1527,chr2,31460111,31460355,+,0,NA,"exon (NM_001370902, exon 98 of 98)","exon (NM_001370902, exon 98 of 98)",-10037,NM_007494,11898,,NM_007494,ENSMUSG00000076441,Ass1,ASS|Ass-1|fold,argininosuccinate synthetase 1,protein-coding
2391,chr6,101377653,101378093,+,0,NA,promoter-TSS (NM_018884),promoter-TSS (NM_018884),24,NM_018884,55983,,NM_018884,ENSMUSG00000035357,Pdzrn3,1110020C07Rik|LNX3|SEMACAP3|Semcap3,PDZ domain containing RING finger 3,protein-coding
2776,chr8,105518703,105519258,+,0,NA,"exon (NM_008289, exon 1 of 5)","exon (NM_008289, exon 1 of 5)",234,NM_008289,15484,,NM_008289,ENSMUSG00000031891,Hsd11b2,11HSD2,hydroxysteroid 11-beta dehydrogenase 2,protein-coding
1554,chr2,52741607,52742585,+,0,NA,promoter-TSS (NM_019667),promoter-TSS (NM_019667),53,NM_019667,56324,,NM_019667,ENSMUSG00000055371,Stam2,1200004O12Rik|5730456G07Rik|Hbp,signal transducing adaptor molecule (SH3 domain and ITAM motif) 2,protein-coding
593,chr12,49391363,49392163,+,0,NA,"intron (NR_026733, intron 2 of 2)","intron (NR_026733, intron 2 of 2)",2111,NR_026733,67293,,NR_026733,ENSMUSG00000104861,3110039M20Rik,-,RIKEN cDNA 3110039M20 gene,ncRNA
688,chr12,112928302,112929349,+,0,NA,"intron (NM_010588, intron 2 of 25)",CpG,670,NM_010588,16450,,NM_010588,ENSMUSG00000002799,Jag2,D12Ggc2e|Serh|mJagged2-1|sm,jagged 2,protein-coding
717,chr13,28951684,28953119,+,0,NA,"exon (NM_009238, exon 1 of 1)","exon (NM_009238, exon 1 of 1)",1298,NM_009238,20677,,NM_009238,ENSMUSG00000076431,Sox4,Sox-4,SRY (sex determining region Y)-box 4,protein-coding
2507,chr7,30534545,30534833,+,0,NA,"intron (NM_178252, intron 1 of 21)","intron (NM_178252, intron 1 of 21)",371,NM_178252,233071,,NM_178252,ENSMUSG00000036882,Arhgap33,NOMA-GAP|Snx26|TCGAP,Rho GTPase activating protein 33,protein-coding
2050,chr4,129189843,129190101,+,0,NA,promoter-TSS (NM_029036),promoter-TSS (NM_029036),69,NM_134151,107271,,NM_134151,ENSMUSG00000028811,Yars1,Yars,tyrosyl-tRNA synthetase 1,protein-coding
1310,chr18,9707506,9707975,+,0,NA,promoter-TSS (NM_130449),promoter-TSS (NM_130449),92,NM_130449,140792,,NM_130449,ENSMUSG00000036103,Colec12,CL-P1|SRCL|Scara4,collectin sub-family member 12,protein-coding
2904,chr9,26407345,26407578,+,0,NA,Intergenic,L1Md_T|LINE|L1,-326347,NM_001310766,76898,,NM_029792,ENSMUSG00000045994,B3gat1,0710007K08Rik|GlcAT-P|Glcatp|Hnk1,"beta-1,3-glucuronyltransferase 1",protein-coding
2262,chr5,135186780,135186993,+,0,NA,promoter-TSS (NM_011714),promoter-TSS (NM_011714),-437,NM_011714,22385,,NM_011714,ENSMUSG00000002748,Baz1b,WSTF|Wbscr9,"bromodomain adjacent to zinc finger domain, 1B",protein-coding
574,chr12,20990054,20990545,+,0,NA,Intergenic,CpG,-121457,NM_001135192,211914,,NM_001004364,ENSMUSG00000052632,Asap2,6530401G17Rik|Ddef2|Gm1523|Gm592|PAG3|PAP,"ArfGAP with SH3 domain, ankyrin repeat and PH domain 2",protein-coding
2548,chr7,63938247,63938945,+,0,NA,"5' UTR (NM_021366, exon 1 of 2)","5' UTR (NM_021366, exon 1 of 2)",319,NM_021366,50794,,NM_021366,ENSMUSG00000052040,Klf13,0610043C13Rik|9430029L20Rik|Bteb3|FKLF-2|FKLF2|NSLP1|RFLAT-1|RFLAT1,Kruppel-like transcription factor 13,protein-coding
1368,chr18,61013938,61014102,+,0,NA,"5' UTR (NM_201353, exon 1 of 14)","5' UTR (NM_201353, exon 1 of 14)",179,NM_201353,240332,,NM_201353,ENSMUSG00000052026,Slc6a7,PROT,"solute carrier family 6 (neurotransmitter transporter, L-proline), member 7",protein-coding
1422,chr19,10389446,10389768,+,0,NA,"intron (NM_001373944, intron 1 of 11)",CpG,517,NM_173068,54525,,NM_018801,ENSMUSG00000024743,Syt7,B230112P13Rik,synaptotagmin VII,protein-coding
427,chr11,77514973,77515556,+,0,NA,"exon (NM_026185, exon 1 of 2)","exon (NM_026185, exon 1 of 2)",147,NM_026185,67477,,NM_026185,ENSMUSG00000000686,Abhd15,1300007F04Rik,abhydrolase domain containing 15,protein-coding
1522,chr2,30807170,30807664,+,0,NA,promoter-TSS (NM_170592),promoter-TSS (NM_170592),-551,NM_001356435,66617,,NM_170592,ENSMUSG00000026857,Ntmt1,2610205E22Rik|Mettl11a|NTM1A,N-terminal Xaa-Pro-Lys N-methyltransferase 1,protein-coding
2482,chr7,19857752,19858053,+,0,NA,"exon (NM_001033419, exon 3 of 6)","exon (NM_001033419, exon 3 of 6)",3397,NM_001033419,330483,,NM_001033419,ENSMUSG00000014686,Ceacam16,Gm769,CEA cell adhesion molecule 16,protein-coding
2715,chr8,69880771,69883480,+,0,NA,"exon (NM_026818, exon 8 of 8)","exon (NM_026818, exon 8 of 8)",5267,NM_026818,68709,,NM_026818,ENSMUSG00000044006,Cilp2,1110031K21Rik|CLIP-2,cartilage intermediate layer protein 2,protein-coding
1824,chr3,94658387,94658841,+,0,NA,"intron (NM_011656, intron 1 of 12)",CpG,258,NM_001293728,22156,,NM_011656,ENSMUSG00000005968,Tuft1,-,tuftelin 1,protein-coding
1193,chr17,24850498,24850933,+,0,NA,promoter-TSS (NM_023480),promoter-TSS (NM_023480),48,NM_001159626,14651,,NM_024284,ENSMUSG00000024158,Hagh,Glo-2|Glo2|Rsp29,hydroxyacyl glutathione hydrolase,protein-coding
1760,chr3,37419933,37420239,+,0,NA,promoter-TSS (NM_153561),promoter-TSS (NM_153561),136,NM_001163511,57815,,NM_021343,ENSMUSG00000027722,Afg2a,2510048F20Rik|Spaf|Spata5,AFG2 AAA ATPase homolog A,protein-coding
2539,chr7,46376614,46377296,+,0,NA,"exon (NM_010866, exon 1 of 3)","exon (NM_010866, exon 1 of 3)",481,NM_010866,17927,,NM_010866,ENSMUSG00000009471,Myod1,MYF3|MyoD|Myod-1|bHLHc1,myogenic differentiation 1,protein-coding
136,chr1,133386490,133386864,+,0,NA,"intron (NM_011439, intron 9 of 13)","intron (NM_011439, intron 9 of 13)",23105,NM_175443,214253,,NM_175443,ENSMUSG00000070644,Etnk2,4933417N20Rik|EKI 2|Eki2|Tuc1,ethanolamine kinase 2,protein-coding
1395,chr18,90602245,90602527,+,0,NA,Intergenic,(TTAGGG)n|Simple_repeat|Simple_repeat,22561,NM_001362365,108168395,,NM_001362365,ENSMUSG00000110277,Gm45871,-,predicted gene 45871,protein-coding
1727,chr2,180042008,180042458,+,0,NA,promoter-TSS (NM_178750),promoter-TSS (NM_178750),231,NM_001289476,26444,,NM_011969,ENSMUSG00000027566,Psma7,C6-I,proteasome subunit alpha 7,protein-coding
1915,chr4,11387312,11387945,+,0,NA,promoter-TSS (NM_001347052),promoter-TSS (NM_001347052),-845,NM_001290383,207920,,NM_194055,ENSMUSG00000040728,Esrp1,2210008M09Rik|A630065D16|Rbm35a,epithelial splicing regulatory protein 1,protein-coding
949,chr14,118922758,118923025,+,0,NA,promoter-TSS (NM_001360413),promoter-TSS (NM_001360413),-100,NM_001360413,66573,,NM_025640,ENSMUSG00000042156,Dzip1,2510025K24Rik|2810422M04Rik,DAZ interacting protein 1,protein-coding
2744,chr8,84237750,84237957,+,0,NA,promoter-TSS (NM_172503),promoter-TSS (NM_172503),-811,NM_172503,212168,,NM_172503,ENSMUSG00000035671,Zswim4,D330002I24|E130119J17Rik,zinc finger SWIM-type containing 4,protein-coding
1648,chr2,130397354,130397718,+,0,NA,promoter-TSS (NM_019696),promoter-TSS (NM_019696),93,NM_019696,56264,,NM_019696,ENSMUSG00000027408,Cpxm1,Cpx-1|Cpx1|Cpxm,"carboxypeptidase X, M14 family member 1",protein-coding
103,chr1,89070527,89070760,+,0,NA,"intron (NM_133816, intron 1 of 5)",CpG,228,NM_133816,98402,,NM_133816,ENSMUSG00000036206,Sh3bp4,BOG25,SH3-domain binding protein 4,protein-coding
994,chr15,75727750,75728015,+,0,NA,Intergenic,Intergenic,20439,NM_194350,378435,,NM_194350,ENSMUSG00000047591,Mafa,RIPE3b1,MAF bZIP transcription factor A,protein-coding
2703,chr8,48110145,48110456,+,0,NA,"intron (NM_001161515, intron 1 of 5)",CpG,287,NM_001161515,320685,,NM_178788,ENSMUSG00000031562,Dctd,6030466N05Rik,dCMP deaminase,protein-coding
2100,chr4,146239492,146239705,+,0,NA,Intergenic,CpG,-30787,NM_001083918,666532,,NM_001083918,ENSMUSG00000067916,Zfp991,Gm13139,zinc finger protein 991,protein-coding
1475,chr19,53944731,53945058,+,0,NA,promoter-TSS (NM_001355242),promoter-TSS (NM_001355242),18,NM_019658,56392,,NM_019658,ENSMUSG00000024976,Shoc2,Sur8|mKIAA0862,"Shoc2, leucine rich repeat scaffold protein",protein-coding
1651,chr2,131053751,131054126,+,0,NA,"exon (NM_001163529, exon 14 of 20)","exon (NM_001163529, exon 14 of 20)",9876,NM_001163529,110751,,NM_033615,ENSMUSG00000027318,Adam33,Adaml,a disintegrin and metallopeptidase domain 33,protein-coding
2736,chr8,79639573,79640259,+,0,NA,"exon (NM_001256033, exon 1 of 21)","exon (NM_001256033, exon 1 of 21)",240,NM_001081164,73945,,NM_001081164,ENSMUSG00000036990,Otud4,4930431L18Rik|D8Ertd69e|mKIAA1046,OTU domain containing 4,protein-coding
33,chr1,5916492,5917252,+,0,NA,"exon (NM_010342, exon 1 of 1)","exon (NM_010342, exon 1 of 1)",526,NM_010342,226304,,NM_010342,ENSMUSG00000033774,Npbwr1,Gpr7|Nbpwr1,neuropeptides B/W receptor 1,protein-coding
648,chr12,88354144,88354678,+,0,NA,Intergenic,CpG,-6103,NM_001361601,72113,,NM_028105,ENSMUSG00000021044,Adck1,2610005A10Rik,aarF domain containing kinase 1,protein-coding
1856,chr3,110142558,110142925,+,0,NA,"intron (NM_001163349, intron 1 of 5)",CpG,731,NM_001163350,80883,,NM_030699,ENSMUSG00000059857,Ntng1,A930010C08Rik|Lmnt1,netrin G1,protein-coding
2353,chr6,56832181,56832587,+,0,NA,"exon (NM_012056, exon 1 of 10)","exon (NM_012056, exon 1 of 10)",325,NM_012056,27055,,NM_012056,ENSMUSG00000029781,Fkbp9,1810014L23|FKBP-63|FKBP-9|FKBP60|FKBP63|FKBP65RS,FK506 binding protein 9,protein-coding
3017,chr9,105642976,105643378,+,0,NA,"5' UTR (NM_001081309, exon 1 of 20)","5' UTR (NM_001081309, exon 1 of 20)",182,NM_001081309,75669,,NM_029380,ENSMUSG00000032571,Pik3r4,2210010O15Rik|C730038E05Rik|D9Ertd418e|Vps15|p150,phosphoinositide-3-kinase regulatory subunit 4,protein-coding
1385,chr18,77713110,77714121,+,0,NA,promoter-TSS (NR_027978),promoter-TSS (NR_027978),372,NM_178670,212163,,NM_178670,ENSMUSG00000047466,Ark2n,8030462N17Rik|Akd2,arkadia (RNF111) N-terminal like PKA signaling regulator 2N,protein-coding
1075,chr16,4684101,4684667,+,0,NA,"intron (NM_001135112, intron 1 of 10)","intron (NM_001135112, intron 1 of 10)",314,NM_001135112,83945,,NM_023646,ENSMUSG00000004069,Dnaja3,1200003J13Rik|1810053A11Rik|Tid-1|Tid1l,DnaJ heat shock protein family (Hsp40) member A3,protein-coding
2805,chr8,122550876,122551920,+,0,NA,promoter-TSS (NM_001037298),promoter-TSS (NM_001037298),-69,NM_001037298,234839,,NM_001037298,ENSMUSG00000014444,Piezo1,9630020g22|Fam38a|mKIAA0233,piezo-type mechanosensitive ion channel component 1,protein-coding
2988,chr9,80067294,80067656,+,0,NA,"5' UTR (NM_146003, exon 1 of 23)","5' UTR (NM_146003, exon 1 of 23)",572,NM_001311110,215351,,NM_146003,ENSMUSG00000034252,Senp6,2810017C20Rik|E130319N12Rik|Susp1|mKIAA0797,SUMO/sentrin specific peptidase 6,protein-coding
1822,chr3,94363652,94364109,+,0,NA,"exon (NM_001136117, exon 2 of 2)","exon (NM_001136117, exon 2 of 2)",1436,NM_001136117,271944,,NM_001136117,ENSMUSG00000091648,C2cd4d,Gm659,C2 calcium-dependent domain containing 4D,protein-coding
1679,chr2,152227078,152227447,+,0,NA,"intron (NM_007788, intron 1 of 12)",CpG,422,NM_007788,12995,,NM_007788,ENSMUSG00000074698,Csnk2a1,CK II alpha|CK2|Csnk2a1-rs4,"casein kinase 2, alpha 1 polypeptide",protein-coding
840,chr14,16364412,16364984,+,0,NA,promoter-TSS (NM_009409),promoter-TSS (NM_009409),-508,NM_009409,21974,,NM_009409,ENSMUSG00000017485,Top2b,D230016L12Rik|Top-2,topoisomerase (DNA) II beta,protein-coding
2630,chr7,130865836,130866333,+,0,NA,"intron (NM_001382379, intron 1 of 10)",CpG,197,NM_001382375,101476,,NM_133942,ENSMUSG00000040268,Plekha1,C920009D07Rik|TAPP1,"pleckstrin homology domain containing, family A (phosphoinositide binding specific) member 1",protein-coding
1791,chr3,68869845,68870773,+,0,NA,"exon (NM_001167996, exon 1 of 1)","exon (NM_001167996, exon 1 of 1)",723,NM_001167996,68725,,NM_001167996,ENSMUSG00000046999,1110032F04Rik,-,RIKEN cDNA 1110032F04 gene,protein-coding
498,chr11,101665563,101665959,+,0,NA,"intron (NM_025404, intron 1 of 1)",CpG,220,NM_025404,80981,,NM_025404,ENSMUSG00000034936,Arl4d,1110036H21Rik|ARL6|Arf4l|Arfl4|Arl5,ADP-ribosylation factor-like 4D,protein-coding
2550,chr7,65370729,65371635,+,0,NA,promoter-TSS (NM_001163574),promoter-TSS (NM_001163574),62,NM_001163574,21872,,NM_009386,ENSMUSG00000030516,Tjp1,ZO1,tight junction protein 1,protein-coding
220,chr10,42502219,42502621,+,0,NA,"exon (NM_017472, exon 1 of 4)","exon (NM_017472, exon 1 of 4)",366,NM_017472,54198,,NM_017472,ENSMUSG00000019804,Snx3,SDP3,sorting nexin 3,protein-coding
2409,chr6,118455290,118455626,+,0,NA,promoter-TSS (NM_001361901),promoter-TSS (NM_001361901),48,NM_001361899,72720,,NM_028335,ENSMUSG00000030145,Zfp248,2810037F07Rik|E130106N01Rik,zinc finger protein 248,protein-coding
1945,chr4,45826345,45826928,+,0,NA,"exon (NM_018741, exon 1 of 5)","exon (NM_018741, exon 1 of 5)",191,NM_018741,75426,,NM_018741,ENSMUSG00000035551,Igfbpl1,2810011G06Rik|2810453O06Rik|IGFBPL,insulin-like growth factor binding protein-like 1,protein-coding
2235,chr5,114273422,114273916,+,0,NA,promoter-TSS (NM_148935),promoter-TSS (NM_148935),92,NM_148935,116810,,NM_148935,ENSMUSG00000042002,Foxn4,-,forkhead box N4,protein-coding
2085,chr4,137862211,137862707,+,0,NA,"intron (NM_001369179, intron 1 of 18)",CpG,179,NM_001369179,230857,,NM_199307,ENSMUSG00000057530,Ece1,ECE-1|ECE-1a|ECE-1b|ECE-1c1|ECE-1d,endothelin converting enzyme 1,protein-coding
1533,chr2,32352642,32353303,+,0,NA,"intron (NM_001368679, intron 1 of 20)",CpG,357,NM_010065,13429,,NM_010065,ENSMUSG00000026825,Dnm1,Dnm|Ftfl|mKIAA4093,dynamin 1,protein-coding
1989,chr4,99650397,99651287,+,0,NA,Intergenic,Intergenic,-5457,NM_010425,15221,,NM_010425,ENSMUSG00000067261,Foxd3,CWH3|Genesis|Hfh2,forkhead box D3,protein-coding
1652,chr2,131159668,131159924,+,0,NA,"intron (NR_154887, intron 1 of 6)","intron (NR_154887, intron 1 of 6)",285,NM_001311138,67326,,NM_026091,ENSMUSG00000027327,Adissp,1700037H04Rik,adipose secreted signaling protein,protein-coding
425,chr11,76846200,76846757,+,0,NA,"exon (NM_007754, exon 1 of 21)","exon (NM_007754, exon 1 of 21)",530,NM_007754,12874,,NM_007754,ENSMUSG00000020841,Cpd,D830034L15Rik,carboxypeptidase D,protein-coding
902,chr14,57057122,57058077,+,0,NA,"5' UTR (NM_001271623, exon 1 of 2)","5' UTR (NM_001271623, exon 1 of 2)",124,NM_001271623,14611,,NM_016975,ENSMUSG00000048582,Gja3,Cnx46|Cx43|Cx46|Cxnj1|Gja-3,"gap junction protein, alpha 3",protein-coding
2199,chr5,74195284,74196122,+,0,NA,"intron (NM_026878, intron 1 of 3)",CpG,377,NM_026878,68939,,NM_026878,ENSMUSG00000049907,Rasl11b,1190017B18Rik,"RAS-like, family 11, member B",protein-coding
650,chr12,91474113,91474615,+,0,NA,"intron (NM_001113404, intron 1 of 8)",L1Md_T|LINE|L1,73371,NM_011648,22095,,NM_011648,ENSMUSG00000020963,Tshr,hypothroid|hyt|pet,thyroid stimulating hormone receptor,protein-coding